ISO-10303-21;
HEADER;
/* Generated by software containing ST-Developer
 * from STEP Tools, Inc. (www.steptools.com) 
 */

FILE_DESCRIPTION(
/* description */ (''),
/* implementation_level */ '2;1');

FILE_NAME(
/* name */ 'main.stp',
/* time_stamp */ '2025-11-11T23:57:27+01:00',
/* author */ ('User'),
/* organization */ (''),
/* preprocessor_version */ 'ST-DEVELOPER v20',
/* originating_system */ 'Autodesk Inventor 2024',
/* authorisation */ '');

FILE_SCHEMA (('AUTOMOTIVE_DESIGN { 1 0 10303 214 3 1 1 }'));
ENDSEC;

DATA;
#10=MECHANICAL_DESIGN_GEOMETRIC_PRESENTATION_REPRESENTATION('',(#64,#65,
#66,#67,#68,#69,#70),#10466);
#11=CONTEXT_DEPENDENT_OVER_RIDING_STYLED_ITEM('',(#10531),#10494,#70,(#28));
#12=CONTEXT_DEPENDENT_OVER_RIDING_STYLED_ITEM('',(#10531),#10493,#70,(#27));
#13=CONTEXT_DEPENDENT_OVER_RIDING_STYLED_ITEM('',(#10532),#10498,#70,(#31));
#14=CONTEXT_DEPENDENT_OVER_RIDING_STYLED_ITEM('',(#10532),#10498,#70,(#33));
#15=CONTEXT_DEPENDENT_OVER_RIDING_STYLED_ITEM('',(#10531),#10496,#70,(#30));
#16=CONTEXT_DEPENDENT_OVER_RIDING_STYLED_ITEM('',(#10532),#10497,#70,(#32));
#17=CONTEXT_DEPENDENT_OVER_RIDING_STYLED_ITEM('',(#10531),#10495,#70,(#29));
#18=MAPPED_ITEM('',#19,#6652);
#19=REPRESENTATION_MAP(#6652,#10492);
#20=ITEM_DEFINED_TRANSFORMATION($,$,#6219,#6645);
#21=ITEM_DEFINED_TRANSFORMATION($,$,#6339,#6646);
#22=ITEM_DEFINED_TRANSFORMATION($,$,#6419,#6647);
#23=ITEM_DEFINED_TRANSFORMATION($,$,#6502,#6648);
#24=ITEM_DEFINED_TRANSFORMATION($,$,#6603,#6649);
#25=ITEM_DEFINED_TRANSFORMATION($,$,#6562,#6650);
#26=ITEM_DEFINED_TRANSFORMATION($,$,#6603,#6651);
#27=(
REPRESENTATION_RELATIONSHIP($,$,#10493,#10492)
REPRESENTATION_RELATIONSHIP_WITH_TRANSFORMATION(#20)
SHAPE_REPRESENTATION_RELATIONSHIP()
);
#28=(
REPRESENTATION_RELATIONSHIP($,$,#10494,#10492)
REPRESENTATION_RELATIONSHIP_WITH_TRANSFORMATION(#21)
SHAPE_REPRESENTATION_RELATIONSHIP()
);
#29=(
REPRESENTATION_RELATIONSHIP($,$,#10495,#10492)
REPRESENTATION_RELATIONSHIP_WITH_TRANSFORMATION(#22)
SHAPE_REPRESENTATION_RELATIONSHIP()
);
#30=(
REPRESENTATION_RELATIONSHIP($,$,#10496,#10492)
REPRESENTATION_RELATIONSHIP_WITH_TRANSFORMATION(#23)
SHAPE_REPRESENTATION_RELATIONSHIP()
);
#31=(
REPRESENTATION_RELATIONSHIP($,$,#10498,#10492)
REPRESENTATION_RELATIONSHIP_WITH_TRANSFORMATION(#24)
SHAPE_REPRESENTATION_RELATIONSHIP()
);
#32=(
REPRESENTATION_RELATIONSHIP($,$,#10497,#10492)
REPRESENTATION_RELATIONSHIP_WITH_TRANSFORMATION(#25)
SHAPE_REPRESENTATION_RELATIONSHIP()
);
#33=(
REPRESENTATION_RELATIONSHIP($,$,#10498,#10492)
REPRESENTATION_RELATIONSHIP_WITH_TRANSFORMATION(#26)
SHAPE_REPRESENTATION_RELATIONSHIP()
);
#34=CONTEXT_DEPENDENT_SHAPE_REPRESENTATION(#27,#10485);
#35=CONTEXT_DEPENDENT_SHAPE_REPRESENTATION(#28,#10486);
#36=CONTEXT_DEPENDENT_SHAPE_REPRESENTATION(#29,#10487);
#37=CONTEXT_DEPENDENT_SHAPE_REPRESENTATION(#30,#10488);
#38=CONTEXT_DEPENDENT_SHAPE_REPRESENTATION(#31,#10489);
#39=CONTEXT_DEPENDENT_SHAPE_REPRESENTATION(#32,#10490);
#40=CONTEXT_DEPENDENT_SHAPE_REPRESENTATION(#33,#10491);
#41=NEXT_ASSEMBLY_USAGE_OCCURRENCE('rama:1','rama:1','rama:1',#10500,#10501,
'rama:1');
#42=NEXT_ASSEMBLY_USAGE_OCCURRENCE('flor:1','flor:1','flor:1',#10500,#10502,
'flor:1');
#43=NEXT_ASSEMBLY_USAGE_OCCURRENCE('button_bottom:1','button_bottom:1',
'button_bottom:1',#10500,#10503,'button_bottom:1');
#44=NEXT_ASSEMBLY_USAGE_OCCURRENCE('button_top:1','button_top:1',
'button_top:1',#10500,#10504,'button_top:1');
#45=NEXT_ASSEMBLY_USAGE_OCCURRENCE('guzik:1','guzik:1','guzik:1',#10500,
#10506,'guzik:1');
#46=NEXT_ASSEMBLY_USAGE_OCCURRENCE('guzik_szablon:1','guzik_szablon:1',
'guzik_szablon:1',#10500,#10505,'guzik_szablon:1');
#47=NEXT_ASSEMBLY_USAGE_OCCURRENCE('guzik:2','guzik:2','guzik:2',#10500,
#10506,'guzik:2');
#48=GEOMETRICALLY_BOUNDED_WIREFRAME_SHAPE_REPRESENTATION('',(#49),#10461);
#49=GEOMETRIC_CURVE_SET('Szkic7',(#9540));
#50=TOROIDAL_SURFACE('',#6362,7.,1.5);
#51=SHAPE_REPRESENTATION_RELATIONSHIP('SRR','None',#10493,#58);
#52=SHAPE_REPRESENTATION_RELATIONSHIP('SRR','None',#10494,#59);
#53=SHAPE_REPRESENTATION_RELATIONSHIP('SRR','None',#10494,#48);
#54=SHAPE_REPRESENTATION_RELATIONSHIP('SRR','None',#10495,#60);
#55=SHAPE_REPRESENTATION_RELATIONSHIP('SRR','None',#10496,#61);
#56=SHAPE_REPRESENTATION_RELATIONSHIP('SRR','None',#10497,#62);
#57=SHAPE_REPRESENTATION_RELATIONSHIP('SRR','None',#10498,#63);
#58=ADVANCED_BREP_SHAPE_REPRESENTATION('',(#71),#10460);
#59=ADVANCED_BREP_SHAPE_REPRESENTATION('',(#72),#10461);
#60=ADVANCED_BREP_SHAPE_REPRESENTATION('',(#73),#10462);
#61=ADVANCED_BREP_SHAPE_REPRESENTATION('',(#74),#10463);
#62=ADVANCED_BREP_SHAPE_REPRESENTATION('',(#75),#10464);
#63=ADVANCED_BREP_SHAPE_REPRESENTATION('',(#76),#10465);
#64=STYLED_ITEM('',(#10533),#71);
#65=STYLED_ITEM('',(#10533),#72);
#66=STYLED_ITEM('',(#10533),#73);
#67=STYLED_ITEM('',(#10533),#74);
#68=STYLED_ITEM('',(#10533),#75);
#69=STYLED_ITEM('',(#10533),#76);
#70=STYLED_ITEM('',(#10536),#18);
#71=MANIFOLD_SOLID_BREP('Bry\X2\0142\X0\a1',#6100);
#72=MANIFOLD_SOLID_BREP('Bry\X2\0142\X0\a1',#6101);
#73=MANIFOLD_SOLID_BREP('Bry\X2\0142\X0\a1',#6102);
#74=MANIFOLD_SOLID_BREP('Bry\X2\0142\X0\a1',#6103);
#75=MANIFOLD_SOLID_BREP('Bry\X2\0142\X0\a1',#6104);
#76=MANIFOLD_SOLID_BREP('Bry\X2\0142\X0\a1',#6105);
#77=B_SPLINE_CURVE_WITH_KNOTS('',2,(#8296,#8297,#8298,#8299),
 .UNSPECIFIED.,.F.,.F.,(3,1,3),(0.,1.,2.),.UNSPECIFIED.);
#78=B_SPLINE_CURVE_WITH_KNOTS('',2,(#8303,#8304,#8305,#8306),
 .UNSPECIFIED.,.F.,.F.,(3,1,3),(0.,1.,2.),.UNSPECIFIED.);
#79=B_SPLINE_CURVE_WITH_KNOTS('',2,(#8317,#8318,#8319,#8320),
 .UNSPECIFIED.,.F.,.F.,(3,1,3),(0.,1.,2.),.UNSPECIFIED.);
#80=B_SPLINE_CURVE_WITH_KNOTS('',2,(#8323,#8324,#8325,#8326),
 .UNSPECIFIED.,.F.,.F.,(3,1,3),(0.,1.,2.),.UNSPECIFIED.);
#81=B_SPLINE_CURVE_WITH_KNOTS('',2,(#8336,#8337,#8338,#8339),
 .UNSPECIFIED.,.F.,.F.,(3,1,3),(0.,1.,2.),.UNSPECIFIED.);
#82=B_SPLINE_CURVE_WITH_KNOTS('',2,(#8342,#8343,#8344,#8345),
 .UNSPECIFIED.,.F.,.F.,(3,1,3),(0.,1.,2.),.UNSPECIFIED.);
#83=B_SPLINE_CURVE_WITH_KNOTS('',2,(#8355,#8356,#8357,#8358),
 .UNSPECIFIED.,.F.,.F.,(3,1,3),(0.,1.,2.),.UNSPECIFIED.);
#84=B_SPLINE_CURVE_WITH_KNOTS('',2,(#8361,#8362,#8363,#8364),
 .UNSPECIFIED.,.F.,.F.,(3,1,3),(0.,1.,2.),.UNSPECIFIED.);
#85=B_SPLINE_CURVE_WITH_KNOTS('',2,(#8374,#8375,#8376,#8377),
 .UNSPECIFIED.,.F.,.F.,(3,1,3),(0.,1.,2.),.UNSPECIFIED.);
#86=B_SPLINE_CURVE_WITH_KNOTS('',2,(#8380,#8381,#8382,#8383),
 .UNSPECIFIED.,.F.,.F.,(3,1,3),(0.,1.,2.),.UNSPECIFIED.);
#87=B_SPLINE_CURVE_WITH_KNOTS('',2,(#8393,#8394,#8395,#8396),
 .UNSPECIFIED.,.F.,.F.,(3,1,3),(0.,1.,2.),.UNSPECIFIED.);
#88=B_SPLINE_CURVE_WITH_KNOTS('',2,(#8399,#8400,#8401,#8402),
 .UNSPECIFIED.,.F.,.F.,(3,1,3),(0.,1.,2.),.UNSPECIFIED.);
#89=B_SPLINE_CURVE_WITH_KNOTS('',2,(#8412,#8413,#8414,#8415),
 .UNSPECIFIED.,.F.,.F.,(3,1,3),(0.,1.,2.),.UNSPECIFIED.);
#90=B_SPLINE_CURVE_WITH_KNOTS('',2,(#8418,#8419,#8420,#8421),
 .UNSPECIFIED.,.F.,.F.,(3,1,3),(0.,1.,2.),.UNSPECIFIED.);
#91=B_SPLINE_CURVE_WITH_KNOTS('',2,(#8443,#8444,#8445,#8446),
 .UNSPECIFIED.,.F.,.F.,(3,1,3),(0.,1.,2.),.UNSPECIFIED.);
#92=B_SPLINE_CURVE_WITH_KNOTS('',2,(#8449,#8450,#8451,#8452),
 .UNSPECIFIED.,.F.,.F.,(3,1,3),(0.,1.,2.),.UNSPECIFIED.);
#93=B_SPLINE_CURVE_WITH_KNOTS('',2,(#8462,#8463,#8464,#8465),
 .UNSPECIFIED.,.F.,.F.,(3,1,3),(0.,1.,2.),.UNSPECIFIED.);
#94=B_SPLINE_CURVE_WITH_KNOTS('',2,(#8468,#8469,#8470,#8471),
 .UNSPECIFIED.,.F.,.F.,(3,1,3),(0.,1.,2.),.UNSPECIFIED.);
#95=B_SPLINE_CURVE_WITH_KNOTS('',2,(#8481,#8482,#8483,#8484),
 .UNSPECIFIED.,.F.,.F.,(3,1,3),(0.,1.,2.),.UNSPECIFIED.);
#96=B_SPLINE_CURVE_WITH_KNOTS('',2,(#8487,#8488,#8489,#8490),
 .UNSPECIFIED.,.F.,.F.,(3,1,3),(0.,1.,2.),.UNSPECIFIED.);
#97=B_SPLINE_CURVE_WITH_KNOTS('',2,(#8500,#8501,#8502,#8503),
 .UNSPECIFIED.,.F.,.F.,(3,1,3),(0.,1.,2.),.UNSPECIFIED.);
#98=B_SPLINE_CURVE_WITH_KNOTS('',2,(#8506,#8507,#8508,#8509),
 .UNSPECIFIED.,.F.,.F.,(3,1,3),(0.,1.,2.),.UNSPECIFIED.);
#99=B_SPLINE_CURVE_WITH_KNOTS('',2,(#8519,#8520,#8521,#8522),
 .UNSPECIFIED.,.F.,.F.,(3,1,3),(0.,1.,2.),.UNSPECIFIED.);
#100=B_SPLINE_CURVE_WITH_KNOTS('',2,(#8525,#8526,#8527,#8528),
 .UNSPECIFIED.,.F.,.F.,(3,1,3),(0.,1.,2.),.UNSPECIFIED.);
#101=B_SPLINE_CURVE_WITH_KNOTS('',2,(#8538,#8539,#8540,#8541),
 .UNSPECIFIED.,.F.,.F.,(3,1,3),(0.,1.,2.),.UNSPECIFIED.);
#102=B_SPLINE_CURVE_WITH_KNOTS('',2,(#8544,#8545,#8546,#8547),
 .UNSPECIFIED.,.F.,.F.,(3,1,3),(0.,1.,2.),.UNSPECIFIED.);
#103=B_SPLINE_CURVE_WITH_KNOTS('',2,(#8557,#8558,#8559,#8560),
 .UNSPECIFIED.,.F.,.F.,(3,1,3),(0.,1.,2.),.UNSPECIFIED.);
#104=B_SPLINE_CURVE_WITH_KNOTS('',2,(#8563,#8564,#8565,#8566),
 .UNSPECIFIED.,.F.,.F.,(3,1,3),(0.,1.,2.),.UNSPECIFIED.);
#105=B_SPLINE_CURVE_WITH_KNOTS('',2,(#8576,#8577,#8578,#8579),
 .UNSPECIFIED.,.F.,.F.,(3,1,3),(0.,1.,2.),.UNSPECIFIED.);
#106=B_SPLINE_CURVE_WITH_KNOTS('',2,(#8582,#8583,#8584,#8585),
 .UNSPECIFIED.,.F.,.F.,(3,1,3),(0.,1.,2.),.UNSPECIFIED.);
#107=B_SPLINE_CURVE_WITH_KNOTS('',2,(#8606,#8607,#8608,#8609),
 .UNSPECIFIED.,.F.,.F.,(3,1,3),(0.,1.,2.),.UNSPECIFIED.);
#108=B_SPLINE_CURVE_WITH_KNOTS('',2,(#8610,#8611,#8612,#8613),
 .UNSPECIFIED.,.F.,.F.,(3,1,3),(0.,1.,2.),.UNSPECIFIED.);
#109=B_SPLINE_CURVE_WITH_KNOTS('',2,(#8625,#8626,#8627,#8628),
 .UNSPECIFIED.,.F.,.F.,(3,1,3),(0.,1.,2.),.UNSPECIFIED.);
#110=B_SPLINE_CURVE_WITH_KNOTS('',2,(#8632,#8633,#8634,#8635),
 .UNSPECIFIED.,.F.,.F.,(3,1,3),(0.,1.,2.),.UNSPECIFIED.);
#111=B_SPLINE_CURVE_WITH_KNOTS('',2,(#8664,#8665,#8666,#8667),
 .UNSPECIFIED.,.F.,.F.,(3,1,3),(0.,1.,2.),.UNSPECIFIED.);
#112=B_SPLINE_CURVE_WITH_KNOTS('',2,(#8669,#8670,#8671,#8672),
 .UNSPECIFIED.,.F.,.F.,(3,1,3),(0.,1.,2.),.UNSPECIFIED.);
#113=B_SPLINE_CURVE_WITH_KNOTS('',2,(#8683,#8684,#8685,#8686),
 .UNSPECIFIED.,.F.,.F.,(3,1,3),(0.,1.,2.),.UNSPECIFIED.);
#114=B_SPLINE_CURVE_WITH_KNOTS('',2,(#8688,#8689,#8690,#8691),
 .UNSPECIFIED.,.F.,.F.,(3,1,3),(0.,1.,2.),.UNSPECIFIED.);
#115=B_SPLINE_CURVE_WITH_KNOTS('',2,(#8701,#8702,#8703,#8704),
 .UNSPECIFIED.,.F.,.F.,(3,1,3),(0.,1.,2.),.UNSPECIFIED.);
#116=B_SPLINE_CURVE_WITH_KNOTS('',2,(#8705,#8706,#8707,#8708),
 .UNSPECIFIED.,.F.,.F.,(3,1,3),(0.,1.,2.),.UNSPECIFIED.);
#117=B_SPLINE_CURVE_WITH_KNOTS('',2,(#8719,#8720,#8721,#8722),
 .UNSPECIFIED.,.F.,.F.,(3,1,3),(0.,1.,2.),.UNSPECIFIED.);
#118=B_SPLINE_CURVE_WITH_KNOTS('',2,(#8726,#8727,#8728,#8729),
 .UNSPECIFIED.,.F.,.F.,(3,1,3),(0.,1.,2.),.UNSPECIFIED.);
#119=B_SPLINE_CURVE_WITH_KNOTS('',2,(#8758,#8759,#8760,#8761),
 .UNSPECIFIED.,.F.,.F.,(3,1,3),(0.,1.,2.),.UNSPECIFIED.);
#120=B_SPLINE_CURVE_WITH_KNOTS('',2,(#8763,#8764,#8765,#8766),
 .UNSPECIFIED.,.F.,.F.,(3,1,3),(0.,1.,2.),.UNSPECIFIED.);
#121=B_SPLINE_CURVE_WITH_KNOTS('',2,(#8777,#8778,#8779,#8780),
 .UNSPECIFIED.,.F.,.F.,(3,1,3),(0.,1.,2.),.UNSPECIFIED.);
#122=B_SPLINE_CURVE_WITH_KNOTS('',2,(#8782,#8783,#8784,#8785),
 .UNSPECIFIED.,.F.,.F.,(3,1,3),(0.,1.,2.),.UNSPECIFIED.);
#123=B_SPLINE_CURVE_WITH_KNOTS('',2,(#8795,#8796,#8797,#8798),
 .UNSPECIFIED.,.F.,.F.,(3,1,3),(0.,1.,2.),.UNSPECIFIED.);
#124=B_SPLINE_CURVE_WITH_KNOTS('',2,(#8799,#8800,#8801,#8802),
 .UNSPECIFIED.,.F.,.F.,(3,1,3),(0.,1.,2.),.UNSPECIFIED.);
#125=B_SPLINE_CURVE_WITH_KNOTS('',2,(#8813,#8814,#8815,#8816),
 .UNSPECIFIED.,.F.,.F.,(3,1,3),(0.,1.,2.),.UNSPECIFIED.);
#126=B_SPLINE_CURVE_WITH_KNOTS('',2,(#8820,#8821,#8822,#8823),
 .UNSPECIFIED.,.F.,.F.,(3,1,3),(0.,1.,2.),.UNSPECIFIED.);
#127=B_SPLINE_CURVE_WITH_KNOTS('',2,(#8840,#8841,#8842,#8843),
 .UNSPECIFIED.,.F.,.F.,(3,1,3),(0.,1.,2.),.UNSPECIFIED.);
#128=B_SPLINE_CURVE_WITH_KNOTS('',2,(#8846,#8847,#8848,#8849),
 .UNSPECIFIED.,.F.,.F.,(3,1,3),(0.,1.,2.),.UNSPECIFIED.);
#129=B_SPLINE_CURVE_WITH_KNOTS('',2,(#8859,#8860,#8861,#8862),
 .UNSPECIFIED.,.F.,.F.,(3,1,3),(0.,1.,2.),.UNSPECIFIED.);
#130=B_SPLINE_CURVE_WITH_KNOTS('',2,(#8865,#8866,#8867,#8868),
 .UNSPECIFIED.,.F.,.F.,(3,1,3),(0.,1.,2.),.UNSPECIFIED.);
#131=B_SPLINE_CURVE_WITH_KNOTS('',2,(#8878,#8879,#8880,#8881),
 .UNSPECIFIED.,.F.,.F.,(3,1,3),(0.,1.,2.),.UNSPECIFIED.);
#132=B_SPLINE_CURVE_WITH_KNOTS('',2,(#8884,#8885,#8886,#8887),
 .UNSPECIFIED.,.F.,.F.,(3,1,3),(0.,1.,2.),.UNSPECIFIED.);
#133=B_SPLINE_CURVE_WITH_KNOTS('',2,(#8915,#8916,#8917,#8918),
 .UNSPECIFIED.,.F.,.F.,(3,1,3),(0.,1.,2.),.UNSPECIFIED.);
#134=B_SPLINE_CURVE_WITH_KNOTS('',2,(#8921,#8922,#8923,#8924),
 .UNSPECIFIED.,.F.,.F.,(3,1,3),(0.,1.,2.),.UNSPECIFIED.);
#135=B_SPLINE_CURVE_WITH_KNOTS('',2,(#8933,#8934,#8935,#8936),
 .UNSPECIFIED.,.F.,.F.,(3,1,3),(0.,1.,2.),.UNSPECIFIED.);
#136=B_SPLINE_CURVE_WITH_KNOTS('',2,(#8937,#8938,#8939,#8940),
 .UNSPECIFIED.,.F.,.F.,(3,1,3),(0.,1.,2.),.UNSPECIFIED.);
#137=B_SPLINE_CURVE_WITH_KNOTS('',3,(#9193,#9194,#9195,#9196,#9197,#9198,
#9199,#9200),.UNSPECIFIED.,.F.,.F.,(4,1,1,1,1,4),(-6.28318530717959,-5.83438635666676,
-5.38558740615393,-4.48798950512828,-3.59039160410262,-3.14160105141044),
 .UNSPECIFIED.);
#138=B_SPLINE_CURVE_WITH_KNOTS('',3,(#9201,#9202,#9203,#9204,#9205,#9206,
#9207,#9208),.UNSPECIFIED.,.F.,.F.,(4,1,1,1,1,4),(-3.14160105141044,-2.69279370307697,
-1.79519580205131,-0.897597901025655,-0.448798950512828,0.),
 .UNSPECIFIED.);
#139=B_SPLINE_CURVE_WITH_KNOTS('',3,(#9212,#9213,#9214,#9215,#9216,#9217,
#9218,#9219),.UNSPECIFIED.,.F.,.F.,(4,1,1,1,1,4),(-6.28318530717959,-5.83438635666676,
-5.38558740615393,-4.48798950512828,-3.59039160410262,-3.14160105141044),
 .UNSPECIFIED.);
#140=B_SPLINE_CURVE_WITH_KNOTS('',3,(#9220,#9221,#9222,#9223,#9224,#9225,
#9226,#9227),.UNSPECIFIED.,.F.,.F.,(4,1,1,1,1,4),(-3.14160105141044,-2.69279370307697,
-1.79519580205131,-0.897597901025655,-0.448798950512828,0.),
 .UNSPECIFIED.);
#141=B_SPLINE_CURVE_WITH_KNOTS('',3,(#9290,#9291,#9292,#9293,#9294,#9295,
#9296,#9297,#9298,#9299,#9300,#9301),.UNSPECIFIED.,.T.,.F.,(4,1,1,1,1,1,
1,1,1,4),(0.,0.448798950512828,0.897597901025655,1.79519580205131,2.69279370307697,
3.59039160410262,4.48798950512828,5.38558740615393,5.83438635666676,6.28318530717959),
 .UNSPECIFIED.);
#142=B_SPLINE_CURVE_WITH_KNOTS('',3,(#9364,#9365,#9366,#9367,#9368,#9369,
#9370,#9371,#9372,#9373,#9374,#9375),.UNSPECIFIED.,.T.,.F.,(4,1,1,1,1,1,
1,1,1,4),(0.,0.448798950512828,0.897597901025655,1.79519580205131,2.69279370307697,
3.59039160410262,4.48798950512828,5.38558740615393,5.83438635666676,6.28318530717959),
 .UNSPECIFIED.);
#143=B_SPLINE_SURFACE_WITH_KNOTS('',2,1,((#8286,#8287),(#8288,#8289),(#8290,
#8291),(#8292,#8293)),.UNSPECIFIED.,.F.,.F.,.F.,(3,1,3),(2,2),(0.,1.,2.),
(0.,0.04),.UNSPECIFIED.);
#144=B_SPLINE_SURFACE_WITH_KNOTS('',2,1,((#8308,#8309),(#8310,#8311),(#8312,
#8313),(#8314,#8315)),.UNSPECIFIED.,.F.,.F.,.F.,(3,1,3),(2,2),(0.,1.,2.),
(0.,0.04),.UNSPECIFIED.);
#145=B_SPLINE_SURFACE_WITH_KNOTS('',2,1,((#8327,#8328),(#8329,#8330),(#8331,
#8332),(#8333,#8334)),.UNSPECIFIED.,.F.,.F.,.F.,(3,1,3),(2,2),(0.,1.,2.),
(0.,0.04),.UNSPECIFIED.);
#146=B_SPLINE_SURFACE_WITH_KNOTS('',2,1,((#8346,#8347),(#8348,#8349),(#8350,
#8351),(#8352,#8353)),.UNSPECIFIED.,.F.,.F.,.F.,(3,1,3),(2,2),(0.,1.,2.),
(0.,0.04),.UNSPECIFIED.);
#147=B_SPLINE_SURFACE_WITH_KNOTS('',2,1,((#8365,#8366),(#8367,#8368),(#8369,
#8370),(#8371,#8372)),.UNSPECIFIED.,.F.,.F.,.F.,(3,1,3),(2,2),(0.,1.,2.),
(0.,0.04),.UNSPECIFIED.);
#148=B_SPLINE_SURFACE_WITH_KNOTS('',2,1,((#8384,#8385),(#8386,#8387),(#8388,
#8389),(#8390,#8391)),.UNSPECIFIED.,.F.,.F.,.F.,(3,1,3),(2,2),(0.,1.,2.),
(0.,0.04),.UNSPECIFIED.);
#149=B_SPLINE_SURFACE_WITH_KNOTS('',2,1,((#8403,#8404),(#8405,#8406),(#8407,
#8408),(#8409,#8410)),.UNSPECIFIED.,.F.,.F.,.F.,(3,1,3),(2,2),(0.,1.,2.),
(0.,0.04),.UNSPECIFIED.);
#150=B_SPLINE_SURFACE_WITH_KNOTS('',2,1,((#8434,#8435),(#8436,#8437),(#8438,
#8439),(#8440,#8441)),.UNSPECIFIED.,.F.,.F.,.F.,(3,1,3),(2,2),(0.,1.,2.),
(0.,0.04),.UNSPECIFIED.);
#151=B_SPLINE_SURFACE_WITH_KNOTS('',2,1,((#8453,#8454),(#8455,#8456),(#8457,
#8458),(#8459,#8460)),.UNSPECIFIED.,.F.,.F.,.F.,(3,1,3),(2,2),(0.,1.,2.),
(0.,0.04),.UNSPECIFIED.);
#152=B_SPLINE_SURFACE_WITH_KNOTS('',2,1,((#8472,#8473),(#8474,#8475),(#8476,
#8477),(#8478,#8479)),.UNSPECIFIED.,.F.,.F.,.F.,(3,1,3),(2,2),(0.,1.,2.),
(0.,0.04),.UNSPECIFIED.);
#153=B_SPLINE_SURFACE_WITH_KNOTS('',2,1,((#8491,#8492),(#8493,#8494),(#8495,
#8496),(#8497,#8498)),.UNSPECIFIED.,.F.,.F.,.F.,(3,1,3),(2,2),(0.,1.,2.),
(0.,0.04),.UNSPECIFIED.);
#154=B_SPLINE_SURFACE_WITH_KNOTS('',2,1,((#8510,#8511),(#8512,#8513),(#8514,
#8515),(#8516,#8517)),.UNSPECIFIED.,.F.,.F.,.F.,(3,1,3),(2,2),(0.,1.,2.),
(0.,0.04),.UNSPECIFIED.);
#155=B_SPLINE_SURFACE_WITH_KNOTS('',2,1,((#8529,#8530),(#8531,#8532),(#8533,
#8534),(#8535,#8536)),.UNSPECIFIED.,.F.,.F.,.F.,(3,1,3),(2,2),(0.,1.,2.),
(0.,0.04),.UNSPECIFIED.);
#156=B_SPLINE_SURFACE_WITH_KNOTS('',2,1,((#8548,#8549),(#8550,#8551),(#8552,
#8553),(#8554,#8555)),.UNSPECIFIED.,.F.,.F.,.F.,(3,1,3),(2,2),(0.,1.,2.),
(0.,0.04),.UNSPECIFIED.);
#157=B_SPLINE_SURFACE_WITH_KNOTS('',2,1,((#8567,#8568),(#8569,#8570),(#8571,
#8572),(#8573,#8574)),.UNSPECIFIED.,.F.,.F.,.F.,(3,1,3),(2,2),(0.,1.,2.),
(0.,0.04),.UNSPECIFIED.);
#158=B_SPLINE_SURFACE_WITH_KNOTS('',2,1,((#8598,#8599),(#8600,#8601),(#8602,
#8603),(#8604,#8605)),.UNSPECIFIED.,.F.,.F.,.F.,(3,1,3),(2,2),(0.,1.,2.),
(0.,0.04),.UNSPECIFIED.);
#159=B_SPLINE_SURFACE_WITH_KNOTS('',2,1,((#8615,#8616),(#8617,#8618),(#8619,
#8620),(#8621,#8622)),.UNSPECIFIED.,.F.,.F.,.F.,(3,1,3),(2,2),(-2.,-1.,
0.),(0.,0.04),.UNSPECIFIED.);
#160=B_SPLINE_SURFACE_WITH_KNOTS('',2,1,((#8655,#8656),(#8657,#8658),(#8659,
#8660),(#8661,#8662)),.UNSPECIFIED.,.F.,.F.,.F.,(3,1,3),(2,2),(-2.,-1.,
0.),(0.,0.04),.UNSPECIFIED.);
#161=B_SPLINE_SURFACE_WITH_KNOTS('',2,1,((#8674,#8675),(#8676,#8677),(#8678,
#8679),(#8680,#8681)),.UNSPECIFIED.,.F.,.F.,.F.,(3,1,3),(2,2),(-2.,-1.,
0.),(0.,0.04),.UNSPECIFIED.);
#162=B_SPLINE_SURFACE_WITH_KNOTS('',2,1,((#8693,#8694),(#8695,#8696),(#8697,
#8698),(#8699,#8700)),.UNSPECIFIED.,.F.,.F.,.F.,(3,1,3),(2,2),(-2.,-1.,
0.),(0.,0.04),.UNSPECIFIED.);
#163=B_SPLINE_SURFACE_WITH_KNOTS('',2,1,((#8709,#8710),(#8711,#8712),(#8713,
#8714),(#8715,#8716)),.UNSPECIFIED.,.F.,.F.,.F.,(3,1,3),(2,2),(-2.,-1.,
0.),(0.,0.04),.UNSPECIFIED.);
#164=B_SPLINE_SURFACE_WITH_KNOTS('',2,1,((#8749,#8750),(#8751,#8752),(#8753,
#8754),(#8755,#8756)),.UNSPECIFIED.,.F.,.F.,.F.,(3,1,3),(2,2),(-2.,-1.,
0.),(0.,0.04),.UNSPECIFIED.);
#165=B_SPLINE_SURFACE_WITH_KNOTS('',2,1,((#8768,#8769),(#8770,#8771),(#8772,
#8773),(#8774,#8775)),.UNSPECIFIED.,.F.,.F.,.F.,(3,1,3),(2,2),(-2.,-1.,
0.),(0.,0.04),.UNSPECIFIED.);
#166=B_SPLINE_SURFACE_WITH_KNOTS('',2,1,((#8787,#8788),(#8789,#8790),(#8791,
#8792),(#8793,#8794)),.UNSPECIFIED.,.F.,.F.,.F.,(3,1,3),(2,2),(-2.,-1.,
0.),(0.,0.04),.UNSPECIFIED.);
#167=B_SPLINE_SURFACE_WITH_KNOTS('',2,1,((#8803,#8804),(#8805,#8806),(#8807,
#8808),(#8809,#8810)),.UNSPECIFIED.,.F.,.F.,.F.,(3,1,3),(2,2),(0.,1.,2.),
(0.,0.04),.UNSPECIFIED.);
#168=B_SPLINE_SURFACE_WITH_KNOTS('',2,1,((#8831,#8832),(#8833,#8834),(#8835,
#8836),(#8837,#8838)),.UNSPECIFIED.,.F.,.F.,.F.,(3,1,3),(2,2),(0.,1.,2.),
(0.,0.04),.UNSPECIFIED.);
#169=B_SPLINE_SURFACE_WITH_KNOTS('',2,1,((#8850,#8851),(#8852,#8853),(#8854,
#8855),(#8856,#8857)),.UNSPECIFIED.,.F.,.F.,.F.,(3,1,3),(2,2),(0.,1.,2.),
(0.,0.04),.UNSPECIFIED.);
#170=B_SPLINE_SURFACE_WITH_KNOTS('',2,1,((#8869,#8870),(#8871,#8872),(#8873,
#8874),(#8875,#8876)),.UNSPECIFIED.,.F.,.F.,.F.,(3,1,3),(2,2),(0.,1.,2.),
(0.,0.04),.UNSPECIFIED.);
#171=B_SPLINE_SURFACE_WITH_KNOTS('',2,1,((#8906,#8907),(#8908,#8909),(#8910,
#8911),(#8912,#8913)),.UNSPECIFIED.,.F.,.F.,.F.,(3,1,3),(2,2),(0.,1.,2.),
(0.,0.04),.UNSPECIFIED.);
#172=B_SPLINE_SURFACE_WITH_KNOTS('',2,1,((#8925,#8926),(#8927,#8928),(#8929,
#8930),(#8931,#8932)),.UNSPECIFIED.,.F.,.F.,.F.,(3,1,3),(2,2),(0.,1.,2.),
(0.,0.04),.UNSPECIFIED.);
#173=B_SPLINE_SURFACE_WITH_KNOTS('',3,3,((#9228,#9229,#9230,#9231,#9232,
#9233,#9234,#9235,#9236,#9237,#9238,#9239),(#9240,#9241,#9242,#9243,#9244,
#9245,#9246,#9247,#9248,#9249,#9250,#9251),(#9252,#9253,#9254,#9255,#9256,
#9257,#9258,#9259,#9260,#9261,#9262,#9263),(#9264,#9265,#9266,#9267,#9268,
#9269,#9270,#9271,#9272,#9273,#9274,#9275),(#9276,#9277,#9278,#9279,#9280,
#9281,#9282,#9283,#9284,#9285,#9286,#9287)),.UNSPECIFIED.,.F.,.T.,.F.,(4,
1,4),(4,1,1,1,1,1,1,1,1,4),(0.,0.571428571428571,1.),(-6.28318530717959,
-5.83438635666676,-5.38558740615393,-4.48798950512828,-3.59039160410262,
-2.69279370307697,-1.79519580205131,-0.897597901025655,-0.448798950512828,
0.),.UNSPECIFIED.);
#174=B_SPLINE_SURFACE_WITH_KNOTS('',3,3,((#9302,#9303,#9304,#9305,#9306,
#9307,#9308,#9309,#9310,#9311,#9312,#9313),(#9314,#9315,#9316,#9317,#9318,
#9319,#9320,#9321,#9322,#9323,#9324,#9325),(#9326,#9327,#9328,#9329,#9330,
#9331,#9332,#9333,#9334,#9335,#9336,#9337),(#9338,#9339,#9340,#9341,#9342,
#9343,#9344,#9345,#9346,#9347,#9348,#9349),(#9350,#9351,#9352,#9353,#9354,
#9355,#9356,#9357,#9358,#9359,#9360,#9361)),.UNSPECIFIED.,.F.,.T.,.F.,(4,
1,4),(4,1,1,1,1,1,1,1,1,4),(0.,0.571428571428571,1.),(-6.28318530717959,
-5.83438635666676,-5.38558740615393,-4.48798950512828,-3.59039160410262,
-2.69279370307697,-1.79519580205131,-0.897597901025655,-0.448798950512828,
0.),.UNSPECIFIED.);
#175=CIRCLE('',#6229,2.);
#176=CIRCLE('',#6230,2.);
#177=CIRCLE('',#6232,1.7);
#178=CIRCLE('',#6234,2.);
#179=CIRCLE('',#6235,2.);
#180=CIRCLE('',#6237,1.7);
#181=CIRCLE('',#6239,2.);
#182=CIRCLE('',#6240,2.);
#183=CIRCLE('',#6242,1.7);
#184=CIRCLE('',#6244,2.);
#185=CIRCLE('',#6245,2.);
#186=CIRCLE('',#6247,1.7);
#187=CIRCLE('',#6249,2.05);
#188=CIRCLE('',#6250,2.05);
#189=CIRCLE('',#6252,1.7);
#190=CIRCLE('',#6254,2.05);
#191=CIRCLE('',#6255,2.05);
#192=CIRCLE('',#6257,1.7);
#193=CIRCLE('',#6259,2.05);
#194=CIRCLE('',#6260,2.05);
#195=CIRCLE('',#6262,1.7);
#196=CIRCLE('',#6264,2.05);
#197=CIRCLE('',#6265,2.05);
#198=CIRCLE('',#6267,1.7);
#199=CIRCLE('',#6295,6.);
#200=CIRCLE('',#6296,6.);
#201=CIRCLE('',#6297,6.);
#202=CIRCLE('',#6298,6.);
#203=CIRCLE('',#6301,6.);
#204=CIRCLE('',#6305,6.);
#205=CIRCLE('',#6307,6.);
#206=CIRCLE('',#6310,6.);
#207=CIRCLE('',#6318,1.4);
#208=CIRCLE('',#6319,1.4);
#209=CIRCLE('',#6322,1.4);
#210=CIRCLE('',#6324,1.4);
#211=CIRCLE('',#6341,2.1);
#212=CIRCLE('',#6342,2.1);
#213=CIRCLE('',#6344,1.7);
#214=CIRCLE('',#6346,2.1);
#215=CIRCLE('',#6347,2.1);
#216=CIRCLE('',#6349,1.7);
#217=CIRCLE('',#6351,2.1);
#218=CIRCLE('',#6352,2.1);
#219=CIRCLE('',#6354,1.7);
#220=CIRCLE('',#6356,2.1);
#221=CIRCLE('',#6357,2.1);
#222=CIRCLE('',#6359,1.7);
#223=CIRCLE('',#6361,1.25);
#224=CIRCLE('',#6363,5.5);
#225=CIRCLE('',#6364,0.499999999999998);
#226=CIRCLE('',#6365,0.499999999999998);
#227=CIRCLE('',#6368,1.7);
#228=CIRCLE('',#6370,1.7);
#229=CIRCLE('',#6372,1.7);
#230=CIRCLE('',#6374,1.7);
#231=CIRCLE('',#6377,6.);
#232=CIRCLE('',#6378,6.);
#233=CIRCLE('',#6381,6.);
#234=CIRCLE('',#6382,6.);
#235=CIRCLE('',#6385,6.);
#236=CIRCLE('',#6386,6.);
#237=CIRCLE('',#6389,6.);
#238=CIRCLE('',#6390,6.);
#239=CIRCLE('',#6397,1.25);
#240=CIRCLE('',#6399,1.25);
#241=CIRCLE('',#6401,1.25);
#242=CIRCLE('',#6411,1.25);
#243=CIRCLE('',#6413,1.25);
#244=CIRCLE('',#6415,1.25);
#245=CIRCLE('',#6417,1.25);
#246=CIRCLE('',#6422,6.);
#247=CIRCLE('',#6423,5.99999999999969);
#248=CIRCLE('',#6426,6.);
#249=CIRCLE('',#6427,5.99999999999969);
#250=CIRCLE('',#6429,5.99999999999969);
#251=CIRCLE('',#6430,5.99999999999969);
#252=CIRCLE('',#6431,6.);
#253=CIRCLE('',#6432,6.);
#254=CIRCLE('',#6433,3.);
#255=CIRCLE('',#6435,2.1);
#256=CIRCLE('',#6436,2.1);
#257=CIRCLE('',#6438,1.7);
#258=CIRCLE('',#6440,2.1);
#259=CIRCLE('',#6441,2.1);
#260=CIRCLE('',#6443,1.7);
#261=CIRCLE('',#6445,2.1);
#262=CIRCLE('',#6446,2.1);
#263=CIRCLE('',#6448,1.7);
#264=CIRCLE('',#6450,2.1);
#265=CIRCLE('',#6451,2.1);
#266=CIRCLE('',#6453,1.7);
#267=CIRCLE('',#6455,1.7);
#268=CIRCLE('',#6457,1.7);
#269=CIRCLE('',#6459,1.7);
#270=CIRCLE('',#6461,1.7);
#271=CIRCLE('',#6463,3.);
#272=CIRCLE('',#6465,6.);
#273=CIRCLE('',#6468,6.);
#274=CIRCLE('',#6469,6.);
#275=CIRCLE('',#6470,6.);
#276=CIRCLE('',#6527,1.75);
#277=CIRCLE('',#6528,1.75);
#278=CIRCLE('',#6567,5.3);
#279=CIRCLE('',#6568,5.3);
#280=CIRCLE('',#6571,5.3);
#281=CIRCLE('',#6572,5.3);
#282=CIRCLE('',#6579,1.75);
#283=CIRCLE('',#6580,1.75);
#284=CIRCLE('',#6582,1.75);
#285=CIRCLE('',#6583,1.75);
#286=CIRCLE('',#6587,1.75);
#287=CIRCLE('',#6594,1.75);
#288=CIRCLE('',#6611,5.76);
#289=CIRCLE('',#6612,5.76);
#290=CIRCLE('',#6615,5.76);
#291=CIRCLE('',#6616,5.76);
#292=CIRCLE('',#6621,1.75);
#293=CIRCLE('',#6622,1.75);
#294=CIRCLE('',#6624,1.75);
#295=CIRCLE('',#6625,1.75);
#296=CIRCLE('',#6629,1.75);
#297=CIRCLE('',#6636,1.75);
#298=CYLINDRICAL_SURFACE('',#6228,2.);
#299=CYLINDRICAL_SURFACE('',#6233,2.);
#300=CYLINDRICAL_SURFACE('',#6238,2.);
#301=CYLINDRICAL_SURFACE('',#6243,2.);
#302=CYLINDRICAL_SURFACE('',#6248,2.05);
#303=CYLINDRICAL_SURFACE('',#6253,2.05);
#304=CYLINDRICAL_SURFACE('',#6258,2.05);
#305=CYLINDRICAL_SURFACE('',#6263,2.05);
#306=CYLINDRICAL_SURFACE('',#6300,6.);
#307=CYLINDRICAL_SURFACE('',#6304,6.);
#308=CYLINDRICAL_SURFACE('',#6306,6.);
#309=CYLINDRICAL_SURFACE('',#6309,6.);
#310=CYLINDRICAL_SURFACE('',#6311,1.7);
#311=CYLINDRICAL_SURFACE('',#6312,1.7);
#312=CYLINDRICAL_SURFACE('',#6313,1.7);
#313=CYLINDRICAL_SURFACE('',#6314,1.7);
#314=CYLINDRICAL_SURFACE('',#6321,1.4);
#315=CYLINDRICAL_SURFACE('',#6323,1.4);
#316=CYLINDRICAL_SURFACE('',#6340,2.1);
#317=CYLINDRICAL_SURFACE('',#6345,2.1);
#318=CYLINDRICAL_SURFACE('',#6350,2.1);
#319=CYLINDRICAL_SURFACE('',#6355,2.1);
#320=CYLINDRICAL_SURFACE('',#6367,1.7);
#321=CYLINDRICAL_SURFACE('',#6369,1.7);
#322=CYLINDRICAL_SURFACE('',#6371,1.7);
#323=CYLINDRICAL_SURFACE('',#6373,1.7);
#324=CYLINDRICAL_SURFACE('',#6376,6.);
#325=CYLINDRICAL_SURFACE('',#6380,6.);
#326=CYLINDRICAL_SURFACE('',#6384,6.);
#327=CYLINDRICAL_SURFACE('',#6388,6.);
#328=CYLINDRICAL_SURFACE('',#6410,1.25);
#329=CYLINDRICAL_SURFACE('',#6412,1.25);
#330=CYLINDRICAL_SURFACE('',#6414,1.25);
#331=CYLINDRICAL_SURFACE('',#6418,1.25);
#332=CYLINDRICAL_SURFACE('',#6434,2.1);
#333=CYLINDRICAL_SURFACE('',#6439,2.1);
#334=CYLINDRICAL_SURFACE('',#6444,2.1);
#335=CYLINDRICAL_SURFACE('',#6449,2.1);
#336=CYLINDRICAL_SURFACE('',#6462,3.);
#337=CYLINDRICAL_SURFACE('',#6464,6.);
#338=CYLINDRICAL_SURFACE('',#6472,6.);
#339=CYLINDRICAL_SURFACE('',#6474,6.);
#340=CYLINDRICAL_SURFACE('',#6476,6.);
#341=CYLINDRICAL_SURFACE('',#6477,1.7);
#342=CYLINDRICAL_SURFACE('',#6478,1.7);
#343=CYLINDRICAL_SURFACE('',#6479,1.7);
#344=CYLINDRICAL_SURFACE('',#6480,1.7);
#345=CYLINDRICAL_SURFACE('',#6526,1.75);
#346=CYLINDRICAL_SURFACE('',#6566,5.3);
#347=CYLINDRICAL_SURFACE('',#6570,5.3);
#348=CYLINDRICAL_SURFACE('',#6578,1.75);
#349=CYLINDRICAL_SURFACE('',#6581,1.75);
#350=CYLINDRICAL_SURFACE('',#6593,1.75);
#351=CYLINDRICAL_SURFACE('',#6610,5.76);
#352=CYLINDRICAL_SURFACE('',#6614,5.76);
#353=CYLINDRICAL_SURFACE('',#6620,1.75);
#354=CYLINDRICAL_SURFACE('',#6623,1.75);
#355=CYLINDRICAL_SURFACE('',#6635,1.75);
#356=FACE_BOUND('',#788,.T.);
#357=FACE_BOUND('',#791,.T.);
#358=FACE_BOUND('',#794,.T.);
#359=FACE_BOUND('',#797,.T.);
#360=FACE_BOUND('',#800,.T.);
#361=FACE_BOUND('',#803,.T.);
#362=FACE_BOUND('',#806,.T.);
#363=FACE_BOUND('',#809,.T.);
#364=FACE_BOUND('',#812,.T.);
#365=FACE_BOUND('',#859,.T.);
#366=FACE_BOUND('',#860,.T.);
#367=FACE_BOUND('',#872,.T.);
#368=FACE_BOUND('',#873,.T.);
#369=FACE_BOUND('',#874,.T.);
#370=FACE_BOUND('',#875,.T.);
#371=FACE_BOUND('',#876,.T.);
#372=FACE_BOUND('',#877,.T.);
#373=FACE_BOUND('',#878,.T.);
#374=FACE_BOUND('',#879,.T.);
#375=FACE_BOUND('',#884,.T.);
#376=FACE_BOUND('',#895,.T.);
#377=FACE_BOUND('',#896,.T.);
#378=FACE_BOUND('',#897,.T.);
#379=FACE_BOUND('',#898,.T.);
#380=FACE_BOUND('',#899,.T.);
#381=FACE_BOUND('',#901,.T.);
#382=FACE_BOUND('',#915,.T.);
#383=FACE_BOUND('',#922,.T.);
#384=FACE_BOUND('',#925,.T.);
#385=FACE_BOUND('',#928,.T.);
#386=FACE_BOUND('',#931,.T.);
#387=FACE_BOUND('',#946,.T.);
#388=FACE_BOUND('',#947,.T.);
#389=FACE_BOUND('',#952,.T.);
#390=FACE_BOUND('',#953,.T.);
#391=FACE_BOUND('',#954,.T.);
#392=FACE_BOUND('',#955,.T.);
#393=FACE_BOUND('',#956,.T.);
#394=FACE_BOUND('',#961,.T.);
#395=FACE_BOUND('',#962,.T.);
#396=FACE_BOUND('',#963,.T.);
#397=FACE_BOUND('',#964,.T.);
#398=FACE_BOUND('',#965,.T.);
#399=FACE_BOUND('',#981,.T.);
#400=FACE_BOUND('',#982,.T.);
#401=FACE_BOUND('',#983,.T.);
#402=FACE_BOUND('',#984,.T.);
#403=FACE_BOUND('',#985,.T.);
#404=FACE_BOUND('',#992,.T.);
#405=FACE_BOUND('',#993,.T.);
#406=FACE_BOUND('',#994,.T.);
#407=FACE_BOUND('',#995,.T.);
#408=FACE_BOUND('',#998,.T.);
#409=FACE_BOUND('',#1001,.T.);
#410=FACE_BOUND('',#1004,.T.);
#411=FACE_BOUND('',#1007,.T.);
#412=FACE_BOUND('',#1016,.T.);
#413=FACE_BOUND('',#1017,.T.);
#414=FACE_BOUND('',#1018,.T.);
#415=FACE_BOUND('',#1019,.T.);
#416=FACE_BOUND('',#1020,.T.);
#417=FACE_BOUND('',#1021,.T.);
#418=FACE_BOUND('',#1022,.T.);
#419=FACE_BOUND('',#1023,.T.);
#420=FACE_BOUND('',#1024,.T.);
#421=FACE_BOUND('',#1025,.T.);
#422=FACE_BOUND('',#1026,.T.);
#423=FACE_BOUND('',#1106,.T.);
#424=FACE_BOUND('',#1109,.T.);
#425=FACE_BOUND('',#1110,.T.);
#426=FACE_BOUND('',#1112,.T.);
#427=FACE_BOUND('',#1113,.T.);
#428=FACE_BOUND('',#1119,.T.);
#429=FACE_BOUND('',#1120,.T.);
#430=FACE_BOUND('',#1121,.T.);
#431=FACE_BOUND('',#1122,.T.);
#432=FACE_BOUND('',#1123,.T.);
#433=FACE_BOUND('',#1125,.T.);
#434=FACE_BOUND('',#1126,.T.);
#435=FACE_BOUND('',#1127,.T.);
#436=FACE_BOUND('',#1144,.T.);
#437=FACE_BOUND('',#1145,.T.);
#438=FACE_BOUND('',#1146,.T.);
#439=FACE_BOUND('',#1159,.T.);
#440=FACE_BOUND('',#1160,.T.);
#441=FACE_BOUND('',#1163,.T.);
#442=FACE_BOUND('',#1164,.T.);
#443=FACE_BOUND('',#1165,.T.);
#444=FACE_BOUND('',#1183,.T.);
#445=FACE_BOUND('',#1184,.T.);
#446=FACE_BOUND('',#1185,.T.);
#447=FACE_BOUND('',#1198,.T.);
#448=FACE_BOUND('',#1201,.T.);
#449=FACE_BOUND('',#1202,.T.);
#450=FACE_BOUND('',#1203,.T.);
#451=FACE_OUTER_BOUND('',#780,.T.);
#452=FACE_OUTER_BOUND('',#781,.T.);
#453=FACE_OUTER_BOUND('',#782,.T.);
#454=FACE_OUTER_BOUND('',#783,.T.);
#455=FACE_OUTER_BOUND('',#784,.T.);
#456=FACE_OUTER_BOUND('',#785,.T.);
#457=FACE_OUTER_BOUND('',#786,.T.);
#458=FACE_OUTER_BOUND('',#787,.T.);
#459=FACE_OUTER_BOUND('',#789,.T.);
#460=FACE_OUTER_BOUND('',#790,.T.);
#461=FACE_OUTER_BOUND('',#792,.T.);
#462=FACE_OUTER_BOUND('',#793,.T.);
#463=FACE_OUTER_BOUND('',#795,.T.);
#464=FACE_OUTER_BOUND('',#796,.T.);
#465=FACE_OUTER_BOUND('',#798,.T.);
#466=FACE_OUTER_BOUND('',#799,.T.);
#467=FACE_OUTER_BOUND('',#801,.T.);
#468=FACE_OUTER_BOUND('',#802,.T.);
#469=FACE_OUTER_BOUND('',#804,.T.);
#470=FACE_OUTER_BOUND('',#805,.T.);
#471=FACE_OUTER_BOUND('',#807,.T.);
#472=FACE_OUTER_BOUND('',#808,.T.);
#473=FACE_OUTER_BOUND('',#810,.T.);
#474=FACE_OUTER_BOUND('',#811,.T.);
#475=FACE_OUTER_BOUND('',#813,.T.);
#476=FACE_OUTER_BOUND('',#814,.T.);
#477=FACE_OUTER_BOUND('',#815,.T.);
#478=FACE_OUTER_BOUND('',#816,.T.);
#479=FACE_OUTER_BOUND('',#817,.T.);
#480=FACE_OUTER_BOUND('',#818,.T.);
#481=FACE_OUTER_BOUND('',#819,.T.);
#482=FACE_OUTER_BOUND('',#820,.T.);
#483=FACE_OUTER_BOUND('',#821,.T.);
#484=FACE_OUTER_BOUND('',#822,.T.);
#485=FACE_OUTER_BOUND('',#823,.T.);
#486=FACE_OUTER_BOUND('',#824,.T.);
#487=FACE_OUTER_BOUND('',#825,.T.);
#488=FACE_OUTER_BOUND('',#826,.T.);
#489=FACE_OUTER_BOUND('',#827,.T.);
#490=FACE_OUTER_BOUND('',#828,.T.);
#491=FACE_OUTER_BOUND('',#829,.T.);
#492=FACE_OUTER_BOUND('',#830,.T.);
#493=FACE_OUTER_BOUND('',#831,.T.);
#494=FACE_OUTER_BOUND('',#832,.T.);
#495=FACE_OUTER_BOUND('',#833,.T.);
#496=FACE_OUTER_BOUND('',#834,.T.);
#497=FACE_OUTER_BOUND('',#835,.T.);
#498=FACE_OUTER_BOUND('',#836,.T.);
#499=FACE_OUTER_BOUND('',#837,.T.);
#500=FACE_OUTER_BOUND('',#838,.T.);
#501=FACE_OUTER_BOUND('',#839,.T.);
#502=FACE_OUTER_BOUND('',#840,.T.);
#503=FACE_OUTER_BOUND('',#841,.T.);
#504=FACE_OUTER_BOUND('',#842,.T.);
#505=FACE_OUTER_BOUND('',#843,.T.);
#506=FACE_OUTER_BOUND('',#844,.T.);
#507=FACE_OUTER_BOUND('',#845,.T.);
#508=FACE_OUTER_BOUND('',#846,.T.);
#509=FACE_OUTER_BOUND('',#847,.T.);
#510=FACE_OUTER_BOUND('',#848,.T.);
#511=FACE_OUTER_BOUND('',#849,.T.);
#512=FACE_OUTER_BOUND('',#850,.T.);
#513=FACE_OUTER_BOUND('',#851,.T.);
#514=FACE_OUTER_BOUND('',#852,.T.);
#515=FACE_OUTER_BOUND('',#853,.T.);
#516=FACE_OUTER_BOUND('',#854,.T.);
#517=FACE_OUTER_BOUND('',#855,.T.);
#518=FACE_OUTER_BOUND('',#856,.T.);
#519=FACE_OUTER_BOUND('',#857,.T.);
#520=FACE_OUTER_BOUND('',#858,.T.);
#521=FACE_OUTER_BOUND('',#861,.T.);
#522=FACE_OUTER_BOUND('',#862,.T.);
#523=FACE_OUTER_BOUND('',#863,.T.);
#524=FACE_OUTER_BOUND('',#864,.T.);
#525=FACE_OUTER_BOUND('',#865,.T.);
#526=FACE_OUTER_BOUND('',#866,.T.);
#527=FACE_OUTER_BOUND('',#867,.T.);
#528=FACE_OUTER_BOUND('',#868,.T.);
#529=FACE_OUTER_BOUND('',#869,.T.);
#530=FACE_OUTER_BOUND('',#870,.T.);
#531=FACE_OUTER_BOUND('',#871,.T.);
#532=FACE_OUTER_BOUND('',#880,.T.);
#533=FACE_OUTER_BOUND('',#881,.T.);
#534=FACE_OUTER_BOUND('',#882,.T.);
#535=FACE_OUTER_BOUND('',#883,.T.);
#536=FACE_OUTER_BOUND('',#885,.T.);
#537=FACE_OUTER_BOUND('',#886,.T.);
#538=FACE_OUTER_BOUND('',#887,.T.);
#539=FACE_OUTER_BOUND('',#888,.T.);
#540=FACE_OUTER_BOUND('',#889,.T.);
#541=FACE_OUTER_BOUND('',#890,.T.);
#542=FACE_OUTER_BOUND('',#891,.T.);
#543=FACE_OUTER_BOUND('',#892,.T.);
#544=FACE_OUTER_BOUND('',#893,.T.);
#545=FACE_OUTER_BOUND('',#894,.T.);
#546=FACE_OUTER_BOUND('',#900,.T.);
#547=FACE_OUTER_BOUND('',#902,.T.);
#548=FACE_OUTER_BOUND('',#903,.T.);
#549=FACE_OUTER_BOUND('',#904,.T.);
#550=FACE_OUTER_BOUND('',#905,.T.);
#551=FACE_OUTER_BOUND('',#906,.T.);
#552=FACE_OUTER_BOUND('',#907,.T.);
#553=FACE_OUTER_BOUND('',#908,.T.);
#554=FACE_OUTER_BOUND('',#909,.T.);
#555=FACE_OUTER_BOUND('',#910,.T.);
#556=FACE_OUTER_BOUND('',#911,.T.);
#557=FACE_OUTER_BOUND('',#912,.T.);
#558=FACE_OUTER_BOUND('',#913,.T.);
#559=FACE_OUTER_BOUND('',#914,.T.);
#560=FACE_OUTER_BOUND('',#916,.T.);
#561=FACE_OUTER_BOUND('',#917,.T.);
#562=FACE_OUTER_BOUND('',#918,.T.);
#563=FACE_OUTER_BOUND('',#919,.T.);
#564=FACE_OUTER_BOUND('',#920,.T.);
#565=FACE_OUTER_BOUND('',#921,.T.);
#566=FACE_OUTER_BOUND('',#923,.T.);
#567=FACE_OUTER_BOUND('',#924,.T.);
#568=FACE_OUTER_BOUND('',#926,.T.);
#569=FACE_OUTER_BOUND('',#927,.T.);
#570=FACE_OUTER_BOUND('',#929,.T.);
#571=FACE_OUTER_BOUND('',#930,.T.);
#572=FACE_OUTER_BOUND('',#932,.T.);
#573=FACE_OUTER_BOUND('',#933,.T.);
#574=FACE_OUTER_BOUND('',#934,.T.);
#575=FACE_OUTER_BOUND('',#935,.T.);
#576=FACE_OUTER_BOUND('',#936,.T.);
#577=FACE_OUTER_BOUND('',#937,.T.);
#578=FACE_OUTER_BOUND('',#938,.T.);
#579=FACE_OUTER_BOUND('',#939,.T.);
#580=FACE_OUTER_BOUND('',#940,.T.);
#581=FACE_OUTER_BOUND('',#941,.T.);
#582=FACE_OUTER_BOUND('',#942,.T.);
#583=FACE_OUTER_BOUND('',#943,.T.);
#584=FACE_OUTER_BOUND('',#944,.T.);
#585=FACE_OUTER_BOUND('',#945,.T.);
#586=FACE_OUTER_BOUND('',#948,.T.);
#587=FACE_OUTER_BOUND('',#949,.T.);
#588=FACE_OUTER_BOUND('',#950,.T.);
#589=FACE_OUTER_BOUND('',#951,.T.);
#590=FACE_OUTER_BOUND('',#957,.T.);
#591=FACE_OUTER_BOUND('',#958,.T.);
#592=FACE_OUTER_BOUND('',#959,.T.);
#593=FACE_OUTER_BOUND('',#960,.T.);
#594=FACE_OUTER_BOUND('',#966,.T.);
#595=FACE_OUTER_BOUND('',#967,.T.);
#596=FACE_OUTER_BOUND('',#968,.T.);
#597=FACE_OUTER_BOUND('',#969,.T.);
#598=FACE_OUTER_BOUND('',#970,.T.);
#599=FACE_OUTER_BOUND('',#971,.T.);
#600=FACE_OUTER_BOUND('',#972,.T.);
#601=FACE_OUTER_BOUND('',#973,.T.);
#602=FACE_OUTER_BOUND('',#974,.T.);
#603=FACE_OUTER_BOUND('',#975,.T.);
#604=FACE_OUTER_BOUND('',#976,.T.);
#605=FACE_OUTER_BOUND('',#977,.T.);
#606=FACE_OUTER_BOUND('',#978,.T.);
#607=FACE_OUTER_BOUND('',#979,.T.);
#608=FACE_OUTER_BOUND('',#980,.T.);
#609=FACE_OUTER_BOUND('',#986,.T.);
#610=FACE_OUTER_BOUND('',#987,.T.);
#611=FACE_OUTER_BOUND('',#988,.T.);
#612=FACE_OUTER_BOUND('',#989,.T.);
#613=FACE_OUTER_BOUND('',#990,.T.);
#614=FACE_OUTER_BOUND('',#991,.T.);
#615=FACE_OUTER_BOUND('',#996,.T.);
#616=FACE_OUTER_BOUND('',#997,.T.);
#617=FACE_OUTER_BOUND('',#999,.T.);
#618=FACE_OUTER_BOUND('',#1000,.T.);
#619=FACE_OUTER_BOUND('',#1002,.T.);
#620=FACE_OUTER_BOUND('',#1003,.T.);
#621=FACE_OUTER_BOUND('',#1005,.T.);
#622=FACE_OUTER_BOUND('',#1006,.T.);
#623=FACE_OUTER_BOUND('',#1008,.T.);
#624=FACE_OUTER_BOUND('',#1009,.T.);
#625=FACE_OUTER_BOUND('',#1010,.T.);
#626=FACE_OUTER_BOUND('',#1011,.T.);
#627=FACE_OUTER_BOUND('',#1012,.T.);
#628=FACE_OUTER_BOUND('',#1013,.T.);
#629=FACE_OUTER_BOUND('',#1014,.T.);
#630=FACE_OUTER_BOUND('',#1015,.T.);
#631=FACE_OUTER_BOUND('',#1027,.T.);
#632=FACE_OUTER_BOUND('',#1028,.T.);
#633=FACE_OUTER_BOUND('',#1029,.T.);
#634=FACE_OUTER_BOUND('',#1030,.T.);
#635=FACE_OUTER_BOUND('',#1031,.T.);
#636=FACE_OUTER_BOUND('',#1032,.T.);
#637=FACE_OUTER_BOUND('',#1033,.T.);
#638=FACE_OUTER_BOUND('',#1034,.T.);
#639=FACE_OUTER_BOUND('',#1035,.T.);
#640=FACE_OUTER_BOUND('',#1036,.T.);
#641=FACE_OUTER_BOUND('',#1037,.T.);
#642=FACE_OUTER_BOUND('',#1038,.T.);
#643=FACE_OUTER_BOUND('',#1039,.T.);
#644=FACE_OUTER_BOUND('',#1040,.T.);
#645=FACE_OUTER_BOUND('',#1041,.T.);
#646=FACE_OUTER_BOUND('',#1042,.T.);
#647=FACE_OUTER_BOUND('',#1043,.T.);
#648=FACE_OUTER_BOUND('',#1044,.T.);
#649=FACE_OUTER_BOUND('',#1045,.T.);
#650=FACE_OUTER_BOUND('',#1046,.T.);
#651=FACE_OUTER_BOUND('',#1047,.T.);
#652=FACE_OUTER_BOUND('',#1048,.T.);
#653=FACE_OUTER_BOUND('',#1049,.T.);
#654=FACE_OUTER_BOUND('',#1050,.T.);
#655=FACE_OUTER_BOUND('',#1051,.T.);
#656=FACE_OUTER_BOUND('',#1052,.T.);
#657=FACE_OUTER_BOUND('',#1053,.T.);
#658=FACE_OUTER_BOUND('',#1054,.T.);
#659=FACE_OUTER_BOUND('',#1055,.T.);
#660=FACE_OUTER_BOUND('',#1056,.T.);
#661=FACE_OUTER_BOUND('',#1057,.T.);
#662=FACE_OUTER_BOUND('',#1058,.T.);
#663=FACE_OUTER_BOUND('',#1059,.T.);
#664=FACE_OUTER_BOUND('',#1060,.T.);
#665=FACE_OUTER_BOUND('',#1061,.T.);
#666=FACE_OUTER_BOUND('',#1062,.T.);
#667=FACE_OUTER_BOUND('',#1063,.T.);
#668=FACE_OUTER_BOUND('',#1064,.T.);
#669=FACE_OUTER_BOUND('',#1065,.T.);
#670=FACE_OUTER_BOUND('',#1066,.T.);
#671=FACE_OUTER_BOUND('',#1067,.T.);
#672=FACE_OUTER_BOUND('',#1068,.T.);
#673=FACE_OUTER_BOUND('',#1069,.T.);
#674=FACE_OUTER_BOUND('',#1070,.T.);
#675=FACE_OUTER_BOUND('',#1071,.T.);
#676=FACE_OUTER_BOUND('',#1072,.T.);
#677=FACE_OUTER_BOUND('',#1073,.T.);
#678=FACE_OUTER_BOUND('',#1074,.T.);
#679=FACE_OUTER_BOUND('',#1075,.T.);
#680=FACE_OUTER_BOUND('',#1076,.T.);
#681=FACE_OUTER_BOUND('',#1077,.T.);
#682=FACE_OUTER_BOUND('',#1078,.T.);
#683=FACE_OUTER_BOUND('',#1079,.T.);
#684=FACE_OUTER_BOUND('',#1080,.T.);
#685=FACE_OUTER_BOUND('',#1081,.T.);
#686=FACE_OUTER_BOUND('',#1082,.T.);
#687=FACE_OUTER_BOUND('',#1083,.T.);
#688=FACE_OUTER_BOUND('',#1084,.T.);
#689=FACE_OUTER_BOUND('',#1085,.T.);
#690=FACE_OUTER_BOUND('',#1086,.T.);
#691=FACE_OUTER_BOUND('',#1087,.T.);
#692=FACE_OUTER_BOUND('',#1088,.T.);
#693=FACE_OUTER_BOUND('',#1089,.T.);
#694=FACE_OUTER_BOUND('',#1090,.T.);
#695=FACE_OUTER_BOUND('',#1091,.T.);
#696=FACE_OUTER_BOUND('',#1092,.T.);
#697=FACE_OUTER_BOUND('',#1093,.T.);
#698=FACE_OUTER_BOUND('',#1094,.T.);
#699=FACE_OUTER_BOUND('',#1095,.T.);
#700=FACE_OUTER_BOUND('',#1096,.T.);
#701=FACE_OUTER_BOUND('',#1097,.T.);
#702=FACE_OUTER_BOUND('',#1098,.T.);
#703=FACE_OUTER_BOUND('',#1099,.T.);
#704=FACE_OUTER_BOUND('',#1100,.T.);
#705=FACE_OUTER_BOUND('',#1101,.T.);
#706=FACE_OUTER_BOUND('',#1102,.T.);
#707=FACE_OUTER_BOUND('',#1103,.T.);
#708=FACE_OUTER_BOUND('',#1104,.T.);
#709=FACE_OUTER_BOUND('',#1105,.T.);
#710=FACE_OUTER_BOUND('',#1107,.T.);
#711=FACE_OUTER_BOUND('',#1108,.T.);
#712=FACE_OUTER_BOUND('',#1111,.T.);
#713=FACE_OUTER_BOUND('',#1114,.T.);
#714=FACE_OUTER_BOUND('',#1115,.T.);
#715=FACE_OUTER_BOUND('',#1116,.T.);
#716=FACE_OUTER_BOUND('',#1117,.T.);
#717=FACE_OUTER_BOUND('',#1118,.T.);
#718=FACE_OUTER_BOUND('',#1124,.T.);
#719=FACE_OUTER_BOUND('',#1128,.T.);
#720=FACE_OUTER_BOUND('',#1129,.T.);
#721=FACE_OUTER_BOUND('',#1130,.T.);
#722=FACE_OUTER_BOUND('',#1131,.T.);
#723=FACE_OUTER_BOUND('',#1132,.T.);
#724=FACE_OUTER_BOUND('',#1133,.T.);
#725=FACE_OUTER_BOUND('',#1134,.T.);
#726=FACE_OUTER_BOUND('',#1135,.T.);
#727=FACE_OUTER_BOUND('',#1136,.T.);
#728=FACE_OUTER_BOUND('',#1137,.T.);
#729=FACE_OUTER_BOUND('',#1138,.T.);
#730=FACE_OUTER_BOUND('',#1139,.T.);
#731=FACE_OUTER_BOUND('',#1140,.T.);
#732=FACE_OUTER_BOUND('',#1141,.T.);
#733=FACE_OUTER_BOUND('',#1142,.T.);
#734=FACE_OUTER_BOUND('',#1143,.T.);
#735=FACE_OUTER_BOUND('',#1147,.T.);
#736=FACE_OUTER_BOUND('',#1148,.T.);
#737=FACE_OUTER_BOUND('',#1149,.T.);
#738=FACE_OUTER_BOUND('',#1150,.T.);
#739=FACE_OUTER_BOUND('',#1151,.T.);
#740=FACE_OUTER_BOUND('',#1152,.T.);
#741=FACE_OUTER_BOUND('',#1153,.T.);
#742=FACE_OUTER_BOUND('',#1154,.T.);
#743=FACE_OUTER_BOUND('',#1155,.T.);
#744=FACE_OUTER_BOUND('',#1156,.T.);
#745=FACE_OUTER_BOUND('',#1157,.T.);
#746=FACE_OUTER_BOUND('',#1158,.T.);
#747=FACE_OUTER_BOUND('',#1161,.T.);
#748=FACE_OUTER_BOUND('',#1162,.T.);
#749=FACE_OUTER_BOUND('',#1166,.T.);
#750=FACE_OUTER_BOUND('',#1167,.T.);
#751=FACE_OUTER_BOUND('',#1168,.T.);
#752=FACE_OUTER_BOUND('',#1169,.T.);
#753=FACE_OUTER_BOUND('',#1170,.T.);
#754=FACE_OUTER_BOUND('',#1171,.T.);
#755=FACE_OUTER_BOUND('',#1172,.T.);
#756=FACE_OUTER_BOUND('',#1173,.T.);
#757=FACE_OUTER_BOUND('',#1174,.T.);
#758=FACE_OUTER_BOUND('',#1175,.T.);
#759=FACE_OUTER_BOUND('',#1176,.T.);
#760=FACE_OUTER_BOUND('',#1177,.T.);
#761=FACE_OUTER_BOUND('',#1178,.T.);
#762=FACE_OUTER_BOUND('',#1179,.T.);
#763=FACE_OUTER_BOUND('',#1180,.T.);
#764=FACE_OUTER_BOUND('',#1181,.T.);
#765=FACE_OUTER_BOUND('',#1182,.T.);
#766=FACE_OUTER_BOUND('',#1186,.T.);
#767=FACE_OUTER_BOUND('',#1187,.T.);
#768=FACE_OUTER_BOUND('',#1188,.T.);
#769=FACE_OUTER_BOUND('',#1189,.T.);
#770=FACE_OUTER_BOUND('',#1190,.T.);
#771=FACE_OUTER_BOUND('',#1191,.T.);
#772=FACE_OUTER_BOUND('',#1192,.T.);
#773=FACE_OUTER_BOUND('',#1193,.T.);
#774=FACE_OUTER_BOUND('',#1194,.T.);
#775=FACE_OUTER_BOUND('',#1195,.T.);
#776=FACE_OUTER_BOUND('',#1196,.T.);
#777=FACE_OUTER_BOUND('',#1197,.T.);
#778=FACE_OUTER_BOUND('',#1199,.T.);
#779=FACE_OUTER_BOUND('',#1200,.T.);
#780=EDGE_LOOP('',(#3871,#3872,#3873,#3874));
#781=EDGE_LOOP('',(#3875,#3876,#3877,#3878));
#782=EDGE_LOOP('',(#3879,#3880,#3881,#3882));
#783=EDGE_LOOP('',(#3883,#3884,#3885,#3886));
#784=EDGE_LOOP('',(#3887,#3888,#3889,#3890));
#785=EDGE_LOOP('',(#3891,#3892,#3893,#3894));
#786=EDGE_LOOP('',(#3895,#3896,#3897,#3898));
#787=EDGE_LOOP('',(#3899,#3900,#3901,#3902));
#788=EDGE_LOOP('',(#3903,#3904,#3905,#3906));
#789=EDGE_LOOP('',(#3907,#3908,#3909,#3910));
#790=EDGE_LOOP('',(#3911));
#791=EDGE_LOOP('',(#3912));
#792=EDGE_LOOP('',(#3913,#3914,#3915,#3916));
#793=EDGE_LOOP('',(#3917));
#794=EDGE_LOOP('',(#3918));
#795=EDGE_LOOP('',(#3919,#3920,#3921,#3922));
#796=EDGE_LOOP('',(#3923));
#797=EDGE_LOOP('',(#3924));
#798=EDGE_LOOP('',(#3925,#3926,#3927,#3928));
#799=EDGE_LOOP('',(#3929));
#800=EDGE_LOOP('',(#3930));
#801=EDGE_LOOP('',(#3931,#3932,#3933,#3934));
#802=EDGE_LOOP('',(#3935));
#803=EDGE_LOOP('',(#3936));
#804=EDGE_LOOP('',(#3937,#3938,#3939,#3940));
#805=EDGE_LOOP('',(#3941));
#806=EDGE_LOOP('',(#3942));
#807=EDGE_LOOP('',(#3943,#3944,#3945,#3946));
#808=EDGE_LOOP('',(#3947));
#809=EDGE_LOOP('',(#3948));
#810=EDGE_LOOP('',(#3949,#3950,#3951,#3952));
#811=EDGE_LOOP('',(#3953));
#812=EDGE_LOOP('',(#3954));
#813=EDGE_LOOP('',(#3955,#3956,#3957,#3958));
#814=EDGE_LOOP('',(#3959,#3960,#3961,#3962));
#815=EDGE_LOOP('',(#3963,#3964,#3965,#3966));
#816=EDGE_LOOP('',(#3967,#3968,#3969,#3970));
#817=EDGE_LOOP('',(#3971,#3972,#3973,#3974));
#818=EDGE_LOOP('',(#3975,#3976,#3977,#3978));
#819=EDGE_LOOP('',(#3979,#3980,#3981,#3982));
#820=EDGE_LOOP('',(#3983,#3984,#3985,#3986));
#821=EDGE_LOOP('',(#3987,#3988,#3989,#3990));
#822=EDGE_LOOP('',(#3991,#3992,#3993,#3994));
#823=EDGE_LOOP('',(#3995,#3996,#3997,#3998));
#824=EDGE_LOOP('',(#3999,#4000,#4001,#4002));
#825=EDGE_LOOP('',(#4003,#4004,#4005,#4006));
#826=EDGE_LOOP('',(#4007,#4008,#4009,#4010));
#827=EDGE_LOOP('',(#4011,#4012,#4013,#4014));
#828=EDGE_LOOP('',(#4015,#4016,#4017,#4018));
#829=EDGE_LOOP('',(#4019,#4020,#4021,#4022));
#830=EDGE_LOOP('',(#4023,#4024,#4025,#4026));
#831=EDGE_LOOP('',(#4027,#4028,#4029,#4030));
#832=EDGE_LOOP('',(#4031,#4032,#4033,#4034));
#833=EDGE_LOOP('',(#4035,#4036,#4037,#4038,#4039,#4040,#4041,#4042,#4043,
#4044,#4045,#4046,#4047,#4048,#4049,#4050,#4051,#4052,#4053,#4054));
#834=EDGE_LOOP('',(#4055,#4056,#4057,#4058));
#835=EDGE_LOOP('',(#4059,#4060,#4061,#4062));
#836=EDGE_LOOP('',(#4063,#4064,#4065,#4066));
#837=EDGE_LOOP('',(#4067,#4068,#4069,#4070));
#838=EDGE_LOOP('',(#4071,#4072,#4073,#4074));
#839=EDGE_LOOP('',(#4075,#4076,#4077,#4078));
#840=EDGE_LOOP('',(#4079,#4080,#4081,#4082));
#841=EDGE_LOOP('',(#4083,#4084,#4085,#4086));
#842=EDGE_LOOP('',(#4087,#4088,#4089,#4090));
#843=EDGE_LOOP('',(#4091,#4092,#4093,#4094));
#844=EDGE_LOOP('',(#4095,#4096,#4097,#4098));
#845=EDGE_LOOP('',(#4099,#4100,#4101,#4102));
#846=EDGE_LOOP('',(#4103,#4104,#4105,#4106));
#847=EDGE_LOOP('',(#4107,#4108,#4109,#4110));
#848=EDGE_LOOP('',(#4111,#4112,#4113,#4114));
#849=EDGE_LOOP('',(#4115,#4116,#4117,#4118));
#850=EDGE_LOOP('',(#4119,#4120,#4121,#4122));
#851=EDGE_LOOP('',(#4123,#4124,#4125,#4126));
#852=EDGE_LOOP('',(#4127,#4128,#4129,#4130));
#853=EDGE_LOOP('',(#4131,#4132,#4133,#4134));
#854=EDGE_LOOP('',(#4135,#4136,#4137,#4138));
#855=EDGE_LOOP('',(#4139,#4140,#4141,#4142));
#856=EDGE_LOOP('',(#4143,#4144,#4145,#4146));
#857=EDGE_LOOP('',(#4147,#4148,#4149,#4150));
#858=EDGE_LOOP('',(#4151,#4152,#4153,#4154,#4155,#4156,#4157,#4158,#4159,
#4160));
#859=EDGE_LOOP('',(#4161,#4162,#4163,#4164,#4165,#4166,#4167));
#860=EDGE_LOOP('',(#4168,#4169,#4170,#4171,#4172,#4173,#4174));
#861=EDGE_LOOP('',(#4175,#4176,#4177,#4178));
#862=EDGE_LOOP('',(#4179,#4180,#4181,#4182));
#863=EDGE_LOOP('',(#4183,#4184,#4185,#4186));
#864=EDGE_LOOP('',(#4187,#4188,#4189,#4190));
#865=EDGE_LOOP('',(#4191,#4192,#4193,#4194));
#866=EDGE_LOOP('',(#4195,#4196,#4197,#4198));
#867=EDGE_LOOP('',(#4199,#4200,#4201,#4202));
#868=EDGE_LOOP('',(#4203,#4204,#4205,#4206));
#869=EDGE_LOOP('',(#4207,#4208,#4209,#4210));
#870=EDGE_LOOP('',(#4211,#4212,#4213,#4214));
#871=EDGE_LOOP('',(#4215,#4216,#4217,#4218,#4219,#4220,#4221,#4222));
#872=EDGE_LOOP('',(#4223));
#873=EDGE_LOOP('',(#4224));
#874=EDGE_LOOP('',(#4225));
#875=EDGE_LOOP('',(#4226));
#876=EDGE_LOOP('',(#4227,#4228,#4229,#4230,#4231,#4232,#4233,#4234,#4235,
#4236,#4237,#4238,#4239,#4240,#4241,#4242,#4243,#4244,#4245,#4246));
#877=EDGE_LOOP('',(#4247,#4248,#4249,#4250,#4251,#4252,#4253,#4254,#4255,
#4256));
#878=EDGE_LOOP('',(#4257,#4258,#4259,#4260));
#879=EDGE_LOOP('',(#4261,#4262,#4263,#4264));
#880=EDGE_LOOP('',(#4265,#4266,#4267,#4268,#4269,#4270,#4271));
#881=EDGE_LOOP('',(#4272,#4273,#4274,#4275));
#882=EDGE_LOOP('',(#4276,#4277,#4278,#4279,#4280,#4281,#4282));
#883=EDGE_LOOP('',(#4283,#4284,#4285,#4286));
#884=EDGE_LOOP('',(#4287,#4288,#4289,#4290));
#885=EDGE_LOOP('',(#4291,#4292,#4293,#4294));
#886=EDGE_LOOP('',(#4295,#4296,#4297,#4298));
#887=EDGE_LOOP('',(#4299,#4300,#4301,#4302));
#888=EDGE_LOOP('',(#4303,#4304,#4305,#4306));
#889=EDGE_LOOP('',(#4307,#4308,#4309,#4310));
#890=EDGE_LOOP('',(#4311,#4312,#4313,#4314));
#891=EDGE_LOOP('',(#4315,#4316,#4317,#4318));
#892=EDGE_LOOP('',(#4319,#4320,#4321,#4322));
#893=EDGE_LOOP('',(#4323,#4324,#4325,#4326));
#894=EDGE_LOOP('',(#4327,#4328,#4329,#4330,#4331,#4332,#4333,#4334));
#895=EDGE_LOOP('',(#4335));
#896=EDGE_LOOP('',(#4336));
#897=EDGE_LOOP('',(#4337));
#898=EDGE_LOOP('',(#4338));
#899=EDGE_LOOP('',(#4339,#4340,#4341,#4342,#4343,#4344,#4345,#4346,#4347,
#4348,#4349,#4350));
#900=EDGE_LOOP('',(#4351,#4352,#4353,#4354));
#901=EDGE_LOOP('',(#4355,#4356,#4357,#4358));
#902=EDGE_LOOP('',(#4359,#4360,#4361,#4362));
#903=EDGE_LOOP('',(#4363,#4364,#4365,#4366));
#904=EDGE_LOOP('',(#4367,#4368,#4369,#4370));
#905=EDGE_LOOP('',(#4371,#4372,#4373,#4374));
#906=EDGE_LOOP('',(#4375,#4376,#4377,#4378));
#907=EDGE_LOOP('',(#4379,#4380,#4381,#4382));
#908=EDGE_LOOP('',(#4383,#4384,#4385,#4386));
#909=EDGE_LOOP('',(#4387,#4388,#4389,#4390));
#910=EDGE_LOOP('',(#4391,#4392,#4393,#4394));
#911=EDGE_LOOP('',(#4395,#4396,#4397,#4398));
#912=EDGE_LOOP('',(#4399,#4400,#4401,#4402,#4403,#4404,#4405,#4406,#4407,
#4408,#4409,#4410,#4411,#4412,#4413,#4414));
#913=EDGE_LOOP('',(#4415,#4416,#4417,#4418));
#914=EDGE_LOOP('',(#4419,#4420,#4421,#4422));
#915=EDGE_LOOP('',(#4423,#4424,#4425,#4426));
#916=EDGE_LOOP('',(#4427,#4428,#4429,#4430));
#917=EDGE_LOOP('',(#4431,#4432,#4433,#4434,#4435,#4436,#4437,#4438));
#918=EDGE_LOOP('',(#4439,#4440,#4441,#4442));
#919=EDGE_LOOP('',(#4443,#4444,#4445,#4446));
#920=EDGE_LOOP('',(#4447,#4448,#4449,#4450));
#921=EDGE_LOOP('',(#4451));
#922=EDGE_LOOP('',(#4452));
#923=EDGE_LOOP('',(#4453,#4454,#4455,#4456));
#924=EDGE_LOOP('',(#4457));
#925=EDGE_LOOP('',(#4458));
#926=EDGE_LOOP('',(#4459,#4460,#4461,#4462));
#927=EDGE_LOOP('',(#4463));
#928=EDGE_LOOP('',(#4464));
#929=EDGE_LOOP('',(#4465,#4466,#4467,#4468));
#930=EDGE_LOOP('',(#4469));
#931=EDGE_LOOP('',(#4470));
#932=EDGE_LOOP('',(#4471));
#933=EDGE_LOOP('',(#4472,#4473,#4474,#4475,#4476,#4477));
#934=EDGE_LOOP('',(#4478,#4479,#4480,#4481,#4482));
#935=EDGE_LOOP('',(#4483,#4484,#4485,#4486,#4487));
#936=EDGE_LOOP('',(#4488,#4489,#4490,#4491));
#937=EDGE_LOOP('',(#4492,#4493,#4494,#4495));
#938=EDGE_LOOP('',(#4496,#4497,#4498,#4499));
#939=EDGE_LOOP('',(#4500,#4501,#4502,#4503));
#940=EDGE_LOOP('',(#4504,#4505,#4506,#4507));
#941=EDGE_LOOP('',(#4508,#4509,#4510,#4511));
#942=EDGE_LOOP('',(#4512,#4513,#4514,#4515));
#943=EDGE_LOOP('',(#4516,#4517,#4518,#4519));
#944=EDGE_LOOP('',(#4520,#4521,#4522,#4523));
#945=EDGE_LOOP('',(#4524,#4525,#4526,#4527));
#946=EDGE_LOOP('',(#4528));
#947=EDGE_LOOP('',(#4529));
#948=EDGE_LOOP('',(#4530,#4531,#4532,#4533));
#949=EDGE_LOOP('',(#4534,#4535,#4536,#4537));
#950=EDGE_LOOP('',(#4538,#4539,#4540,#4541));
#951=EDGE_LOOP('',(#4542,#4543,#4544,#4545,#4546,#4547,#4548,#4549));
#952=EDGE_LOOP('',(#4550));
#953=EDGE_LOOP('',(#4551));
#954=EDGE_LOOP('',(#4552));
#955=EDGE_LOOP('',(#4553));
#956=EDGE_LOOP('',(#4554,#4555,#4556,#4557));
#957=EDGE_LOOP('',(#4558,#4559,#4560,#4561));
#958=EDGE_LOOP('',(#4562,#4563,#4564,#4565));
#959=EDGE_LOOP('',(#4566,#4567,#4568,#4569));
#960=EDGE_LOOP('',(#4570,#4571,#4572,#4573,#4574,#4575,#4576,#4577));
#961=EDGE_LOOP('',(#4578));
#962=EDGE_LOOP('',(#4579));
#963=EDGE_LOOP('',(#4580));
#964=EDGE_LOOP('',(#4581));
#965=EDGE_LOOP('',(#4582,#4583,#4584,#4585,#4586,#4587,#4588,#4589));
#966=EDGE_LOOP('',(#4590));
#967=EDGE_LOOP('',(#4591));
#968=EDGE_LOOP('',(#4592));
#969=EDGE_LOOP('',(#4593,#4594,#4595,#4596));
#970=EDGE_LOOP('',(#4597,#4598,#4599,#4600));
#971=EDGE_LOOP('',(#4601,#4602,#4603,#4604));
#972=EDGE_LOOP('',(#4605,#4606,#4607,#4608));
#973=EDGE_LOOP('',(#4609,#4610,#4611,#4612));
#974=EDGE_LOOP('',(#4613,#4614,#4615,#4616,#4617,#4618,#4619,#4620));
#975=EDGE_LOOP('',(#4621,#4622,#4623,#4624));
#976=EDGE_LOOP('',(#4625,#4626,#4627,#4628));
#977=EDGE_LOOP('',(#4629,#4630,#4631,#4632));
#978=EDGE_LOOP('',(#4633,#4634,#4635,#4636));
#979=EDGE_LOOP('',(#4637,#4638,#4639,#4640));
#980=EDGE_LOOP('',(#4641,#4642,#4643,#4644));
#981=EDGE_LOOP('',(#4645));
#982=EDGE_LOOP('',(#4646));
#983=EDGE_LOOP('',(#4647));
#984=EDGE_LOOP('',(#4648));
#985=EDGE_LOOP('',(#4649,#4650,#4651,#4652));
#986=EDGE_LOOP('',(#4653,#4654,#4655,#4656));
#987=EDGE_LOOP('',(#4657,#4658,#4659,#4660));
#988=EDGE_LOOP('',(#4661,#4662,#4663,#4664));
#989=EDGE_LOOP('',(#4665,#4666,#4667,#4668));
#990=EDGE_LOOP('',(#4669,#4670,#4671,#4672));
#991=EDGE_LOOP('',(#4673,#4674,#4675,#4676,#4677,#4678,#4679,#4680));
#992=EDGE_LOOP('',(#4681,#4682,#4683,#4684));
#993=EDGE_LOOP('',(#4685,#4686,#4687,#4688));
#994=EDGE_LOOP('',(#4689,#4690,#4691,#4692));
#995=EDGE_LOOP('',(#4693));
#996=EDGE_LOOP('',(#4694,#4695,#4696,#4697));
#997=EDGE_LOOP('',(#4698));
#998=EDGE_LOOP('',(#4699));
#999=EDGE_LOOP('',(#4700,#4701,#4702,#4703));
#1000=EDGE_LOOP('',(#4704));
#1001=EDGE_LOOP('',(#4705));
#1002=EDGE_LOOP('',(#4706,#4707,#4708,#4709));
#1003=EDGE_LOOP('',(#4710));
#1004=EDGE_LOOP('',(#4711));
#1005=EDGE_LOOP('',(#4712,#4713,#4714,#4715));
#1006=EDGE_LOOP('',(#4716));
#1007=EDGE_LOOP('',(#4717));
#1008=EDGE_LOOP('',(#4718));
#1009=EDGE_LOOP('',(#4719));
#1010=EDGE_LOOP('',(#4720));
#1011=EDGE_LOOP('',(#4721));
#1012=EDGE_LOOP('',(#4722,#4723,#4724,#4725));
#1013=EDGE_LOOP('',(#4726,#4727,#4728,#4729,#4730,#4731));
#1014=EDGE_LOOP('',(#4732,#4733,#4734,#4735));
#1015=EDGE_LOOP('',(#4736,#4737,#4738,#4739,#4740,#4741,#4742,#4743));
#1016=EDGE_LOOP('',(#4744));
#1017=EDGE_LOOP('',(#4745));
#1018=EDGE_LOOP('',(#4746));
#1019=EDGE_LOOP('',(#4747));
#1020=EDGE_LOOP('',(#4748));
#1021=EDGE_LOOP('',(#4749,#4750,#4751,#4752));
#1022=EDGE_LOOP('',(#4753,#4754,#4755,#4756));
#1023=EDGE_LOOP('',(#4757,#4758,#4759,#4760));
#1024=EDGE_LOOP('',(#4761,#4762,#4763,#4764));
#1025=EDGE_LOOP('',(#4765,#4766,#4767,#4768));
#1026=EDGE_LOOP('',(#4769,#4770,#4771,#4772));
#1027=EDGE_LOOP('',(#4773,#4774,#4775,#4776));
#1028=EDGE_LOOP('',(#4777,#4778,#4779,#4780,#4781,#4782));
#1029=EDGE_LOOP('',(#4783,#4784,#4785,#4786));
#1030=EDGE_LOOP('',(#4787,#4788,#4789,#4790,#4791,#4792));
#1031=EDGE_LOOP('',(#4793,#4794,#4795,#4796));
#1032=EDGE_LOOP('',(#4797,#4798,#4799,#4800,#4801,#4802));
#1033=EDGE_LOOP('',(#4803,#4804,#4805,#4806));
#1034=EDGE_LOOP('',(#4807,#4808,#4809,#4810));
#1035=EDGE_LOOP('',(#4811,#4812,#4813,#4814));
#1036=EDGE_LOOP('',(#4815,#4816,#4817,#4818));
#1037=EDGE_LOOP('',(#4819,#4820,#4821,#4822));
#1038=EDGE_LOOP('',(#4823,#4824,#4825,#4826));
#1039=EDGE_LOOP('',(#4827,#4828,#4829,#4830));
#1040=EDGE_LOOP('',(#4831,#4832,#4833,#4834));
#1041=EDGE_LOOP('',(#4835,#4836,#4837,#4838));
#1042=EDGE_LOOP('',(#4839,#4840,#4841,#4842));
#1043=EDGE_LOOP('',(#4843,#4844,#4845,#4846,#4847,#4848,#4849,#4850));
#1044=EDGE_LOOP('',(#4851,#4852,#4853,#4854));
#1045=EDGE_LOOP('',(#4855,#4856,#4857,#4858,#4859,#4860,#4861,#4862));
#1046=EDGE_LOOP('',(#4863,#4864,#4865,#4866,#4867,#4868,#4869,#4870));
#1047=EDGE_LOOP('',(#4871,#4872,#4873,#4874));
#1048=EDGE_LOOP('',(#4875,#4876,#4877,#4878,#4879,#4880,#4881,#4882));
#1049=EDGE_LOOP('',(#4883,#4884,#4885,#4886));
#1050=EDGE_LOOP('',(#4887,#4888,#4889,#4890,#4891,#4892,#4893,#4894));
#1051=EDGE_LOOP('',(#4895,#4896,#4897,#4898,#4899,#4900,#4901,#4902));
#1052=EDGE_LOOP('',(#4903,#4904,#4905,#4906));
#1053=EDGE_LOOP('',(#4907,#4908,#4909,#4910));
#1054=EDGE_LOOP('',(#4911,#4912,#4913,#4914));
#1055=EDGE_LOOP('',(#4915,#4916,#4917,#4918));
#1056=EDGE_LOOP('',(#4919,#4920,#4921,#4922));
#1057=EDGE_LOOP('',(#4923,#4924,#4925,#4926));
#1058=EDGE_LOOP('',(#4927,#4928,#4929,#4930));
#1059=EDGE_LOOP('',(#4931,#4932,#4933,#4934));
#1060=EDGE_LOOP('',(#4935,#4936,#4937,#4938));
#1061=EDGE_LOOP('',(#4939,#4940,#4941,#4942));
#1062=EDGE_LOOP('',(#4943,#4944,#4945,#4946));
#1063=EDGE_LOOP('',(#4947,#4948,#4949,#4950));
#1064=EDGE_LOOP('',(#4951,#4952,#4953,#4954));
#1065=EDGE_LOOP('',(#4955,#4956,#4957,#4958));
#1066=EDGE_LOOP('',(#4959,#4960,#4961,#4962));
#1067=EDGE_LOOP('',(#4963,#4964,#4965,#4966));
#1068=EDGE_LOOP('',(#4967,#4968,#4969,#4970));
#1069=EDGE_LOOP('',(#4971,#4972,#4973,#4974));
#1070=EDGE_LOOP('',(#4975,#4976,#4977,#4978));
#1071=EDGE_LOOP('',(#4979,#4980,#4981,#4982));
#1072=EDGE_LOOP('',(#4983,#4984,#4985,#4986));
#1073=EDGE_LOOP('',(#4987,#4988,#4989,#4990));
#1074=EDGE_LOOP('',(#4991,#4992,#4993,#4994));
#1075=EDGE_LOOP('',(#4995,#4996,#4997,#4998));
#1076=EDGE_LOOP('',(#4999,#5000,#5001,#5002));
#1077=EDGE_LOOP('',(#5003,#5004,#5005,#5006));
#1078=EDGE_LOOP('',(#5007,#5008,#5009,#5010));
#1079=EDGE_LOOP('',(#5011,#5012,#5013,#5014));
#1080=EDGE_LOOP('',(#5015,#5016,#5017,#5018));
#1081=EDGE_LOOP('',(#5019,#5020,#5021,#5022));
#1082=EDGE_LOOP('',(#5023,#5024,#5025,#5026));
#1083=EDGE_LOOP('',(#5027,#5028,#5029,#5030));
#1084=EDGE_LOOP('',(#5031,#5032,#5033,#5034));
#1085=EDGE_LOOP('',(#5035,#5036,#5037,#5038));
#1086=EDGE_LOOP('',(#5039,#5040,#5041,#5042));
#1087=EDGE_LOOP('',(#5043,#5044,#5045,#5046));
#1088=EDGE_LOOP('',(#5047,#5048,#5049,#5050));
#1089=EDGE_LOOP('',(#5051,#5052,#5053,#5054));
#1090=EDGE_LOOP('',(#5055,#5056,#5057,#5058));
#1091=EDGE_LOOP('',(#5059,#5060,#5061,#5062));
#1092=EDGE_LOOP('',(#5063,#5064,#5065,#5066));
#1093=EDGE_LOOP('',(#5067,#5068,#5069,#5070));
#1094=EDGE_LOOP('',(#5071,#5072,#5073,#5074));
#1095=EDGE_LOOP('',(#5075,#5076,#5077,#5078));
#1096=EDGE_LOOP('',(#5079,#5080,#5081,#5082));
#1097=EDGE_LOOP('',(#5083,#5084,#5085,#5086));
#1098=EDGE_LOOP('',(#5087,#5088,#5089,#5090));
#1099=EDGE_LOOP('',(#5091,#5092,#5093,#5094));
#1100=EDGE_LOOP('',(#5095,#5096,#5097,#5098));
#1101=EDGE_LOOP('',(#5099,#5100,#5101,#5102));
#1102=EDGE_LOOP('',(#5103,#5104,#5105,#5106));
#1103=EDGE_LOOP('',(#5107,#5108,#5109,#5110));
#1104=EDGE_LOOP('',(#5111,#5112,#5113,#5114));
#1105=EDGE_LOOP('',(#5115,#5116,#5117,#5118,#5119,#5120,#5121,#5122));
#1106=EDGE_LOOP('',(#5123,#5124,#5125,#5126,#5127,#5128,#5129,#5130));
#1107=EDGE_LOOP('',(#5131,#5132,#5133,#5134));
#1108=EDGE_LOOP('',(#5135,#5136,#5137,#5138,#5139,#5140,#5141,#5142));
#1109=EDGE_LOOP('',(#5143,#5144,#5145,#5146));
#1110=EDGE_LOOP('',(#5147,#5148,#5149));
#1111=EDGE_LOOP('',(#5150,#5151,#5152,#5153,#5154,#5155,#5156,#5157));
#1112=EDGE_LOOP('',(#5158,#5159,#5160,#5161,#5162,#5163,#5164,#5165));
#1113=EDGE_LOOP('',(#5166));
#1114=EDGE_LOOP('',(#5167,#5168,#5169,#5170));
#1115=EDGE_LOOP('',(#5171,#5172,#5173,#5174));
#1116=EDGE_LOOP('',(#5175,#5176,#5177,#5178));
#1117=EDGE_LOOP('',(#5179,#5180,#5181,#5182));
#1118=EDGE_LOOP('',(#5183,#5184,#5185,#5186));
#1119=EDGE_LOOP('',(#5187,#5188,#5189,#5190));
#1120=EDGE_LOOP('',(#5191,#5192,#5193));
#1121=EDGE_LOOP('',(#5194,#5195,#5196,#5197,#5198,#5199,#5200,#5201));
#1122=EDGE_LOOP('',(#5202,#5203,#5204,#5205,#5206,#5207,#5208,#5209));
#1123=EDGE_LOOP('',(#5210));
#1124=EDGE_LOOP('',(#5211,#5212,#5213,#5214));
#1125=EDGE_LOOP('',(#5215,#5216,#5217,#5218,#5219,#5220,#5221,#5222));
#1126=EDGE_LOOP('',(#5223,#5224,#5225,#5226,#5227,#5228,#5229,#5230));
#1127=EDGE_LOOP('',(#5231,#5232,#5233,#5234,#5235,#5236,#5237,#5238));
#1128=EDGE_LOOP('',(#5239,#5240,#5241,#5242));
#1129=EDGE_LOOP('',(#5243,#5244,#5245,#5246));
#1130=EDGE_LOOP('',(#5247,#5248,#5249,#5250));
#1131=EDGE_LOOP('',(#5251,#5252,#5253,#5254));
#1132=EDGE_LOOP('',(#5255,#5256,#5257,#5258));
#1133=EDGE_LOOP('',(#5259,#5260,#5261,#5262));
#1134=EDGE_LOOP('',(#5263,#5264,#5265,#5266,#5267,#5268));
#1135=EDGE_LOOP('',(#5269,#5270,#5271,#5272));
#1136=EDGE_LOOP('',(#5273,#5274,#5275,#5276));
#1137=EDGE_LOOP('',(#5277,#5278,#5279,#5280));
#1138=EDGE_LOOP('',(#5281,#5282,#5283));
#1139=EDGE_LOOP('',(#5284,#5285,#5286,#5287));
#1140=EDGE_LOOP('',(#5288,#5289,#5290,#5291));
#1141=EDGE_LOOP('',(#5292,#5293,#5294,#5295));
#1142=EDGE_LOOP('',(#5296,#5297,#5298,#5299));
#1143=EDGE_LOOP('',(#5300,#5301,#5302,#5303,#5304,#5305,#5306,#5307));
#1144=EDGE_LOOP('',(#5308));
#1145=EDGE_LOOP('',(#5309));
#1146=EDGE_LOOP('',(#5310));
#1147=EDGE_LOOP('',(#5311,#5312,#5313,#5314));
#1148=EDGE_LOOP('',(#5315,#5316,#5317,#5318));
#1149=EDGE_LOOP('',(#5319,#5320,#5321,#5322));
#1150=EDGE_LOOP('',(#5323,#5324,#5325,#5326));
#1151=EDGE_LOOP('',(#5327,#5328,#5329,#5330));
#1152=EDGE_LOOP('',(#5331,#5332,#5333,#5334));
#1153=EDGE_LOOP('',(#5335));
#1154=EDGE_LOOP('',(#5336,#5337,#5338,#5339));
#1155=EDGE_LOOP('',(#5340,#5341,#5342,#5343));
#1156=EDGE_LOOP('',(#5344,#5345,#5346,#5347));
#1157=EDGE_LOOP('',(#5348,#5349,#5350,#5351));
#1158=EDGE_LOOP('',(#5352,#5353,#5354,#5355));
#1159=EDGE_LOOP('',(#5356,#5357,#5358,#5359,#5360,#5361));
#1160=EDGE_LOOP('',(#5362,#5363,#5364));
#1161=EDGE_LOOP('',(#5365,#5366,#5367,#5368));
#1162=EDGE_LOOP('',(#5369,#5370,#5371,#5372,#5373,#5374,#5375,#5376));
#1163=EDGE_LOOP('',(#5377));
#1164=EDGE_LOOP('',(#5378));
#1165=EDGE_LOOP('',(#5379,#5380,#5381,#5382));
#1166=EDGE_LOOP('',(#5383,#5384,#5385,#5386));
#1167=EDGE_LOOP('',(#5387,#5388,#5389,#5390));
#1168=EDGE_LOOP('',(#5391,#5392,#5393,#5394));
#1169=EDGE_LOOP('',(#5395,#5396,#5397,#5398));
#1170=EDGE_LOOP('',(#5399,#5400,#5401,#5402));
#1171=EDGE_LOOP('',(#5403,#5404,#5405,#5406,#5407));
#1172=EDGE_LOOP('',(#5408,#5409,#5410,#5411));
#1173=EDGE_LOOP('',(#5412,#5413,#5414,#5415));
#1174=EDGE_LOOP('',(#5416,#5417,#5418,#5419));
#1175=EDGE_LOOP('',(#5420,#5421,#5422,#5423));
#1176=EDGE_LOOP('',(#5424,#5425,#5426,#5427));
#1177=EDGE_LOOP('',(#5428,#5429,#5430,#5431,#5432));
#1178=EDGE_LOOP('',(#5433,#5434,#5435,#5436));
#1179=EDGE_LOOP('',(#5437,#5438,#5439,#5440));
#1180=EDGE_LOOP('',(#5441,#5442,#5443,#5444));
#1181=EDGE_LOOP('',(#5445,#5446,#5447,#5448));
#1182=EDGE_LOOP('',(#5449,#5450,#5451,#5452,#5453,#5454,#5455,#5456));
#1183=EDGE_LOOP('',(#5457));
#1184=EDGE_LOOP('',(#5458));
#1185=EDGE_LOOP('',(#5459));
#1186=EDGE_LOOP('',(#5460,#5461,#5462,#5463));
#1187=EDGE_LOOP('',(#5464,#5465,#5466,#5467));
#1188=EDGE_LOOP('',(#5468,#5469,#5470,#5471));
#1189=EDGE_LOOP('',(#5472,#5473,#5474,#5475));
#1190=EDGE_LOOP('',(#5476,#5477,#5478,#5479));
#1191=EDGE_LOOP('',(#5480,#5481,#5482,#5483));
#1192=EDGE_LOOP('',(#5484));
#1193=EDGE_LOOP('',(#5485,#5486,#5487,#5488));
#1194=EDGE_LOOP('',(#5489,#5490,#5491,#5492));
#1195=EDGE_LOOP('',(#5493,#5494,#5495,#5496));
#1196=EDGE_LOOP('',(#5497,#5498,#5499,#5500));
#1197=EDGE_LOOP('',(#5501,#5502,#5503,#5504));
#1198=EDGE_LOOP('',(#5505,#5506,#5507,#5508,#5509,#5510,#5511,#5512,#5513,
#5514));
#1199=EDGE_LOOP('',(#5515,#5516,#5517,#5518));
#1200=EDGE_LOOP('',(#5519,#5520,#5521,#5522,#5523,#5524,#5525,#5526));
#1201=EDGE_LOOP('',(#5527));
#1202=EDGE_LOOP('',(#5528));
#1203=EDGE_LOOP('',(#5529,#5530,#5531,#5532));
#1204=LINE('',#8170,#1846);
#1205=LINE('',#8172,#1847);
#1206=LINE('',#8174,#1848);
#1207=LINE('',#8175,#1849);
#1208=LINE('',#8178,#1850);
#1209=LINE('',#8180,#1851);
#1210=LINE('',#8181,#1852);
#1211=LINE('',#8184,#1853);
#1212=LINE('',#8186,#1854);
#1213=LINE('',#8187,#1855);
#1214=LINE('',#8189,#1856);
#1215=LINE('',#8190,#1857);
#1216=LINE('',#8194,#1858);
#1217=LINE('',#8196,#1859);
#1218=LINE('',#8198,#1860);
#1219=LINE('',#8199,#1861);
#1220=LINE('',#8202,#1862);
#1221=LINE('',#8204,#1863);
#1222=LINE('',#8205,#1864);
#1223=LINE('',#8208,#1865);
#1224=LINE('',#8210,#1866);
#1225=LINE('',#8211,#1867);
#1226=LINE('',#8213,#1868);
#1227=LINE('',#8218,#1869);
#1228=LINE('',#8227,#1870);
#1229=LINE('',#8236,#1871);
#1230=LINE('',#8245,#1872);
#1231=LINE('',#8254,#1873);
#1232=LINE('',#8263,#1874);
#1233=LINE('',#8272,#1875);
#1234=LINE('',#8281,#1876);
#1235=LINE('',#8301,#1877);
#1236=LINE('',#8307,#1878);
#1237=LINE('',#8322,#1879);
#1238=LINE('',#8341,#1880);
#1239=LINE('',#8360,#1881);
#1240=LINE('',#8379,#1882);
#1241=LINE('',#8398,#1883);
#1242=LINE('',#8417,#1884);
#1243=LINE('',#8424,#1885);
#1244=LINE('',#8426,#1886);
#1245=LINE('',#8427,#1887);
#1246=LINE('',#8430,#1888);
#1247=LINE('',#8432,#1889);
#1248=LINE('',#8433,#1890);
#1249=LINE('',#8448,#1891);
#1250=LINE('',#8467,#1892);
#1251=LINE('',#8486,#1893);
#1252=LINE('',#8505,#1894);
#1253=LINE('',#8524,#1895);
#1254=LINE('',#8543,#1896);
#1255=LINE('',#8562,#1897);
#1256=LINE('',#8581,#1898);
#1257=LINE('',#8588,#1899);
#1258=LINE('',#8590,#1900);
#1259=LINE('',#8591,#1901);
#1260=LINE('',#8594,#1902);
#1261=LINE('',#8596,#1903);
#1262=LINE('',#8597,#1904);
#1263=LINE('',#8630,#1905);
#1264=LINE('',#8636,#1906);
#1265=LINE('',#8639,#1907);
#1266=LINE('',#8641,#1908);
#1267=LINE('',#8642,#1909);
#1268=LINE('',#8645,#1910);
#1269=LINE('',#8647,#1911);
#1270=LINE('',#8648,#1912);
#1271=LINE('',#8651,#1913);
#1272=LINE('',#8653,#1914);
#1273=LINE('',#8654,#1915);
#1274=LINE('',#8673,#1916);
#1275=LINE('',#8692,#1917);
#1276=LINE('',#8724,#1918);
#1277=LINE('',#8730,#1919);
#1278=LINE('',#8733,#1920);
#1279=LINE('',#8735,#1921);
#1280=LINE('',#8736,#1922);
#1281=LINE('',#8739,#1923);
#1282=LINE('',#8741,#1924);
#1283=LINE('',#8742,#1925);
#1284=LINE('',#8745,#1926);
#1285=LINE('',#8747,#1927);
#1286=LINE('',#8748,#1928);
#1287=LINE('',#8767,#1929);
#1288=LINE('',#8786,#1930);
#1289=LINE('',#8818,#1931);
#1290=LINE('',#8824,#1932);
#1291=LINE('',#8827,#1933);
#1292=LINE('',#8829,#1934);
#1293=LINE('',#8830,#1935);
#1294=LINE('',#8845,#1936);
#1295=LINE('',#8864,#1937);
#1296=LINE('',#8883,#1938);
#1297=LINE('',#8890,#1939);
#1298=LINE('',#8892,#1940);
#1299=LINE('',#8893,#1941);
#1300=LINE('',#8896,#1942);
#1301=LINE('',#8898,#1943);
#1302=LINE('',#8899,#1944);
#1303=LINE('',#8902,#1945);
#1304=LINE('',#8904,#1946);
#1305=LINE('',#8905,#1947);
#1306=LINE('',#8920,#1948);
#1307=LINE('',#8945,#1949);
#1308=LINE('',#8947,#1950);
#1309=LINE('',#8949,#1951);
#1310=LINE('',#8950,#1952);
#1311=LINE('',#8953,#1953);
#1312=LINE('',#8955,#1954);
#1313=LINE('',#8956,#1955);
#1314=LINE('',#8959,#1956);
#1315=LINE('',#8961,#1957);
#1316=LINE('',#8962,#1958);
#1317=LINE('',#8964,#1959);
#1318=LINE('',#8965,#1960);
#1319=LINE('',#8970,#1961);
#1320=LINE('',#8972,#1962);
#1321=LINE('',#8974,#1963);
#1322=LINE('',#8975,#1964);
#1323=LINE('',#8978,#1965);
#1324=LINE('',#8980,#1966);
#1325=LINE('',#8981,#1967);
#1326=LINE('',#8984,#1968);
#1327=LINE('',#8986,#1969);
#1328=LINE('',#8987,#1970);
#1329=LINE('',#8989,#1971);
#1330=LINE('',#8990,#1972);
#1331=LINE('',#8997,#1973);
#1332=LINE('',#9001,#1974);
#1333=LINE('',#9005,#1975);
#1334=LINE('',#9008,#1976);
#1335=LINE('',#9012,#1977);
#1336=LINE('',#9015,#1978);
#1337=LINE('',#9019,#1979);
#1338=LINE('',#9020,#1980);
#1339=LINE('',#9024,#1981);
#1340=LINE('',#9027,#1982);
#1341=LINE('',#9030,#1983);
#1342=LINE('',#9033,#1984);
#1343=LINE('',#9034,#1985);
#1344=LINE('',#9037,#1986);
#1345=LINE('',#9040,#1987);
#1346=LINE('',#9042,#1988);
#1347=LINE('',#9044,#1989);
#1348=LINE('',#9046,#1990);
#1349=LINE('',#9050,#1991);
#1350=LINE('',#9052,#1992);
#1351=LINE('',#9054,#1993);
#1352=LINE('',#9055,#1994);
#1353=LINE('',#9057,#1995);
#1354=LINE('',#9058,#1996);
#1355=LINE('',#9061,#1997);
#1356=LINE('',#9063,#1998);
#1357=LINE('',#9065,#1999);
#1358=LINE('',#9067,#2000);
#1359=LINE('',#9069,#2001);
#1360=LINE('',#9071,#2002);
#1361=LINE('',#9073,#2003);
#1362=LINE('',#9075,#2004);
#1363=LINE('',#9077,#2005);
#1364=LINE('',#9079,#2006);
#1365=LINE('',#9081,#2007);
#1366=LINE('',#9082,#2008);
#1367=LINE('',#9085,#2009);
#1368=LINE('',#9087,#2010);
#1369=LINE('',#9088,#2011);
#1370=LINE('',#9092,#2012);
#1371=LINE('',#9096,#2013);
#1372=LINE('',#9098,#2014);
#1373=LINE('',#9099,#2015);
#1374=LINE('',#9106,#2016);
#1375=LINE('',#9108,#2017);
#1376=LINE('',#9109,#2018);
#1377=LINE('',#9112,#2019);
#1378=LINE('',#9114,#2020);
#1379=LINE('',#9115,#2021);
#1380=LINE('',#9118,#2022);
#1381=LINE('',#9119,#2023);
#1382=LINE('',#9122,#2024);
#1383=LINE('',#9123,#2025);
#1384=LINE('',#9125,#2026);
#1385=LINE('',#9128,#2027);
#1386=LINE('',#9129,#2028);
#1387=LINE('',#9132,#2029);
#1388=LINE('',#9133,#2030);
#1389=LINE('',#9136,#2031);
#1390=LINE('',#9137,#2032);
#1391=LINE('',#9138,#2033);
#1392=LINE('',#9140,#2034);
#1393=LINE('',#9141,#2035);
#1394=LINE('',#9143,#2036);
#1395=LINE('',#9146,#2037);
#1396=LINE('',#9155,#2038);
#1397=LINE('',#9164,#2039);
#1398=LINE('',#9173,#2040);
#1399=LINE('',#9182,#2041);
#1400=LINE('',#9379,#2042);
#1401=LINE('',#9381,#2043);
#1402=LINE('',#9383,#2044);
#1403=LINE('',#9384,#2045);
#1404=LINE('',#9387,#2046);
#1405=LINE('',#9391,#2047);
#1406=LINE('',#9395,#2048);
#1407=LINE('',#9399,#2049);
#1408=LINE('',#9404,#2050);
#1409=LINE('',#9406,#2051);
#1410=LINE('',#9408,#2052);
#1411=LINE('',#9409,#2053);
#1412=LINE('',#9414,#2054);
#1413=LINE('',#9418,#2055);
#1414=LINE('',#9420,#2056);
#1415=LINE('',#9421,#2057);
#1416=LINE('',#9426,#2058);
#1417=LINE('',#9431,#2059);
#1418=LINE('',#9432,#2060);
#1419=LINE('',#9433,#2061);
#1420=LINE('',#9438,#2062);
#1421=LINE('',#9443,#2063);
#1422=LINE('',#9444,#2064);
#1423=LINE('',#9445,#2065);
#1424=LINE('',#9452,#2066);
#1425=LINE('',#9454,#2067);
#1426=LINE('',#9456,#2068);
#1427=LINE('',#9457,#2069);
#1428=LINE('',#9460,#2070);
#1429=LINE('',#9462,#2071);
#1430=LINE('',#9463,#2072);
#1431=LINE('',#9466,#2073);
#1432=LINE('',#9467,#2074);
#1433=LINE('',#9470,#2075);
#1434=LINE('',#9471,#2076);
#1435=LINE('',#9474,#2077);
#1436=LINE('',#9476,#2078);
#1437=LINE('',#9478,#2079);
#1438=LINE('',#9480,#2080);
#1439=LINE('',#9481,#2081);
#1440=LINE('',#9493,#2082);
#1441=LINE('',#9495,#2083);
#1442=LINE('',#9496,#2084);
#1443=LINE('',#9499,#2085);
#1444=LINE('',#9500,#2086);
#1445=LINE('',#9503,#2087);
#1446=LINE('',#9504,#2088);
#1447=LINE('',#9506,#2089);
#1448=LINE('',#9510,#2090);
#1449=LINE('',#9511,#2091);
#1450=LINE('',#9512,#2092);
#1451=LINE('',#9515,#2093);
#1452=LINE('',#9516,#2094);
#1453=LINE('',#9519,#2095);
#1454=LINE('',#9520,#2096);
#1455=LINE('',#9522,#2097);
#1456=LINE('',#9525,#2098);
#1457=LINE('',#9529,#2099);
#1458=LINE('',#9533,#2100);
#1459=LINE('',#9539,#2101);
#1460=LINE('',#9545,#2102);
#1461=LINE('',#9547,#2103);
#1462=LINE('',#9549,#2104);
#1463=LINE('',#9550,#2105);
#1464=LINE('',#9555,#2106);
#1465=LINE('',#9560,#2107);
#1466=LINE('',#9562,#2108);
#1467=LINE('',#9564,#2109);
#1468=LINE('',#9565,#2110);
#1469=LINE('',#9571,#2111);
#1470=LINE('',#9576,#2112);
#1471=LINE('',#9581,#2113);
#1472=LINE('',#9585,#2114);
#1473=LINE('',#9587,#2115);
#1474=LINE('',#9589,#2116);
#1475=LINE('',#9590,#2117);
#1476=LINE('',#9593,#2118);
#1477=LINE('',#9595,#2119);
#1478=LINE('',#9597,#2120);
#1479=LINE('',#9598,#2121);
#1480=LINE('',#9601,#2122);
#1481=LINE('',#9603,#2123);
#1482=LINE('',#9605,#2124);
#1483=LINE('',#9606,#2125);
#1484=LINE('',#9613,#2126);
#1485=LINE('',#9622,#2127);
#1486=LINE('',#9631,#2128);
#1487=LINE('',#9640,#2129);
#1488=LINE('',#9659,#2130);
#1489=LINE('',#9663,#2131);
#1490=LINE('',#9666,#2132);
#1491=LINE('',#9669,#2133);
#1492=LINE('',#9670,#2134);
#1493=LINE('',#9673,#2135);
#1494=LINE('',#9677,#2136);
#1495=LINE('',#9681,#2137);
#1496=LINE('',#9685,#2138);
#1497=LINE('',#9687,#2139);
#1498=LINE('',#9689,#2140);
#1499=LINE('',#9690,#2141);
#1500=LINE('',#9693,#2142);
#1501=LINE('',#9695,#2143);
#1502=LINE('',#9697,#2144);
#1503=LINE('',#9698,#2145);
#1504=LINE('',#9701,#2146);
#1505=LINE('',#9703,#2147);
#1506=LINE('',#9705,#2148);
#1507=LINE('',#9706,#2149);
#1508=LINE('',#9709,#2150);
#1509=LINE('',#9711,#2151);
#1510=LINE('',#9713,#2152);
#1511=LINE('',#9714,#2153);
#1512=LINE('',#9717,#2154);
#1513=LINE('',#9719,#2155);
#1514=LINE('',#9721,#2156);
#1515=LINE('',#9722,#2157);
#1516=LINE('',#9725,#2158);
#1517=LINE('',#9727,#2159);
#1518=LINE('',#9729,#2160);
#1519=LINE('',#9730,#2161);
#1520=LINE('',#9732,#2162);
#1521=LINE('',#9734,#2163);
#1522=LINE('',#9736,#2164);
#1523=LINE('',#9738,#2165);
#1524=LINE('',#9740,#2166);
#1525=LINE('',#9743,#2167);
#1526=LINE('',#9745,#2168);
#1527=LINE('',#9747,#2169);
#1528=LINE('',#9749,#2170);
#1529=LINE('',#9753,#2171);
#1530=LINE('',#9755,#2172);
#1531=LINE('',#9757,#2173);
#1532=LINE('',#9758,#2174);
#1533=LINE('',#9762,#2175);
#1534=LINE('',#9764,#2176);
#1535=LINE('',#9766,#2177);
#1536=LINE('',#9767,#2178);
#1537=LINE('',#9771,#2179);
#1538=LINE('',#9773,#2180);
#1539=LINE('',#9775,#2181);
#1540=LINE('',#9776,#2182);
#1541=LINE('',#9778,#2183);
#1542=LINE('',#9779,#2184);
#1543=LINE('',#9781,#2185);
#1544=LINE('',#9782,#2186);
#1545=LINE('',#9784,#2187);
#1546=LINE('',#9785,#2188);
#1547=LINE('',#9787,#2189);
#1548=LINE('',#9788,#2190);
#1549=LINE('',#9789,#2191);
#1550=LINE('',#9791,#2192);
#1551=LINE('',#9793,#2193);
#1552=LINE('',#9794,#2194);
#1553=LINE('',#9796,#2195);
#1554=LINE('',#9797,#2196);
#1555=LINE('',#9798,#2197);
#1556=LINE('',#9800,#2198);
#1557=LINE('',#9802,#2199);
#1558=LINE('',#9803,#2200);
#1559=LINE('',#9805,#2201);
#1560=LINE('',#9806,#2202);
#1561=LINE('',#9808,#2203);
#1562=LINE('',#9809,#2204);
#1563=LINE('',#9811,#2205);
#1564=LINE('',#9812,#2206);
#1565=LINE('',#9823,#2207);
#1566=LINE('',#9825,#2208);
#1567=LINE('',#9827,#2209);
#1568=LINE('',#9828,#2210);
#1569=LINE('',#9831,#2211);
#1570=LINE('',#9833,#2212);
#1571=LINE('',#9834,#2213);
#1572=LINE('',#9838,#2214);
#1573=LINE('',#9840,#2215);
#1574=LINE('',#9842,#2216);
#1575=LINE('',#9843,#2217);
#1576=LINE('',#9846,#2218);
#1577=LINE('',#9848,#2219);
#1578=LINE('',#9849,#2220);
#1579=LINE('',#9852,#2221);
#1580=LINE('',#9854,#2222);
#1581=LINE('',#9855,#2223);
#1582=LINE('',#9857,#2224);
#1583=LINE('',#9858,#2225);
#1584=LINE('',#9860,#2226);
#1585=LINE('',#9861,#2227);
#1586=LINE('',#9865,#2228);
#1587=LINE('',#9867,#2229);
#1588=LINE('',#9869,#2230);
#1589=LINE('',#9870,#2231);
#1590=LINE('',#9873,#2232);
#1591=LINE('',#9875,#2233);
#1592=LINE('',#9876,#2234);
#1593=LINE('',#9879,#2235);
#1594=LINE('',#9881,#2236);
#1595=LINE('',#9882,#2237);
#1596=LINE('',#9885,#2238);
#1597=LINE('',#9887,#2239);
#1598=LINE('',#9888,#2240);
#1599=LINE('',#9891,#2241);
#1600=LINE('',#9893,#2242);
#1601=LINE('',#9894,#2243);
#1602=LINE('',#9897,#2244);
#1603=LINE('',#9899,#2245);
#1604=LINE('',#9900,#2246);
#1605=LINE('',#9903,#2247);
#1606=LINE('',#9905,#2248);
#1607=LINE('',#9906,#2249);
#1608=LINE('',#9908,#2250);
#1609=LINE('',#9909,#2251);
#1610=LINE('',#9913,#2252);
#1611=LINE('',#9915,#2253);
#1612=LINE('',#9917,#2254);
#1613=LINE('',#9918,#2255);
#1614=LINE('',#9921,#2256);
#1615=LINE('',#9923,#2257);
#1616=LINE('',#9924,#2258);
#1617=LINE('',#9927,#2259);
#1618=LINE('',#9929,#2260);
#1619=LINE('',#9930,#2261);
#1620=LINE('',#9933,#2262);
#1621=LINE('',#9935,#2263);
#1622=LINE('',#9936,#2264);
#1623=LINE('',#9939,#2265);
#1624=LINE('',#9941,#2266);
#1625=LINE('',#9942,#2267);
#1626=LINE('',#9945,#2268);
#1627=LINE('',#9947,#2269);
#1628=LINE('',#9948,#2270);
#1629=LINE('',#9951,#2271);
#1630=LINE('',#9953,#2272);
#1631=LINE('',#9954,#2273);
#1632=LINE('',#9956,#2274);
#1633=LINE('',#9957,#2275);
#1634=LINE('',#9962,#2276);
#1635=LINE('',#9967,#2277);
#1636=LINE('',#9969,#2278);
#1637=LINE('',#9971,#2279);
#1638=LINE('',#9972,#2280);
#1639=LINE('',#9975,#2281);
#1640=LINE('',#9977,#2282);
#1641=LINE('',#9978,#2283);
#1642=LINE('',#9982,#2284);
#1643=LINE('',#9984,#2285);
#1644=LINE('',#9986,#2286);
#1645=LINE('',#9987,#2287);
#1646=LINE('',#9989,#2288);
#1647=LINE('',#9990,#2289);
#1648=LINE('',#9994,#2290);
#1649=LINE('',#9996,#2291);
#1650=LINE('',#9998,#2292);
#1651=LINE('',#9999,#2293);
#1652=LINE('',#10001,#2294);
#1653=LINE('',#10002,#2295);
#1654=LINE('',#10005,#2296);
#1655=LINE('',#10007,#2297);
#1656=LINE('',#10008,#2298);
#1657=LINE('',#10010,#2299);
#1658=LINE('',#10011,#2300);
#1659=LINE('',#10015,#2301);
#1660=LINE('',#10017,#2302);
#1661=LINE('',#10019,#2303);
#1662=LINE('',#10020,#2304);
#1663=LINE('',#10023,#2305);
#1664=LINE('',#10025,#2306);
#1665=LINE('',#10026,#2307);
#1666=LINE('',#10029,#2308);
#1667=LINE('',#10031,#2309);
#1668=LINE('',#10032,#2310);
#1669=LINE('',#10035,#2311);
#1670=LINE('',#10037,#2312);
#1671=LINE('',#10038,#2313);
#1672=LINE('',#10041,#2314);
#1673=LINE('',#10043,#2315);
#1674=LINE('',#10044,#2316);
#1675=LINE('',#10047,#2317);
#1676=LINE('',#10049,#2318);
#1677=LINE('',#10050,#2319);
#1678=LINE('',#10053,#2320);
#1679=LINE('',#10055,#2321);
#1680=LINE('',#10056,#2322);
#1681=LINE('',#10058,#2323);
#1682=LINE('',#10059,#2324);
#1683=LINE('',#10063,#2325);
#1684=LINE('',#10065,#2326);
#1685=LINE('',#10067,#2327);
#1686=LINE('',#10068,#2328);
#1687=LINE('',#10071,#2329);
#1688=LINE('',#10073,#2330);
#1689=LINE('',#10074,#2331);
#1690=LINE('',#10077,#2332);
#1691=LINE('',#10079,#2333);
#1692=LINE('',#10080,#2334);
#1693=LINE('',#10083,#2335);
#1694=LINE('',#10085,#2336);
#1695=LINE('',#10086,#2337);
#1696=LINE('',#10089,#2338);
#1697=LINE('',#10091,#2339);
#1698=LINE('',#10092,#2340);
#1699=LINE('',#10095,#2341);
#1700=LINE('',#10097,#2342);
#1701=LINE('',#10098,#2343);
#1702=LINE('',#10101,#2344);
#1703=LINE('',#10103,#2345);
#1704=LINE('',#10104,#2346);
#1705=LINE('',#10106,#2347);
#1706=LINE('',#10108,#2348);
#1707=LINE('',#10114,#2349);
#1708=LINE('',#10116,#2350);
#1709=LINE('',#10118,#2351);
#1710=LINE('',#10119,#2352);
#1711=LINE('',#10122,#2353);
#1712=LINE('',#10124,#2354);
#1713=LINE('',#10125,#2355);
#1714=LINE('',#10128,#2356);
#1715=LINE('',#10130,#2357);
#1716=LINE('',#10131,#2358);
#1717=LINE('',#10133,#2359);
#1718=LINE('',#10134,#2360);
#1719=LINE('',#10141,#2361);
#1720=LINE('',#10143,#2362);
#1721=LINE('',#10145,#2363);
#1722=LINE('',#10146,#2364);
#1723=LINE('',#10149,#2365);
#1724=LINE('',#10151,#2366);
#1725=LINE('',#10152,#2367);
#1726=LINE('',#10155,#2368);
#1727=LINE('',#10157,#2369);
#1728=LINE('',#10158,#2370);
#1729=LINE('',#10164,#2371);
#1730=LINE('',#10167,#2372);
#1731=LINE('',#10169,#2373);
#1732=LINE('',#10170,#2374);
#1733=LINE('',#10178,#2375);
#1734=LINE('',#10180,#2376);
#1735=LINE('',#10182,#2377);
#1736=LINE('',#10183,#2378);
#1737=LINE('',#10186,#2379);
#1738=LINE('',#10188,#2380);
#1739=LINE('',#10189,#2381);
#1740=LINE('',#10191,#2382);
#1741=LINE('',#10192,#2383);
#1742=LINE('',#10198,#2384);
#1743=LINE('',#10204,#2385);
#1744=LINE('',#10209,#2386);
#1745=LINE('',#10211,#2387);
#1746=LINE('',#10213,#2388);
#1747=LINE('',#10214,#2389);
#1748=LINE('',#10217,#2390);
#1749=LINE('',#10219,#2391);
#1750=LINE('',#10220,#2392);
#1751=LINE('',#10223,#2393);
#1752=LINE('',#10225,#2394);
#1753=LINE('',#10227,#2395);
#1754=LINE('',#10229,#2396);
#1755=LINE('',#10231,#2397);
#1756=LINE('',#10232,#2398);
#1757=LINE('',#10237,#2399);
#1758=LINE('',#10238,#2400);
#1759=LINE('',#10241,#2401);
#1760=LINE('',#10242,#2402);
#1761=LINE('',#10246,#2403);
#1762=LINE('',#10247,#2404);
#1763=LINE('',#10248,#2405);
#1764=LINE('',#10250,#2406);
#1765=LINE('',#10253,#2407);
#1766=LINE('',#10254,#2408);
#1767=LINE('',#10257,#2409);
#1768=LINE('',#10263,#2410);
#1769=LINE('',#10265,#2411);
#1770=LINE('',#10267,#2412);
#1771=LINE('',#10268,#2413);
#1772=LINE('',#10271,#2414);
#1773=LINE('',#10273,#2415);
#1774=LINE('',#10274,#2416);
#1775=LINE('',#10277,#2417);
#1776=LINE('',#10279,#2418);
#1777=LINE('',#10280,#2419);
#1778=LINE('',#10282,#2420);
#1779=LINE('',#10283,#2421);
#1780=LINE('',#10286,#2422);
#1781=LINE('',#10292,#2423);
#1782=LINE('',#10294,#2424);
#1783=LINE('',#10296,#2425);
#1784=LINE('',#10297,#2426);
#1785=LINE('',#10300,#2427);
#1786=LINE('',#10302,#2428);
#1787=LINE('',#10303,#2429);
#1788=LINE('',#10306,#2430);
#1789=LINE('',#10308,#2431);
#1790=LINE('',#10309,#2432);
#1791=LINE('',#10312,#2433);
#1792=LINE('',#10314,#2434);
#1793=LINE('',#10315,#2435);
#1794=LINE('',#10317,#2436);
#1795=LINE('',#10318,#2437);
#1796=LINE('',#10325,#2438);
#1797=LINE('',#10328,#2439);
#1798=LINE('',#10331,#2440);
#1799=LINE('',#10333,#2441);
#1800=LINE('',#10334,#2442);
#1801=LINE('',#10340,#2443);
#1802=LINE('',#10342,#2444);
#1803=LINE('',#10343,#2445);
#1804=LINE('',#10344,#2446);
#1805=LINE('',#10346,#2447);
#1806=LINE('',#10347,#2448);
#1807=LINE('',#10353,#2449);
#1808=LINE('',#10359,#2450);
#1809=LINE('',#10364,#2451);
#1810=LINE('',#10366,#2452);
#1811=LINE('',#10368,#2453);
#1812=LINE('',#10369,#2454);
#1813=LINE('',#10372,#2455);
#1814=LINE('',#10374,#2456);
#1815=LINE('',#10375,#2457);
#1816=LINE('',#10378,#2458);
#1817=LINE('',#10380,#2459);
#1818=LINE('',#10382,#2460);
#1819=LINE('',#10384,#2461);
#1820=LINE('',#10386,#2462);
#1821=LINE('',#10387,#2463);
#1822=LINE('',#10392,#2464);
#1823=LINE('',#10393,#2465);
#1824=LINE('',#10396,#2466);
#1825=LINE('',#10397,#2467);
#1826=LINE('',#10401,#2468);
#1827=LINE('',#10402,#2469);
#1828=LINE('',#10403,#2470);
#1829=LINE('',#10405,#2471);
#1830=LINE('',#10408,#2472);
#1831=LINE('',#10409,#2473);
#1832=LINE('',#10412,#2474);
#1833=LINE('',#10418,#2475);
#1834=LINE('',#10420,#2476);
#1835=LINE('',#10422,#2477);
#1836=LINE('',#10423,#2478);
#1837=LINE('',#10426,#2479);
#1838=LINE('',#10428,#2480);
#1839=LINE('',#10429,#2481);
#1840=LINE('',#10432,#2482);
#1841=LINE('',#10434,#2483);
#1842=LINE('',#10435,#2484);
#1843=LINE('',#10437,#2485);
#1844=LINE('',#10438,#2486);
#1845=LINE('',#10441,#2487);
#1846=VECTOR('',#6659,10.);
#1847=VECTOR('',#6660,10.);
#1848=VECTOR('',#6661,10.);
#1849=VECTOR('',#6662,10.);
#1850=VECTOR('',#6665,10.);
#1851=VECTOR('',#6666,10.);
#1852=VECTOR('',#6667,10.);
#1853=VECTOR('',#6670,10.);
#1854=VECTOR('',#6671,10.);
#1855=VECTOR('',#6672,10.);
#1856=VECTOR('',#6675,10.);
#1857=VECTOR('',#6676,10.);
#1858=VECTOR('',#6679,10.);
#1859=VECTOR('',#6680,10.);
#1860=VECTOR('',#6681,10.);
#1861=VECTOR('',#6682,10.);
#1862=VECTOR('',#6685,10.);
#1863=VECTOR('',#6686,10.);
#1864=VECTOR('',#6687,10.);
#1865=VECTOR('',#6690,10.);
#1866=VECTOR('',#6691,10.);
#1867=VECTOR('',#6692,10.);
#1868=VECTOR('',#6695,10.);
#1869=VECTOR('',#6700,2.);
#1870=VECTOR('',#6711,2.);
#1871=VECTOR('',#6722,2.);
#1872=VECTOR('',#6733,2.);
#1873=VECTOR('',#6744,2.05);
#1874=VECTOR('',#6755,2.05);
#1875=VECTOR('',#6766,2.05);
#1876=VECTOR('',#6777,2.05);
#1877=VECTOR('',#6784,10.);
#1878=VECTOR('',#6785,10.);
#1879=VECTOR('',#6786,10.);
#1880=VECTOR('',#6787,10.);
#1881=VECTOR('',#6788,10.);
#1882=VECTOR('',#6789,10.);
#1883=VECTOR('',#6790,10.);
#1884=VECTOR('',#6791,10.);
#1885=VECTOR('',#6794,10.);
#1886=VECTOR('',#6795,10.);
#1887=VECTOR('',#6796,10.);
#1888=VECTOR('',#6799,10.);
#1889=VECTOR('',#6800,10.);
#1890=VECTOR('',#6801,10.);
#1891=VECTOR('',#6802,10.);
#1892=VECTOR('',#6803,10.);
#1893=VECTOR('',#6804,10.);
#1894=VECTOR('',#6805,10.);
#1895=VECTOR('',#6806,10.);
#1896=VECTOR('',#6807,10.);
#1897=VECTOR('',#6808,10.);
#1898=VECTOR('',#6809,10.);
#1899=VECTOR('',#6812,10.);
#1900=VECTOR('',#6813,10.);
#1901=VECTOR('',#6814,10.);
#1902=VECTOR('',#6817,10.);
#1903=VECTOR('',#6818,10.);
#1904=VECTOR('',#6819,10.);
#1905=VECTOR('',#6822,10.);
#1906=VECTOR('',#6823,10.);
#1907=VECTOR('',#6826,10.);
#1908=VECTOR('',#6827,10.);
#1909=VECTOR('',#6828,10.);
#1910=VECTOR('',#6831,10.);
#1911=VECTOR('',#6832,10.);
#1912=VECTOR('',#6833,10.);
#1913=VECTOR('',#6836,10.);
#1914=VECTOR('',#6837,10.);
#1915=VECTOR('',#6838,10.);
#1916=VECTOR('',#6839,10.);
#1917=VECTOR('',#6840,10.);
#1918=VECTOR('',#6841,10.);
#1919=VECTOR('',#6842,10.);
#1920=VECTOR('',#6845,10.);
#1921=VECTOR('',#6846,10.);
#1922=VECTOR('',#6847,10.);
#1923=VECTOR('',#6850,10.);
#1924=VECTOR('',#6851,10.);
#1925=VECTOR('',#6852,10.);
#1926=VECTOR('',#6855,10.);
#1927=VECTOR('',#6856,10.);
#1928=VECTOR('',#6857,10.);
#1929=VECTOR('',#6858,10.);
#1930=VECTOR('',#6859,10.);
#1931=VECTOR('',#6860,10.);
#1932=VECTOR('',#6861,10.);
#1933=VECTOR('',#6864,10.);
#1934=VECTOR('',#6865,10.);
#1935=VECTOR('',#6866,10.);
#1936=VECTOR('',#6867,10.);
#1937=VECTOR('',#6868,10.);
#1938=VECTOR('',#6869,10.);
#1939=VECTOR('',#6872,10.);
#1940=VECTOR('',#6873,10.);
#1941=VECTOR('',#6874,10.);
#1942=VECTOR('',#6877,10.);
#1943=VECTOR('',#6878,10.);
#1944=VECTOR('',#6879,10.);
#1945=VECTOR('',#6882,10.);
#1946=VECTOR('',#6883,10.);
#1947=VECTOR('',#6884,10.);
#1948=VECTOR('',#6885,10.);
#1949=VECTOR('',#6890,10.);
#1950=VECTOR('',#6891,10.);
#1951=VECTOR('',#6892,10.);
#1952=VECTOR('',#6893,10.);
#1953=VECTOR('',#6896,10.);
#1954=VECTOR('',#6897,10.);
#1955=VECTOR('',#6898,10.);
#1956=VECTOR('',#6901,10.);
#1957=VECTOR('',#6902,10.);
#1958=VECTOR('',#6903,10.);
#1959=VECTOR('',#6906,10.);
#1960=VECTOR('',#6907,10.);
#1961=VECTOR('',#6912,10.);
#1962=VECTOR('',#6913,10.);
#1963=VECTOR('',#6914,10.);
#1964=VECTOR('',#6915,10.);
#1965=VECTOR('',#6918,10.);
#1966=VECTOR('',#6919,10.);
#1967=VECTOR('',#6920,10.);
#1968=VECTOR('',#6923,10.);
#1969=VECTOR('',#6924,10.);
#1970=VECTOR('',#6925,10.);
#1971=VECTOR('',#6928,10.);
#1972=VECTOR('',#6929,10.);
#1973=VECTOR('',#6936,10.);
#1974=VECTOR('',#6939,10.);
#1975=VECTOR('',#6942,10.);
#1976=VECTOR('',#6945,10.);
#1977=VECTOR('',#6950,10.);
#1978=VECTOR('',#6953,10.);
#1979=VECTOR('',#6958,10.);
#1980=VECTOR('',#6959,10.);
#1981=VECTOR('',#6964,10.);
#1982=VECTOR('',#6967,10.);
#1983=VECTOR('',#6970,10.);
#1984=VECTOR('',#6973,10.);
#1985=VECTOR('',#6974,10.);
#1986=VECTOR('',#6977,10.);
#1987=VECTOR('',#6982,1.7);
#1988=VECTOR('',#6985,1.7);
#1989=VECTOR('',#6988,1.7);
#1990=VECTOR('',#6991,1.7);
#1991=VECTOR('',#6994,10.);
#1992=VECTOR('',#6995,10.);
#1993=VECTOR('',#6996,10.);
#1994=VECTOR('',#6997,10.);
#1995=VECTOR('',#7000,10.);
#1996=VECTOR('',#7001,10.);
#1997=VECTOR('',#7002,10.);
#1998=VECTOR('',#7003,10.);
#1999=VECTOR('',#7004,10.);
#2000=VECTOR('',#7005,10.);
#2001=VECTOR('',#7006,10.);
#2002=VECTOR('',#7007,10.);
#2003=VECTOR('',#7008,10.);
#2004=VECTOR('',#7009,10.);
#2005=VECTOR('',#7010,10.);
#2006=VECTOR('',#7011,10.);
#2007=VECTOR('',#7012,10.);
#2008=VECTOR('',#7013,10.);
#2009=VECTOR('',#7016,10.);
#2010=VECTOR('',#7017,10.);
#2011=VECTOR('',#7018,10.);
#2012=VECTOR('',#7021,10.);
#2013=VECTOR('',#7026,10.);
#2014=VECTOR('',#7027,10.);
#2015=VECTOR('',#7028,10.);
#2016=VECTOR('',#7039,10.);
#2017=VECTOR('',#7040,10.);
#2018=VECTOR('',#7041,10.);
#2019=VECTOR('',#7044,10.);
#2020=VECTOR('',#7045,10.);
#2021=VECTOR('',#7046,10.);
#2022=VECTOR('',#7049,10.);
#2023=VECTOR('',#7050,10.);
#2024=VECTOR('',#7053,10.);
#2025=VECTOR('',#7054,10.);
#2026=VECTOR('',#7057,10.);
#2027=VECTOR('',#7060,10.);
#2028=VECTOR('',#7061,10.);
#2029=VECTOR('',#7064,10.);
#2030=VECTOR('',#7065,10.);
#2031=VECTOR('',#7068,10.);
#2032=VECTOR('',#7069,10.);
#2033=VECTOR('',#7070,10.);
#2034=VECTOR('',#7071,10.);
#2035=VECTOR('',#7072,10.);
#2036=VECTOR('',#7075,10.);
#2037=VECTOR('',#7080,10.);
#2038=VECTOR('',#7093,2.1);
#2039=VECTOR('',#7104,2.1);
#2040=VECTOR('',#7115,2.1);
#2041=VECTOR('',#7126,2.1);
#2042=VECTOR('',#7147,10.);
#2043=VECTOR('',#7148,10.);
#2044=VECTOR('',#7149,10.);
#2045=VECTOR('',#7150,10.);
#2046=VECTOR('',#7153,1.7);
#2047=VECTOR('',#7158,1.7);
#2048=VECTOR('',#7163,1.7);
#2049=VECTOR('',#7168,1.7);
#2050=VECTOR('',#7173,10.);
#2051=VECTOR('',#7174,10.);
#2052=VECTOR('',#7175,10.);
#2053=VECTOR('',#7176,10.);
#2054=VECTOR('',#7181,10.);
#2055=VECTOR('',#7186,10.);
#2056=VECTOR('',#7187,10.);
#2057=VECTOR('',#7188,10.);
#2058=VECTOR('',#7193,10.);
#2059=VECTOR('',#7198,10.);
#2060=VECTOR('',#7199,10.);
#2061=VECTOR('',#7200,10.);
#2062=VECTOR('',#7205,10.);
#2063=VECTOR('',#7210,10.);
#2064=VECTOR('',#7211,10.);
#2065=VECTOR('',#7212,10.);
#2066=VECTOR('',#7221,10.);
#2067=VECTOR('',#7222,10.);
#2068=VECTOR('',#7223,10.);
#2069=VECTOR('',#7224,10.);
#2070=VECTOR('',#7227,10.);
#2071=VECTOR('',#7228,10.);
#2072=VECTOR('',#7229,10.);
#2073=VECTOR('',#7232,10.);
#2074=VECTOR('',#7233,10.);
#2075=VECTOR('',#7236,10.);
#2076=VECTOR('',#7237,10.);
#2077=VECTOR('',#7240,10.);
#2078=VECTOR('',#7241,10.);
#2079=VECTOR('',#7242,10.);
#2080=VECTOR('',#7243,10.);
#2081=VECTOR('',#7244,10.);
#2082=VECTOR('',#7259,10.);
#2083=VECTOR('',#7260,10.);
#2084=VECTOR('',#7261,10.);
#2085=VECTOR('',#7264,10.);
#2086=VECTOR('',#7265,10.);
#2087=VECTOR('',#7268,10.);
#2088=VECTOR('',#7269,10.);
#2089=VECTOR('',#7272,10.);
#2090=VECTOR('',#7275,10.);
#2091=VECTOR('',#7276,10.);
#2092=VECTOR('',#7277,10.);
#2093=VECTOR('',#7280,10.);
#2094=VECTOR('',#7281,10.);
#2095=VECTOR('',#7284,10.);
#2096=VECTOR('',#7285,10.);
#2097=VECTOR('',#7288,10.);
#2098=VECTOR('',#7291,1.25);
#2099=VECTOR('',#7296,1.25);
#2100=VECTOR('',#7301,1.25);
#2101=VECTOR('',#7310,1.25);
#2102=VECTOR('',#7315,10.);
#2103=VECTOR('',#7316,10.);
#2104=VECTOR('',#7317,10.);
#2105=VECTOR('',#7318,10.);
#2106=VECTOR('',#7323,10.);
#2107=VECTOR('',#7328,10.);
#2108=VECTOR('',#7329,10.);
#2109=VECTOR('',#7330,10.);
#2110=VECTOR('',#7331,10.);
#2111=VECTOR('',#7338,10.);
#2112=VECTOR('',#7343,10.);
#2113=VECTOR('',#7348,10.);
#2114=VECTOR('',#7351,10.);
#2115=VECTOR('',#7352,10.);
#2116=VECTOR('',#7353,10.);
#2117=VECTOR('',#7354,10.);
#2118=VECTOR('',#7355,10.);
#2119=VECTOR('',#7356,10.);
#2120=VECTOR('',#7357,10.);
#2121=VECTOR('',#7358,10.);
#2122=VECTOR('',#7359,10.);
#2123=VECTOR('',#7360,10.);
#2124=VECTOR('',#7361,10.);
#2125=VECTOR('',#7362,10.);
#2126=VECTOR('',#7369,2.1);
#2127=VECTOR('',#7380,2.1);
#2128=VECTOR('',#7391,2.1);
#2129=VECTOR('',#7402,2.1);
#2130=VECTOR('',#7427,3.);
#2131=VECTOR('',#7432,10.);
#2132=VECTOR('',#7435,10.);
#2133=VECTOR('',#7438,10.);
#2134=VECTOR('',#7439,10.);
#2135=VECTOR('',#7442,10.);
#2136=VECTOR('',#7445,10.);
#2137=VECTOR('',#7448,10.);
#2138=VECTOR('',#7451,10.);
#2139=VECTOR('',#7452,10.);
#2140=VECTOR('',#7453,10.);
#2141=VECTOR('',#7454,10.);
#2142=VECTOR('',#7455,10.);
#2143=VECTOR('',#7456,10.);
#2144=VECTOR('',#7457,10.);
#2145=VECTOR('',#7458,10.);
#2146=VECTOR('',#7459,10.);
#2147=VECTOR('',#7460,10.);
#2148=VECTOR('',#7461,10.);
#2149=VECTOR('',#7462,10.);
#2150=VECTOR('',#7463,10.);
#2151=VECTOR('',#7464,10.);
#2152=VECTOR('',#7465,10.);
#2153=VECTOR('',#7466,10.);
#2154=VECTOR('',#7467,10.);
#2155=VECTOR('',#7468,10.);
#2156=VECTOR('',#7469,10.);
#2157=VECTOR('',#7470,10.);
#2158=VECTOR('',#7471,10.);
#2159=VECTOR('',#7472,10.);
#2160=VECTOR('',#7473,10.);
#2161=VECTOR('',#7474,10.);
#2162=VECTOR('',#7477,10.);
#2163=VECTOR('',#7480,10.);
#2164=VECTOR('',#7483,10.);
#2165=VECTOR('',#7486,10.);
#2166=VECTOR('',#7489,10.);
#2167=VECTOR('',#7494,1.7);
#2168=VECTOR('',#7497,1.7);
#2169=VECTOR('',#7500,1.7);
#2170=VECTOR('',#7503,1.7);
#2171=VECTOR('',#7506,10.);
#2172=VECTOR('',#7507,10.);
#2173=VECTOR('',#7508,10.);
#2174=VECTOR('',#7509,10.);
#2175=VECTOR('',#7512,10.);
#2176=VECTOR('',#7513,10.);
#2177=VECTOR('',#7514,10.);
#2178=VECTOR('',#7515,10.);
#2179=VECTOR('',#7518,10.);
#2180=VECTOR('',#7519,10.);
#2181=VECTOR('',#7520,10.);
#2182=VECTOR('',#7521,10.);
#2183=VECTOR('',#7524,10.);
#2184=VECTOR('',#7525,10.);
#2185=VECTOR('',#7528,10.);
#2186=VECTOR('',#7529,10.);
#2187=VECTOR('',#7532,10.);
#2188=VECTOR('',#7533,10.);
#2189=VECTOR('',#7536,10.);
#2190=VECTOR('',#7537,10.);
#2191=VECTOR('',#7538,10.);
#2192=VECTOR('',#7541,10.);
#2193=VECTOR('',#7544,10.);
#2194=VECTOR('',#7545,10.);
#2195=VECTOR('',#7548,10.);
#2196=VECTOR('',#7549,10.);
#2197=VECTOR('',#7550,10.);
#2198=VECTOR('',#7553,10.);
#2199=VECTOR('',#7556,10.);
#2200=VECTOR('',#7557,10.);
#2201=VECTOR('',#7560,10.);
#2202=VECTOR('',#7561,10.);
#2203=VECTOR('',#7564,10.);
#2204=VECTOR('',#7565,10.);
#2205=VECTOR('',#7568,10.);
#2206=VECTOR('',#7569,10.);
#2207=VECTOR('',#7586,10.);
#2208=VECTOR('',#7587,10.);
#2209=VECTOR('',#7588,10.);
#2210=VECTOR('',#7589,10.);
#2211=VECTOR('',#7592,10.);
#2212=VECTOR('',#7593,10.);
#2213=VECTOR('',#7594,10.);
#2214=VECTOR('',#7597,10.);
#2215=VECTOR('',#7598,10.);
#2216=VECTOR('',#7599,10.);
#2217=VECTOR('',#7600,10.);
#2218=VECTOR('',#7603,10.);
#2219=VECTOR('',#7604,10.);
#2220=VECTOR('',#7605,10.);
#2221=VECTOR('',#7608,10.);
#2222=VECTOR('',#7609,10.);
#2223=VECTOR('',#7610,10.);
#2224=VECTOR('',#7613,10.);
#2225=VECTOR('',#7614,10.);
#2226=VECTOR('',#7617,10.);
#2227=VECTOR('',#7618,10.);
#2228=VECTOR('',#7621,10.);
#2229=VECTOR('',#7622,10.);
#2230=VECTOR('',#7623,10.);
#2231=VECTOR('',#7624,10.);
#2232=VECTOR('',#7627,10.);
#2233=VECTOR('',#7628,10.);
#2234=VECTOR('',#7629,10.);
#2235=VECTOR('',#7632,10.);
#2236=VECTOR('',#7633,10.);
#2237=VECTOR('',#7634,10.);
#2238=VECTOR('',#7637,10.);
#2239=VECTOR('',#7638,10.);
#2240=VECTOR('',#7639,10.);
#2241=VECTOR('',#7642,10.);
#2242=VECTOR('',#7643,10.);
#2243=VECTOR('',#7644,10.);
#2244=VECTOR('',#7647,10.);
#2245=VECTOR('',#7648,10.);
#2246=VECTOR('',#7649,10.);
#2247=VECTOR('',#7652,10.);
#2248=VECTOR('',#7653,10.);
#2249=VECTOR('',#7654,10.);
#2250=VECTOR('',#7657,10.);
#2251=VECTOR('',#7658,10.);
#2252=VECTOR('',#7661,10.);
#2253=VECTOR('',#7662,10.);
#2254=VECTOR('',#7663,10.);
#2255=VECTOR('',#7664,10.);
#2256=VECTOR('',#7667,10.);
#2257=VECTOR('',#7668,10.);
#2258=VECTOR('',#7669,10.);
#2259=VECTOR('',#7672,10.);
#2260=VECTOR('',#7673,10.);
#2261=VECTOR('',#7674,10.);
#2262=VECTOR('',#7677,10.);
#2263=VECTOR('',#7678,10.);
#2264=VECTOR('',#7679,10.);
#2265=VECTOR('',#7682,10.);
#2266=VECTOR('',#7683,10.);
#2267=VECTOR('',#7684,10.);
#2268=VECTOR('',#7687,10.);
#2269=VECTOR('',#7688,10.);
#2270=VECTOR('',#7689,10.);
#2271=VECTOR('',#7692,10.);
#2272=VECTOR('',#7693,10.);
#2273=VECTOR('',#7694,10.);
#2274=VECTOR('',#7697,10.);
#2275=VECTOR('',#7698,10.);
#2276=VECTOR('',#7703,1.75);
#2277=VECTOR('',#7708,10.);
#2278=VECTOR('',#7709,10.);
#2279=VECTOR('',#7710,10.);
#2280=VECTOR('',#7711,10.);
#2281=VECTOR('',#7714,10.);
#2282=VECTOR('',#7715,10.);
#2283=VECTOR('',#7716,10.);
#2284=VECTOR('',#7719,10.);
#2285=VECTOR('',#7720,10.);
#2286=VECTOR('',#7721,10.);
#2287=VECTOR('',#7722,10.);
#2288=VECTOR('',#7725,10.);
#2289=VECTOR('',#7726,10.);
#2290=VECTOR('',#7729,10.);
#2291=VECTOR('',#7730,10.);
#2292=VECTOR('',#7731,10.);
#2293=VECTOR('',#7732,10.);
#2294=VECTOR('',#7735,10.);
#2295=VECTOR('',#7736,10.);
#2296=VECTOR('',#7739,10.);
#2297=VECTOR('',#7740,10.);
#2298=VECTOR('',#7741,10.);
#2299=VECTOR('',#7744,10.);
#2300=VECTOR('',#7745,10.);
#2301=VECTOR('',#7748,10.);
#2302=VECTOR('',#7749,10.);
#2303=VECTOR('',#7750,10.);
#2304=VECTOR('',#7751,10.);
#2305=VECTOR('',#7754,10.);
#2306=VECTOR('',#7755,10.);
#2307=VECTOR('',#7756,10.);
#2308=VECTOR('',#7759,10.);
#2309=VECTOR('',#7760,10.);
#2310=VECTOR('',#7761,10.);
#2311=VECTOR('',#7764,10.);
#2312=VECTOR('',#7765,10.);
#2313=VECTOR('',#7766,10.);
#2314=VECTOR('',#7769,10.);
#2315=VECTOR('',#7770,10.);
#2316=VECTOR('',#7771,10.);
#2317=VECTOR('',#7774,10.);
#2318=VECTOR('',#7775,10.);
#2319=VECTOR('',#7776,10.);
#2320=VECTOR('',#7779,10.);
#2321=VECTOR('',#7780,10.);
#2322=VECTOR('',#7781,10.);
#2323=VECTOR('',#7784,10.);
#2324=VECTOR('',#7785,10.);
#2325=VECTOR('',#7788,10.);
#2326=VECTOR('',#7789,10.);
#2327=VECTOR('',#7790,10.);
#2328=VECTOR('',#7791,10.);
#2329=VECTOR('',#7794,10.);
#2330=VECTOR('',#7795,10.);
#2331=VECTOR('',#7796,10.);
#2332=VECTOR('',#7799,10.);
#2333=VECTOR('',#7800,10.);
#2334=VECTOR('',#7801,10.);
#2335=VECTOR('',#7804,10.);
#2336=VECTOR('',#7805,10.);
#2337=VECTOR('',#7806,10.);
#2338=VECTOR('',#7809,10.);
#2339=VECTOR('',#7810,10.);
#2340=VECTOR('',#7811,10.);
#2341=VECTOR('',#7814,10.);
#2342=VECTOR('',#7815,10.);
#2343=VECTOR('',#7816,10.);
#2344=VECTOR('',#7819,10.);
#2345=VECTOR('',#7820,10.);
#2346=VECTOR('',#7821,10.);
#2347=VECTOR('',#7824,10.);
#2348=VECTOR('',#7827,10.);
#2349=VECTOR('',#7834,10.);
#2350=VECTOR('',#7835,10.);
#2351=VECTOR('',#7836,10.);
#2352=VECTOR('',#7837,10.);
#2353=VECTOR('',#7840,10.);
#2354=VECTOR('',#7841,10.);
#2355=VECTOR('',#7842,10.);
#2356=VECTOR('',#7845,10.);
#2357=VECTOR('',#7846,10.);
#2358=VECTOR('',#7847,10.);
#2359=VECTOR('',#7850,10.);
#2360=VECTOR('',#7851,10.);
#2361=VECTOR('',#7860,10.);
#2362=VECTOR('',#7861,10.);
#2363=VECTOR('',#7862,10.);
#2364=VECTOR('',#7863,10.);
#2365=VECTOR('',#7866,10.);
#2366=VECTOR('',#7867,10.);
#2367=VECTOR('',#7868,10.);
#2368=VECTOR('',#7871,10.);
#2369=VECTOR('',#7872,10.);
#2370=VECTOR('',#7873,10.);
#2371=VECTOR('',#7880,10.);
#2372=VECTOR('',#7883,10.);
#2373=VECTOR('',#7884,10.);
#2374=VECTOR('',#7885,10.);
#2375=VECTOR('',#7896,10.);
#2376=VECTOR('',#7897,10.);
#2377=VECTOR('',#7898,10.);
#2378=VECTOR('',#7899,10.);
#2379=VECTOR('',#7902,10.);
#2380=VECTOR('',#7903,10.);
#2381=VECTOR('',#7904,10.);
#2382=VECTOR('',#7907,10.);
#2383=VECTOR('',#7908,10.);
#2384=VECTOR('',#7915,1.75);
#2385=VECTOR('',#7922,1.75);
#2386=VECTOR('',#7927,10.);
#2387=VECTOR('',#7928,10.);
#2388=VECTOR('',#7929,10.);
#2389=VECTOR('',#7930,10.);
#2390=VECTOR('',#7933,10.);
#2391=VECTOR('',#7934,10.);
#2392=VECTOR('',#7935,10.);
#2393=VECTOR('',#7938,10.);
#2394=VECTOR('',#7939,10.);
#2395=VECTOR('',#7940,10.);
#2396=VECTOR('',#7941,10.);
#2397=VECTOR('',#7942,10.);
#2398=VECTOR('',#7943,10.);
#2399=VECTOR('',#7948,10.);
#2400=VECTOR('',#7949,10.);
#2401=VECTOR('',#7952,10.);
#2402=VECTOR('',#7953,10.);
#2403=VECTOR('',#7956,10.);
#2404=VECTOR('',#7957,10.);
#2405=VECTOR('',#7958,10.);
#2406=VECTOR('',#7961,10.);
#2407=VECTOR('',#7964,10.);
#2408=VECTOR('',#7965,10.);
#2409=VECTOR('',#7968,1.75);
#2410=VECTOR('',#7975,10.);
#2411=VECTOR('',#7976,10.);
#2412=VECTOR('',#7977,10.);
#2413=VECTOR('',#7978,10.);
#2414=VECTOR('',#7981,10.);
#2415=VECTOR('',#7982,10.);
#2416=VECTOR('',#7983,10.);
#2417=VECTOR('',#7986,10.);
#2418=VECTOR('',#7987,10.);
#2419=VECTOR('',#7988,10.);
#2420=VECTOR('',#7991,10.);
#2421=VECTOR('',#7992,10.);
#2422=VECTOR('',#7997,10.);
#2423=VECTOR('',#8004,10.);
#2424=VECTOR('',#8005,10.);
#2425=VECTOR('',#8006,10.);
#2426=VECTOR('',#8007,10.);
#2427=VECTOR('',#8010,10.);
#2428=VECTOR('',#8011,10.);
#2429=VECTOR('',#8012,10.);
#2430=VECTOR('',#8015,10.);
#2431=VECTOR('',#8016,10.);
#2432=VECTOR('',#8017,10.);
#2433=VECTOR('',#8020,10.);
#2434=VECTOR('',#8021,10.);
#2435=VECTOR('',#8022,10.);
#2436=VECTOR('',#8025,10.);
#2437=VECTOR('',#8026,10.);
#2438=VECTOR('',#8033,10.);
#2439=VECTOR('',#8036,10.);
#2440=VECTOR('',#8039,10.);
#2441=VECTOR('',#8040,10.);
#2442=VECTOR('',#8041,10.);
#2443=VECTOR('',#8048,10.);
#2444=VECTOR('',#8051,10.);
#2445=VECTOR('',#8052,10.);
#2446=VECTOR('',#8053,10.);
#2447=VECTOR('',#8056,10.);
#2448=VECTOR('',#8057,10.);
#2449=VECTOR('',#8064,1.75);
#2450=VECTOR('',#8071,1.75);
#2451=VECTOR('',#8076,10.);
#2452=VECTOR('',#8077,10.);
#2453=VECTOR('',#8078,10.);
#2454=VECTOR('',#8079,10.);
#2455=VECTOR('',#8082,10.);
#2456=VECTOR('',#8083,10.);
#2457=VECTOR('',#8084,10.);
#2458=VECTOR('',#8087,10.);
#2459=VECTOR('',#8088,10.);
#2460=VECTOR('',#8089,10.);
#2461=VECTOR('',#8090,10.);
#2462=VECTOR('',#8091,10.);
#2463=VECTOR('',#8092,10.);
#2464=VECTOR('',#8097,10.);
#2465=VECTOR('',#8098,10.);
#2466=VECTOR('',#8101,10.);
#2467=VECTOR('',#8102,10.);
#2468=VECTOR('',#8105,10.);
#2469=VECTOR('',#8106,10.);
#2470=VECTOR('',#8107,10.);
#2471=VECTOR('',#8110,10.);
#2472=VECTOR('',#8113,10.);
#2473=VECTOR('',#8114,10.);
#2474=VECTOR('',#8117,1.75);
#2475=VECTOR('',#8124,10.);
#2476=VECTOR('',#8125,10.);
#2477=VECTOR('',#8126,10.);
#2478=VECTOR('',#8127,10.);
#2479=VECTOR('',#8130,10.);
#2480=VECTOR('',#8131,10.);
#2481=VECTOR('',#8132,10.);
#2482=VECTOR('',#8135,10.);
#2483=VECTOR('',#8136,10.);
#2484=VECTOR('',#8137,10.);
#2485=VECTOR('',#8140,10.);
#2486=VECTOR('',#8141,10.);
#2487=VECTOR('',#8146,10.);
#2488=VERTEX_POINT('',#8168);
#2489=VERTEX_POINT('',#8169);
#2490=VERTEX_POINT('',#8171);
#2491=VERTEX_POINT('',#8173);
#2492=VERTEX_POINT('',#8177);
#2493=VERTEX_POINT('',#8179);
#2494=VERTEX_POINT('',#8183);
#2495=VERTEX_POINT('',#8185);
#2496=VERTEX_POINT('',#8192);
#2497=VERTEX_POINT('',#8193);
#2498=VERTEX_POINT('',#8195);
#2499=VERTEX_POINT('',#8197);
#2500=VERTEX_POINT('',#8201);
#2501=VERTEX_POINT('',#8203);
#2502=VERTEX_POINT('',#8207);
#2503=VERTEX_POINT('',#8209);
#2504=VERTEX_POINT('',#8215);
#2505=VERTEX_POINT('',#8217);
#2506=VERTEX_POINT('',#8221);
#2507=VERTEX_POINT('',#8224);
#2508=VERTEX_POINT('',#8226);
#2509=VERTEX_POINT('',#8230);
#2510=VERTEX_POINT('',#8233);
#2511=VERTEX_POINT('',#8235);
#2512=VERTEX_POINT('',#8239);
#2513=VERTEX_POINT('',#8242);
#2514=VERTEX_POINT('',#8244);
#2515=VERTEX_POINT('',#8248);
#2516=VERTEX_POINT('',#8251);
#2517=VERTEX_POINT('',#8253);
#2518=VERTEX_POINT('',#8257);
#2519=VERTEX_POINT('',#8260);
#2520=VERTEX_POINT('',#8262);
#2521=VERTEX_POINT('',#8266);
#2522=VERTEX_POINT('',#8269);
#2523=VERTEX_POINT('',#8271);
#2524=VERTEX_POINT('',#8275);
#2525=VERTEX_POINT('',#8278);
#2526=VERTEX_POINT('',#8280);
#2527=VERTEX_POINT('',#8284);
#2528=VERTEX_POINT('',#8294);
#2529=VERTEX_POINT('',#8295);
#2530=VERTEX_POINT('',#8300);
#2531=VERTEX_POINT('',#8302);
#2532=VERTEX_POINT('',#8316);
#2533=VERTEX_POINT('',#8321);
#2534=VERTEX_POINT('',#8335);
#2535=VERTEX_POINT('',#8340);
#2536=VERTEX_POINT('',#8354);
#2537=VERTEX_POINT('',#8359);
#2538=VERTEX_POINT('',#8373);
#2539=VERTEX_POINT('',#8378);
#2540=VERTEX_POINT('',#8392);
#2541=VERTEX_POINT('',#8397);
#2542=VERTEX_POINT('',#8411);
#2543=VERTEX_POINT('',#8416);
#2544=VERTEX_POINT('',#8423);
#2545=VERTEX_POINT('',#8425);
#2546=VERTEX_POINT('',#8429);
#2547=VERTEX_POINT('',#8431);
#2548=VERTEX_POINT('',#8442);
#2549=VERTEX_POINT('',#8447);
#2550=VERTEX_POINT('',#8461);
#2551=VERTEX_POINT('',#8466);
#2552=VERTEX_POINT('',#8480);
#2553=VERTEX_POINT('',#8485);
#2554=VERTEX_POINT('',#8499);
#2555=VERTEX_POINT('',#8504);
#2556=VERTEX_POINT('',#8518);
#2557=VERTEX_POINT('',#8523);
#2558=VERTEX_POINT('',#8537);
#2559=VERTEX_POINT('',#8542);
#2560=VERTEX_POINT('',#8556);
#2561=VERTEX_POINT('',#8561);
#2562=VERTEX_POINT('',#8575);
#2563=VERTEX_POINT('',#8580);
#2564=VERTEX_POINT('',#8587);
#2565=VERTEX_POINT('',#8589);
#2566=VERTEX_POINT('',#8593);
#2567=VERTEX_POINT('',#8595);
#2568=VERTEX_POINT('',#8623);
#2569=VERTEX_POINT('',#8624);
#2570=VERTEX_POINT('',#8629);
#2571=VERTEX_POINT('',#8631);
#2572=VERTEX_POINT('',#8638);
#2573=VERTEX_POINT('',#8640);
#2574=VERTEX_POINT('',#8644);
#2575=VERTEX_POINT('',#8646);
#2576=VERTEX_POINT('',#8650);
#2577=VERTEX_POINT('',#8652);
#2578=VERTEX_POINT('',#8663);
#2579=VERTEX_POINT('',#8668);
#2580=VERTEX_POINT('',#8682);
#2581=VERTEX_POINT('',#8687);
#2582=VERTEX_POINT('',#8717);
#2583=VERTEX_POINT('',#8718);
#2584=VERTEX_POINT('',#8723);
#2585=VERTEX_POINT('',#8725);
#2586=VERTEX_POINT('',#8732);
#2587=VERTEX_POINT('',#8734);
#2588=VERTEX_POINT('',#8738);
#2589=VERTEX_POINT('',#8740);
#2590=VERTEX_POINT('',#8744);
#2591=VERTEX_POINT('',#8746);
#2592=VERTEX_POINT('',#8757);
#2593=VERTEX_POINT('',#8762);
#2594=VERTEX_POINT('',#8776);
#2595=VERTEX_POINT('',#8781);
#2596=VERTEX_POINT('',#8811);
#2597=VERTEX_POINT('',#8812);
#2598=VERTEX_POINT('',#8817);
#2599=VERTEX_POINT('',#8819);
#2600=VERTEX_POINT('',#8826);
#2601=VERTEX_POINT('',#8828);
#2602=VERTEX_POINT('',#8839);
#2603=VERTEX_POINT('',#8844);
#2604=VERTEX_POINT('',#8858);
#2605=VERTEX_POINT('',#8863);
#2606=VERTEX_POINT('',#8877);
#2607=VERTEX_POINT('',#8882);
#2608=VERTEX_POINT('',#8889);
#2609=VERTEX_POINT('',#8891);
#2610=VERTEX_POINT('',#8895);
#2611=VERTEX_POINT('',#8897);
#2612=VERTEX_POINT('',#8901);
#2613=VERTEX_POINT('',#8903);
#2614=VERTEX_POINT('',#8914);
#2615=VERTEX_POINT('',#8919);
#2616=VERTEX_POINT('',#8943);
#2617=VERTEX_POINT('',#8944);
#2618=VERTEX_POINT('',#8946);
#2619=VERTEX_POINT('',#8948);
#2620=VERTEX_POINT('',#8952);
#2621=VERTEX_POINT('',#8954);
#2622=VERTEX_POINT('',#8958);
#2623=VERTEX_POINT('',#8960);
#2624=VERTEX_POINT('',#8968);
#2625=VERTEX_POINT('',#8969);
#2626=VERTEX_POINT('',#8971);
#2627=VERTEX_POINT('',#8973);
#2628=VERTEX_POINT('',#8977);
#2629=VERTEX_POINT('',#8979);
#2630=VERTEX_POINT('',#8983);
#2631=VERTEX_POINT('',#8985);
#2632=VERTEX_POINT('',#8993);
#2633=VERTEX_POINT('',#8994);
#2634=VERTEX_POINT('',#8996);
#2635=VERTEX_POINT('',#8998);
#2636=VERTEX_POINT('',#9000);
#2637=VERTEX_POINT('',#9002);
#2638=VERTEX_POINT('',#9004);
#2639=VERTEX_POINT('',#9006);
#2640=VERTEX_POINT('',#9011);
#2641=VERTEX_POINT('',#9013);
#2642=VERTEX_POINT('',#9018);
#2643=VERTEX_POINT('',#9022);
#2644=VERTEX_POINT('',#9026);
#2645=VERTEX_POINT('',#9028);
#2646=VERTEX_POINT('',#9032);
#2647=VERTEX_POINT('',#9036);
#2648=VERTEX_POINT('',#9048);
#2649=VERTEX_POINT('',#9049);
#2650=VERTEX_POINT('',#9051);
#2651=VERTEX_POINT('',#9053);
#2652=VERTEX_POINT('',#9059);
#2653=VERTEX_POINT('',#9060);
#2654=VERTEX_POINT('',#9062);
#2655=VERTEX_POINT('',#9064);
#2656=VERTEX_POINT('',#9066);
#2657=VERTEX_POINT('',#9068);
#2658=VERTEX_POINT('',#9070);
#2659=VERTEX_POINT('',#9072);
#2660=VERTEX_POINT('',#9074);
#2661=VERTEX_POINT('',#9076);
#2662=VERTEX_POINT('',#9078);
#2663=VERTEX_POINT('',#9080);
#2664=VERTEX_POINT('',#9084);
#2665=VERTEX_POINT('',#9086);
#2666=VERTEX_POINT('',#9089);
#2667=VERTEX_POINT('',#9091);
#2668=VERTEX_POINT('',#9095);
#2669=VERTEX_POINT('',#9097);
#2670=VERTEX_POINT('',#9105);
#2671=VERTEX_POINT('',#9107);
#2672=VERTEX_POINT('',#9111);
#2673=VERTEX_POINT('',#9113);
#2674=VERTEX_POINT('',#9117);
#2675=VERTEX_POINT('',#9121);
#2676=VERTEX_POINT('',#9127);
#2677=VERTEX_POINT('',#9131);
#2678=VERTEX_POINT('',#9135);
#2679=VERTEX_POINT('',#9139);
#2680=VERTEX_POINT('',#9152);
#2681=VERTEX_POINT('',#9154);
#2682=VERTEX_POINT('',#9158);
#2683=VERTEX_POINT('',#9161);
#2684=VERTEX_POINT('',#9163);
#2685=VERTEX_POINT('',#9167);
#2686=VERTEX_POINT('',#9170);
#2687=VERTEX_POINT('',#9172);
#2688=VERTEX_POINT('',#9176);
#2689=VERTEX_POINT('',#9179);
#2690=VERTEX_POINT('',#9181);
#2691=VERTEX_POINT('',#9185);
#2692=VERTEX_POINT('',#9188);
#2693=VERTEX_POINT('',#9191);
#2694=VERTEX_POINT('',#9192);
#2695=VERTEX_POINT('',#9209);
#2696=VERTEX_POINT('',#9211);
#2697=VERTEX_POINT('',#9288);
#2698=VERTEX_POINT('',#9362);
#2699=VERTEX_POINT('',#9377);
#2700=VERTEX_POINT('',#9378);
#2701=VERTEX_POINT('',#9380);
#2702=VERTEX_POINT('',#9382);
#2703=VERTEX_POINT('',#9386);
#2704=VERTEX_POINT('',#9390);
#2705=VERTEX_POINT('',#9394);
#2706=VERTEX_POINT('',#9398);
#2707=VERTEX_POINT('',#9402);
#2708=VERTEX_POINT('',#9403);
#2709=VERTEX_POINT('',#9405);
#2710=VERTEX_POINT('',#9407);
#2711=VERTEX_POINT('',#9411);
#2712=VERTEX_POINT('',#9413);
#2713=VERTEX_POINT('',#9417);
#2714=VERTEX_POINT('',#9419);
#2715=VERTEX_POINT('',#9423);
#2716=VERTEX_POINT('',#9425);
#2717=VERTEX_POINT('',#9429);
#2718=VERTEX_POINT('',#9430);
#2719=VERTEX_POINT('',#9435);
#2720=VERTEX_POINT('',#9437);
#2721=VERTEX_POINT('',#9441);
#2722=VERTEX_POINT('',#9442);
#2723=VERTEX_POINT('',#9450);
#2724=VERTEX_POINT('',#9451);
#2725=VERTEX_POINT('',#9453);
#2726=VERTEX_POINT('',#9455);
#2727=VERTEX_POINT('',#9459);
#2728=VERTEX_POINT('',#9461);
#2729=VERTEX_POINT('',#9465);
#2730=VERTEX_POINT('',#9469);
#2731=VERTEX_POINT('',#9473);
#2732=VERTEX_POINT('',#9475);
#2733=VERTEX_POINT('',#9477);
#2734=VERTEX_POINT('',#9479);
#2735=VERTEX_POINT('',#9483);
#2736=VERTEX_POINT('',#9486);
#2737=VERTEX_POINT('',#9489);
#2738=VERTEX_POINT('',#9492);
#2739=VERTEX_POINT('',#9494);
#2740=VERTEX_POINT('',#9498);
#2741=VERTEX_POINT('',#9502);
#2742=VERTEX_POINT('',#9508);
#2743=VERTEX_POINT('',#9509);
#2744=VERTEX_POINT('',#9514);
#2745=VERTEX_POINT('',#9518);
#2746=VERTEX_POINT('',#9524);
#2747=VERTEX_POINT('',#9528);
#2748=VERTEX_POINT('',#9532);
#2749=VERTEX_POINT('',#9536);
#2750=VERTEX_POINT('',#9543);
#2751=VERTEX_POINT('',#9544);
#2752=VERTEX_POINT('',#9546);
#2753=VERTEX_POINT('',#9548);
#2754=VERTEX_POINT('',#9552);
#2755=VERTEX_POINT('',#9554);
#2756=VERTEX_POINT('',#9558);
#2757=VERTEX_POINT('',#9559);
#2758=VERTEX_POINT('',#9561);
#2759=VERTEX_POINT('',#9563);
#2760=VERTEX_POINT('',#9567);
#2761=VERTEX_POINT('',#9569);
#2762=VERTEX_POINT('',#9573);
#2763=VERTEX_POINT('',#9575);
#2764=VERTEX_POINT('',#9578);
#2765=VERTEX_POINT('',#9580);
#2766=VERTEX_POINT('',#9583);
#2767=VERTEX_POINT('',#9584);
#2768=VERTEX_POINT('',#9586);
#2769=VERTEX_POINT('',#9588);
#2770=VERTEX_POINT('',#9591);
#2771=VERTEX_POINT('',#9592);
#2772=VERTEX_POINT('',#9594);
#2773=VERTEX_POINT('',#9596);
#2774=VERTEX_POINT('',#9599);
#2775=VERTEX_POINT('',#9600);
#2776=VERTEX_POINT('',#9602);
#2777=VERTEX_POINT('',#9604);
#2778=VERTEX_POINT('',#9607);
#2779=VERTEX_POINT('',#9610);
#2780=VERTEX_POINT('',#9612);
#2781=VERTEX_POINT('',#9616);
#2782=VERTEX_POINT('',#9619);
#2783=VERTEX_POINT('',#9621);
#2784=VERTEX_POINT('',#9625);
#2785=VERTEX_POINT('',#9628);
#2786=VERTEX_POINT('',#9630);
#2787=VERTEX_POINT('',#9634);
#2788=VERTEX_POINT('',#9637);
#2789=VERTEX_POINT('',#9639);
#2790=VERTEX_POINT('',#9643);
#2791=VERTEX_POINT('',#9646);
#2792=VERTEX_POINT('',#9649);
#2793=VERTEX_POINT('',#9652);
#2794=VERTEX_POINT('',#9655);
#2795=VERTEX_POINT('',#9658);
#2796=VERTEX_POINT('',#9662);
#2797=VERTEX_POINT('',#9664);
#2798=VERTEX_POINT('',#9668);
#2799=VERTEX_POINT('',#9672);
#2800=VERTEX_POINT('',#9674);
#2801=VERTEX_POINT('',#9676);
#2802=VERTEX_POINT('',#9678);
#2803=VERTEX_POINT('',#9680);
#2804=VERTEX_POINT('',#9683);
#2805=VERTEX_POINT('',#9684);
#2806=VERTEX_POINT('',#9686);
#2807=VERTEX_POINT('',#9688);
#2808=VERTEX_POINT('',#9691);
#2809=VERTEX_POINT('',#9692);
#2810=VERTEX_POINT('',#9694);
#2811=VERTEX_POINT('',#9696);
#2812=VERTEX_POINT('',#9699);
#2813=VERTEX_POINT('',#9700);
#2814=VERTEX_POINT('',#9702);
#2815=VERTEX_POINT('',#9704);
#2816=VERTEX_POINT('',#9707);
#2817=VERTEX_POINT('',#9708);
#2818=VERTEX_POINT('',#9710);
#2819=VERTEX_POINT('',#9712);
#2820=VERTEX_POINT('',#9715);
#2821=VERTEX_POINT('',#9716);
#2822=VERTEX_POINT('',#9718);
#2823=VERTEX_POINT('',#9720);
#2824=VERTEX_POINT('',#9723);
#2825=VERTEX_POINT('',#9724);
#2826=VERTEX_POINT('',#9726);
#2827=VERTEX_POINT('',#9728);
#2828=VERTEX_POINT('',#9751);
#2829=VERTEX_POINT('',#9752);
#2830=VERTEX_POINT('',#9754);
#2831=VERTEX_POINT('',#9756);
#2832=VERTEX_POINT('',#9760);
#2833=VERTEX_POINT('',#9761);
#2834=VERTEX_POINT('',#9763);
#2835=VERTEX_POINT('',#9765);
#2836=VERTEX_POINT('',#9769);
#2837=VERTEX_POINT('',#9770);
#2838=VERTEX_POINT('',#9772);
#2839=VERTEX_POINT('',#9774);
#2840=VERTEX_POINT('',#9821);
#2841=VERTEX_POINT('',#9822);
#2842=VERTEX_POINT('',#9824);
#2843=VERTEX_POINT('',#9826);
#2844=VERTEX_POINT('',#9830);
#2845=VERTEX_POINT('',#9832);
#2846=VERTEX_POINT('',#9836);
#2847=VERTEX_POINT('',#9837);
#2848=VERTEX_POINT('',#9839);
#2849=VERTEX_POINT('',#9841);
#2850=VERTEX_POINT('',#9845);
#2851=VERTEX_POINT('',#9847);
#2852=VERTEX_POINT('',#9851);
#2853=VERTEX_POINT('',#9853);
#2854=VERTEX_POINT('',#9863);
#2855=VERTEX_POINT('',#9864);
#2856=VERTEX_POINT('',#9866);
#2857=VERTEX_POINT('',#9868);
#2858=VERTEX_POINT('',#9872);
#2859=VERTEX_POINT('',#9874);
#2860=VERTEX_POINT('',#9878);
#2861=VERTEX_POINT('',#9880);
#2862=VERTEX_POINT('',#9884);
#2863=VERTEX_POINT('',#9886);
#2864=VERTEX_POINT('',#9890);
#2865=VERTEX_POINT('',#9892);
#2866=VERTEX_POINT('',#9896);
#2867=VERTEX_POINT('',#9898);
#2868=VERTEX_POINT('',#9902);
#2869=VERTEX_POINT('',#9904);
#2870=VERTEX_POINT('',#9911);
#2871=VERTEX_POINT('',#9912);
#2872=VERTEX_POINT('',#9914);
#2873=VERTEX_POINT('',#9916);
#2874=VERTEX_POINT('',#9920);
#2875=VERTEX_POINT('',#9922);
#2876=VERTEX_POINT('',#9926);
#2877=VERTEX_POINT('',#9928);
#2878=VERTEX_POINT('',#9932);
#2879=VERTEX_POINT('',#9934);
#2880=VERTEX_POINT('',#9938);
#2881=VERTEX_POINT('',#9940);
#2882=VERTEX_POINT('',#9944);
#2883=VERTEX_POINT('',#9946);
#2884=VERTEX_POINT('',#9950);
#2885=VERTEX_POINT('',#9952);
#2886=VERTEX_POINT('',#9959);
#2887=VERTEX_POINT('',#9961);
#2888=VERTEX_POINT('',#9965);
#2889=VERTEX_POINT('',#9966);
#2890=VERTEX_POINT('',#9968);
#2891=VERTEX_POINT('',#9970);
#2892=VERTEX_POINT('',#9974);
#2893=VERTEX_POINT('',#9976);
#2894=VERTEX_POINT('',#9980);
#2895=VERTEX_POINT('',#9981);
#2896=VERTEX_POINT('',#9983);
#2897=VERTEX_POINT('',#9985);
#2898=VERTEX_POINT('',#9992);
#2899=VERTEX_POINT('',#9993);
#2900=VERTEX_POINT('',#9995);
#2901=VERTEX_POINT('',#9997);
#2902=VERTEX_POINT('',#10004);
#2903=VERTEX_POINT('',#10006);
#2904=VERTEX_POINT('',#10013);
#2905=VERTEX_POINT('',#10014);
#2906=VERTEX_POINT('',#10016);
#2907=VERTEX_POINT('',#10018);
#2908=VERTEX_POINT('',#10022);
#2909=VERTEX_POINT('',#10024);
#2910=VERTEX_POINT('',#10028);
#2911=VERTEX_POINT('',#10030);
#2912=VERTEX_POINT('',#10034);
#2913=VERTEX_POINT('',#10036);
#2914=VERTEX_POINT('',#10040);
#2915=VERTEX_POINT('',#10042);
#2916=VERTEX_POINT('',#10046);
#2917=VERTEX_POINT('',#10048);
#2918=VERTEX_POINT('',#10052);
#2919=VERTEX_POINT('',#10054);
#2920=VERTEX_POINT('',#10061);
#2921=VERTEX_POINT('',#10062);
#2922=VERTEX_POINT('',#10064);
#2923=VERTEX_POINT('',#10066);
#2924=VERTEX_POINT('',#10070);
#2925=VERTEX_POINT('',#10072);
#2926=VERTEX_POINT('',#10076);
#2927=VERTEX_POINT('',#10078);
#2928=VERTEX_POINT('',#10082);
#2929=VERTEX_POINT('',#10084);
#2930=VERTEX_POINT('',#10088);
#2931=VERTEX_POINT('',#10090);
#2932=VERTEX_POINT('',#10094);
#2933=VERTEX_POINT('',#10096);
#2934=VERTEX_POINT('',#10100);
#2935=VERTEX_POINT('',#10102);
#2936=VERTEX_POINT('',#10112);
#2937=VERTEX_POINT('',#10113);
#2938=VERTEX_POINT('',#10115);
#2939=VERTEX_POINT('',#10117);
#2940=VERTEX_POINT('',#10121);
#2941=VERTEX_POINT('',#10123);
#2942=VERTEX_POINT('',#10127);
#2943=VERTEX_POINT('',#10129);
#2944=VERTEX_POINT('',#10139);
#2945=VERTEX_POINT('',#10140);
#2946=VERTEX_POINT('',#10142);
#2947=VERTEX_POINT('',#10144);
#2948=VERTEX_POINT('',#10148);
#2949=VERTEX_POINT('',#10150);
#2950=VERTEX_POINT('',#10154);
#2951=VERTEX_POINT('',#10156);
#2952=VERTEX_POINT('',#10160);
#2953=VERTEX_POINT('',#10162);
#2954=VERTEX_POINT('',#10166);
#2955=VERTEX_POINT('',#10168);
#2956=VERTEX_POINT('',#10176);
#2957=VERTEX_POINT('',#10177);
#2958=VERTEX_POINT('',#10179);
#2959=VERTEX_POINT('',#10181);
#2960=VERTEX_POINT('',#10185);
#2961=VERTEX_POINT('',#10187);
#2962=VERTEX_POINT('',#10195);
#2963=VERTEX_POINT('',#10197);
#2964=VERTEX_POINT('',#10201);
#2965=VERTEX_POINT('',#10203);
#2966=VERTEX_POINT('',#10207);
#2967=VERTEX_POINT('',#10208);
#2968=VERTEX_POINT('',#10210);
#2969=VERTEX_POINT('',#10212);
#2970=VERTEX_POINT('',#10216);
#2971=VERTEX_POINT('',#10218);
#2972=VERTEX_POINT('',#10222);
#2973=VERTEX_POINT('',#10224);
#2974=VERTEX_POINT('',#10226);
#2975=VERTEX_POINT('',#10228);
#2976=VERTEX_POINT('',#10230);
#2977=VERTEX_POINT('',#10233);
#2978=VERTEX_POINT('',#10236);
#2979=VERTEX_POINT('',#10240);
#2980=VERTEX_POINT('',#10244);
#2981=VERTEX_POINT('',#10245);
#2982=VERTEX_POINT('',#10252);
#2983=VERTEX_POINT('',#10256);
#2984=VERTEX_POINT('',#10261);
#2985=VERTEX_POINT('',#10262);
#2986=VERTEX_POINT('',#10264);
#2987=VERTEX_POINT('',#10266);
#2988=VERTEX_POINT('',#10270);
#2989=VERTEX_POINT('',#10272);
#2990=VERTEX_POINT('',#10276);
#2991=VERTEX_POINT('',#10278);
#2992=VERTEX_POINT('',#10290);
#2993=VERTEX_POINT('',#10291);
#2994=VERTEX_POINT('',#10293);
#2995=VERTEX_POINT('',#10295);
#2996=VERTEX_POINT('',#10299);
#2997=VERTEX_POINT('',#10301);
#2998=VERTEX_POINT('',#10305);
#2999=VERTEX_POINT('',#10307);
#3000=VERTEX_POINT('',#10311);
#3001=VERTEX_POINT('',#10313);
#3002=VERTEX_POINT('',#10321);
#3003=VERTEX_POINT('',#10322);
#3004=VERTEX_POINT('',#10324);
#3005=VERTEX_POINT('',#10326);
#3006=VERTEX_POINT('',#10330);
#3007=VERTEX_POINT('',#10332);
#3008=VERTEX_POINT('',#10336);
#3009=VERTEX_POINT('',#10338);
#3010=VERTEX_POINT('',#10350);
#3011=VERTEX_POINT('',#10352);
#3012=VERTEX_POINT('',#10356);
#3013=VERTEX_POINT('',#10358);
#3014=VERTEX_POINT('',#10362);
#3015=VERTEX_POINT('',#10363);
#3016=VERTEX_POINT('',#10365);
#3017=VERTEX_POINT('',#10367);
#3018=VERTEX_POINT('',#10371);
#3019=VERTEX_POINT('',#10373);
#3020=VERTEX_POINT('',#10377);
#3021=VERTEX_POINT('',#10379);
#3022=VERTEX_POINT('',#10381);
#3023=VERTEX_POINT('',#10383);
#3024=VERTEX_POINT('',#10385);
#3025=VERTEX_POINT('',#10388);
#3026=VERTEX_POINT('',#10391);
#3027=VERTEX_POINT('',#10395);
#3028=VERTEX_POINT('',#10399);
#3029=VERTEX_POINT('',#10400);
#3030=VERTEX_POINT('',#10407);
#3031=VERTEX_POINT('',#10411);
#3032=VERTEX_POINT('',#10416);
#3033=VERTEX_POINT('',#10417);
#3034=VERTEX_POINT('',#10419);
#3035=VERTEX_POINT('',#10421);
#3036=VERTEX_POINT('',#10425);
#3037=VERTEX_POINT('',#10427);
#3038=VERTEX_POINT('',#10431);
#3039=VERTEX_POINT('',#10433);
#3040=EDGE_CURVE('',#2488,#2489,#1204,.T.);
#3041=EDGE_CURVE('',#2490,#2488,#1205,.T.);
#3042=EDGE_CURVE('',#2490,#2491,#1206,.T.);
#3043=EDGE_CURVE('',#2491,#2489,#1207,.T.);
#3044=EDGE_CURVE('',#2492,#2488,#1208,.T.);
#3045=EDGE_CURVE('',#2493,#2492,#1209,.T.);
#3046=EDGE_CURVE('',#2493,#2490,#1210,.T.);
#3047=EDGE_CURVE('',#2489,#2494,#1211,.T.);
#3048=EDGE_CURVE('',#2491,#2495,#1212,.T.);
#3049=EDGE_CURVE('',#2495,#2494,#1213,.T.);
#3050=EDGE_CURVE('',#2494,#2492,#1214,.T.);
#3051=EDGE_CURVE('',#2495,#2493,#1215,.T.);
#3052=EDGE_CURVE('',#2496,#2497,#1216,.T.);
#3053=EDGE_CURVE('',#2496,#2498,#1217,.T.);
#3054=EDGE_CURVE('',#2498,#2499,#1218,.T.);
#3055=EDGE_CURVE('',#2497,#2499,#1219,.T.);
#3056=EDGE_CURVE('',#2500,#2496,#1220,.T.);
#3057=EDGE_CURVE('',#2500,#2501,#1221,.T.);
#3058=EDGE_CURVE('',#2501,#2498,#1222,.T.);
#3059=EDGE_CURVE('',#2497,#2502,#1223,.T.);
#3060=EDGE_CURVE('',#2499,#2503,#1224,.T.);
#3061=EDGE_CURVE('',#2502,#2503,#1225,.T.);
#3062=EDGE_CURVE('',#2503,#2501,#1226,.T.);
#3063=EDGE_CURVE('',#2504,#2504,#175,.T.);
#3064=EDGE_CURVE('',#2504,#2505,#1227,.T.);
#3065=EDGE_CURVE('',#2505,#2505,#176,.T.);
#3066=EDGE_CURVE('',#2506,#2506,#177,.T.);
#3067=EDGE_CURVE('',#2507,#2507,#178,.T.);
#3068=EDGE_CURVE('',#2507,#2508,#1228,.T.);
#3069=EDGE_CURVE('',#2508,#2508,#179,.T.);
#3070=EDGE_CURVE('',#2509,#2509,#180,.T.);
#3071=EDGE_CURVE('',#2510,#2510,#181,.T.);
#3072=EDGE_CURVE('',#2510,#2511,#1229,.T.);
#3073=EDGE_CURVE('',#2511,#2511,#182,.T.);
#3074=EDGE_CURVE('',#2512,#2512,#183,.T.);
#3075=EDGE_CURVE('',#2513,#2513,#184,.T.);
#3076=EDGE_CURVE('',#2513,#2514,#1230,.T.);
#3077=EDGE_CURVE('',#2514,#2514,#185,.T.);
#3078=EDGE_CURVE('',#2515,#2515,#186,.T.);
#3079=EDGE_CURVE('',#2516,#2516,#187,.T.);
#3080=EDGE_CURVE('',#2516,#2517,#1231,.T.);
#3081=EDGE_CURVE('',#2517,#2517,#188,.T.);
#3082=EDGE_CURVE('',#2518,#2518,#189,.T.);
#3083=EDGE_CURVE('',#2519,#2519,#190,.T.);
#3084=EDGE_CURVE('',#2519,#2520,#1232,.T.);
#3085=EDGE_CURVE('',#2520,#2520,#191,.T.);
#3086=EDGE_CURVE('',#2521,#2521,#192,.T.);
#3087=EDGE_CURVE('',#2522,#2522,#193,.T.);
#3088=EDGE_CURVE('',#2522,#2523,#1233,.T.);
#3089=EDGE_CURVE('',#2523,#2523,#194,.T.);
#3090=EDGE_CURVE('',#2524,#2524,#195,.T.);
#3091=EDGE_CURVE('',#2525,#2525,#196,.T.);
#3092=EDGE_CURVE('',#2525,#2526,#1234,.T.);
#3093=EDGE_CURVE('',#2526,#2526,#197,.T.);
#3094=EDGE_CURVE('',#2527,#2527,#198,.T.);
#3095=EDGE_CURVE('',#2528,#2529,#77,.T.);
#3096=EDGE_CURVE('',#2528,#2530,#1235,.T.);
#3097=EDGE_CURVE('',#2530,#2531,#78,.T.);
#3098=EDGE_CURVE('',#2529,#2531,#1236,.T.);
#3099=EDGE_CURVE('',#2532,#2528,#79,.T.);
#3100=EDGE_CURVE('',#2532,#2533,#1237,.T.);
#3101=EDGE_CURVE('',#2533,#2530,#80,.T.);
#3102=EDGE_CURVE('',#2534,#2532,#81,.T.);
#3103=EDGE_CURVE('',#2534,#2535,#1238,.T.);
#3104=EDGE_CURVE('',#2535,#2533,#82,.T.);
#3105=EDGE_CURVE('',#2536,#2534,#83,.T.);
#3106=EDGE_CURVE('',#2536,#2537,#1239,.T.);
#3107=EDGE_CURVE('',#2537,#2535,#84,.T.);
#3108=EDGE_CURVE('',#2538,#2536,#85,.T.);
#3109=EDGE_CURVE('',#2538,#2539,#1240,.T.);
#3110=EDGE_CURVE('',#2539,#2537,#86,.T.);
#3111=EDGE_CURVE('',#2540,#2538,#87,.T.);
#3112=EDGE_CURVE('',#2540,#2541,#1241,.T.);
#3113=EDGE_CURVE('',#2541,#2539,#88,.T.);
#3114=EDGE_CURVE('',#2542,#2540,#89,.T.);
#3115=EDGE_CURVE('',#2542,#2543,#1242,.T.);
#3116=EDGE_CURVE('',#2543,#2541,#90,.T.);
#3117=EDGE_CURVE('',#2544,#2542,#1243,.T.);
#3118=EDGE_CURVE('',#2544,#2545,#1244,.T.);
#3119=EDGE_CURVE('',#2545,#2543,#1245,.T.);
#3120=EDGE_CURVE('',#2546,#2544,#1246,.T.);
#3121=EDGE_CURVE('',#2546,#2547,#1247,.T.);
#3122=EDGE_CURVE('',#2547,#2545,#1248,.T.);
#3123=EDGE_CURVE('',#2548,#2546,#91,.T.);
#3124=EDGE_CURVE('',#2548,#2549,#1249,.T.);
#3125=EDGE_CURVE('',#2549,#2547,#92,.T.);
#3126=EDGE_CURVE('',#2550,#2548,#93,.T.);
#3127=EDGE_CURVE('',#2550,#2551,#1250,.T.);
#3128=EDGE_CURVE('',#2551,#2549,#94,.T.);
#3129=EDGE_CURVE('',#2552,#2550,#95,.T.);
#3130=EDGE_CURVE('',#2552,#2553,#1251,.T.);
#3131=EDGE_CURVE('',#2553,#2551,#96,.T.);
#3132=EDGE_CURVE('',#2554,#2552,#97,.T.);
#3133=EDGE_CURVE('',#2554,#2555,#1252,.T.);
#3134=EDGE_CURVE('',#2555,#2553,#98,.T.);
#3135=EDGE_CURVE('',#2556,#2554,#99,.T.);
#3136=EDGE_CURVE('',#2556,#2557,#1253,.T.);
#3137=EDGE_CURVE('',#2557,#2555,#100,.T.);
#3138=EDGE_CURVE('',#2558,#2556,#101,.T.);
#3139=EDGE_CURVE('',#2558,#2559,#1254,.T.);
#3140=EDGE_CURVE('',#2559,#2557,#102,.T.);
#3141=EDGE_CURVE('',#2560,#2558,#103,.T.);
#3142=EDGE_CURVE('',#2560,#2561,#1255,.T.);
#3143=EDGE_CURVE('',#2561,#2559,#104,.T.);
#3144=EDGE_CURVE('',#2562,#2560,#105,.T.);
#3145=EDGE_CURVE('',#2562,#2563,#1256,.T.);
#3146=EDGE_CURVE('',#2563,#2561,#106,.T.);
#3147=EDGE_CURVE('',#2564,#2562,#1257,.T.);
#3148=EDGE_CURVE('',#2564,#2565,#1258,.T.);
#3149=EDGE_CURVE('',#2565,#2563,#1259,.T.);
#3150=EDGE_CURVE('',#2566,#2564,#1260,.T.);
#3151=EDGE_CURVE('',#2566,#2567,#1261,.T.);
#3152=EDGE_CURVE('',#2567,#2565,#1262,.T.);
#3153=EDGE_CURVE('',#2529,#2566,#107,.T.);
#3154=EDGE_CURVE('',#2531,#2567,#108,.T.);
#3155=EDGE_CURVE('',#2568,#2569,#109,.T.);
#3156=EDGE_CURVE('',#2568,#2570,#1263,.T.);
#3157=EDGE_CURVE('',#2570,#2571,#110,.T.);
#3158=EDGE_CURVE('',#2569,#2571,#1264,.T.);
#3159=EDGE_CURVE('',#2569,#2572,#1265,.T.);
#3160=EDGE_CURVE('',#2571,#2573,#1266,.T.);
#3161=EDGE_CURVE('',#2572,#2573,#1267,.T.);
#3162=EDGE_CURVE('',#2572,#2574,#1268,.T.);
#3163=EDGE_CURVE('',#2573,#2575,#1269,.T.);
#3164=EDGE_CURVE('',#2574,#2575,#1270,.T.);
#3165=EDGE_CURVE('',#2574,#2576,#1271,.T.);
#3166=EDGE_CURVE('',#2575,#2577,#1272,.T.);
#3167=EDGE_CURVE('',#2576,#2577,#1273,.T.);
#3168=EDGE_CURVE('',#2576,#2578,#111,.T.);
#3169=EDGE_CURVE('',#2577,#2579,#112,.T.);
#3170=EDGE_CURVE('',#2578,#2579,#1274,.T.);
#3171=EDGE_CURVE('',#2578,#2580,#113,.T.);
#3172=EDGE_CURVE('',#2579,#2581,#114,.T.);
#3173=EDGE_CURVE('',#2580,#2581,#1275,.T.);
#3174=EDGE_CURVE('',#2580,#2568,#115,.T.);
#3175=EDGE_CURVE('',#2581,#2570,#116,.T.);
#3176=EDGE_CURVE('',#2582,#2583,#117,.T.);
#3177=EDGE_CURVE('',#2582,#2584,#1276,.T.);
#3178=EDGE_CURVE('',#2584,#2585,#118,.T.);
#3179=EDGE_CURVE('',#2583,#2585,#1277,.T.);
#3180=EDGE_CURVE('',#2583,#2586,#1278,.T.);
#3181=EDGE_CURVE('',#2585,#2587,#1279,.T.);
#3182=EDGE_CURVE('',#2586,#2587,#1280,.T.);
#3183=EDGE_CURVE('',#2586,#2588,#1281,.T.);
#3184=EDGE_CURVE('',#2587,#2589,#1282,.T.);
#3185=EDGE_CURVE('',#2588,#2589,#1283,.T.);
#3186=EDGE_CURVE('',#2588,#2590,#1284,.T.);
#3187=EDGE_CURVE('',#2589,#2591,#1285,.T.);
#3188=EDGE_CURVE('',#2590,#2591,#1286,.T.);
#3189=EDGE_CURVE('',#2590,#2592,#119,.T.);
#3190=EDGE_CURVE('',#2591,#2593,#120,.T.);
#3191=EDGE_CURVE('',#2592,#2593,#1287,.T.);
#3192=EDGE_CURVE('',#2592,#2594,#121,.T.);
#3193=EDGE_CURVE('',#2593,#2595,#122,.T.);
#3194=EDGE_CURVE('',#2594,#2595,#1288,.T.);
#3195=EDGE_CURVE('',#2594,#2582,#123,.T.);
#3196=EDGE_CURVE('',#2595,#2584,#124,.T.);
#3197=EDGE_CURVE('',#2596,#2597,#125,.T.);
#3198=EDGE_CURVE('',#2596,#2598,#1289,.T.);
#3199=EDGE_CURVE('',#2598,#2599,#126,.T.);
#3200=EDGE_CURVE('',#2597,#2599,#1290,.T.);
#3201=EDGE_CURVE('',#2600,#2596,#1291,.T.);
#3202=EDGE_CURVE('',#2600,#2601,#1292,.T.);
#3203=EDGE_CURVE('',#2601,#2598,#1293,.T.);
#3204=EDGE_CURVE('',#2602,#2600,#127,.T.);
#3205=EDGE_CURVE('',#2602,#2603,#1294,.T.);
#3206=EDGE_CURVE('',#2603,#2601,#128,.T.);
#3207=EDGE_CURVE('',#2604,#2602,#129,.T.);
#3208=EDGE_CURVE('',#2604,#2605,#1295,.T.);
#3209=EDGE_CURVE('',#2605,#2603,#130,.T.);
#3210=EDGE_CURVE('',#2606,#2604,#131,.T.);
#3211=EDGE_CURVE('',#2606,#2607,#1296,.T.);
#3212=EDGE_CURVE('',#2607,#2605,#132,.T.);
#3213=EDGE_CURVE('',#2608,#2606,#1297,.T.);
#3214=EDGE_CURVE('',#2608,#2609,#1298,.T.);
#3215=EDGE_CURVE('',#2609,#2607,#1299,.T.);
#3216=EDGE_CURVE('',#2610,#2608,#1300,.T.);
#3217=EDGE_CURVE('',#2610,#2611,#1301,.T.);
#3218=EDGE_CURVE('',#2611,#2609,#1302,.T.);
#3219=EDGE_CURVE('',#2612,#2610,#1303,.T.);
#3220=EDGE_CURVE('',#2612,#2613,#1304,.T.);
#3221=EDGE_CURVE('',#2613,#2611,#1305,.T.);
#3222=EDGE_CURVE('',#2614,#2612,#133,.T.);
#3223=EDGE_CURVE('',#2614,#2615,#1306,.T.);
#3224=EDGE_CURVE('',#2615,#2613,#134,.T.);
#3225=EDGE_CURVE('',#2597,#2614,#135,.T.);
#3226=EDGE_CURVE('',#2599,#2615,#136,.T.);
#3227=EDGE_CURVE('',#2616,#2617,#1307,.T.);
#3228=EDGE_CURVE('',#2616,#2618,#1308,.T.);
#3229=EDGE_CURVE('',#2618,#2619,#1309,.T.);
#3230=EDGE_CURVE('',#2617,#2619,#1310,.T.);
#3231=EDGE_CURVE('',#2620,#2616,#1311,.T.);
#3232=EDGE_CURVE('',#2620,#2621,#1312,.T.);
#3233=EDGE_CURVE('',#2621,#2618,#1313,.T.);
#3234=EDGE_CURVE('',#2622,#2620,#1314,.T.);
#3235=EDGE_CURVE('',#2622,#2623,#1315,.T.);
#3236=EDGE_CURVE('',#2623,#2621,#1316,.T.);
#3237=EDGE_CURVE('',#2617,#2622,#1317,.T.);
#3238=EDGE_CURVE('',#2619,#2623,#1318,.T.);
#3239=EDGE_CURVE('',#2624,#2625,#1319,.T.);
#3240=EDGE_CURVE('',#2624,#2626,#1320,.T.);
#3241=EDGE_CURVE('',#2626,#2627,#1321,.T.);
#3242=EDGE_CURVE('',#2625,#2627,#1322,.T.);
#3243=EDGE_CURVE('',#2628,#2624,#1323,.T.);
#3244=EDGE_CURVE('',#2628,#2629,#1324,.T.);
#3245=EDGE_CURVE('',#2629,#2626,#1325,.T.);
#3246=EDGE_CURVE('',#2630,#2628,#1326,.T.);
#3247=EDGE_CURVE('',#2630,#2631,#1327,.T.);
#3248=EDGE_CURVE('',#2631,#2629,#1328,.T.);
#3249=EDGE_CURVE('',#2625,#2630,#1329,.T.);
#3250=EDGE_CURVE('',#2627,#2631,#1330,.T.);
#3251=EDGE_CURVE('',#2632,#2633,#199,.T.);
#3252=EDGE_CURVE('',#2632,#2634,#1331,.T.);
#3253=EDGE_CURVE('',#2635,#2634,#200,.T.);
#3254=EDGE_CURVE('',#2635,#2636,#1332,.T.);
#3255=EDGE_CURVE('',#2637,#2636,#201,.T.);
#3256=EDGE_CURVE('',#2637,#2638,#1333,.T.);
#3257=EDGE_CURVE('',#2639,#2638,#202,.T.);
#3258=EDGE_CURVE('',#2633,#2639,#1334,.T.);
#3259=EDGE_CURVE('',#2633,#2640,#1335,.T.);
#3260=EDGE_CURVE('',#2640,#2641,#203,.T.);
#3261=EDGE_CURVE('',#2641,#2632,#1336,.T.);
#3262=EDGE_CURVE('',#2642,#2641,#1337,.T.);
#3263=EDGE_CURVE('',#2634,#2642,#1338,.T.);
#3264=EDGE_CURVE('',#2642,#2643,#204,.T.);
#3265=EDGE_CURVE('',#2643,#2635,#1339,.T.);
#3266=EDGE_CURVE('',#2638,#2644,#1340,.T.);
#3267=EDGE_CURVE('',#2644,#2645,#205,.T.);
#3268=EDGE_CURVE('',#2645,#2639,#1341,.T.);
#3269=EDGE_CURVE('',#2646,#2637,#1342,.T.);
#3270=EDGE_CURVE('',#2644,#2646,#1343,.T.);
#3271=EDGE_CURVE('',#2636,#2647,#1344,.T.);
#3272=EDGE_CURVE('',#2647,#2646,#206,.T.);
#3273=EDGE_CURVE('',#2512,#2518,#1345,.T.);
#3274=EDGE_CURVE('',#2509,#2527,#1346,.T.);
#3275=EDGE_CURVE('',#2506,#2524,#1347,.T.);
#3276=EDGE_CURVE('',#2515,#2521,#1348,.T.);
#3277=EDGE_CURVE('',#2648,#2649,#1349,.T.);
#3278=EDGE_CURVE('',#2650,#2648,#1350,.T.);
#3279=EDGE_CURVE('',#2651,#2650,#1351,.T.);
#3280=EDGE_CURVE('',#2651,#2649,#1352,.T.);
#3281=EDGE_CURVE('',#2640,#2645,#1353,.T.);
#3282=EDGE_CURVE('',#2647,#2643,#1354,.T.);
#3283=EDGE_CURVE('',#2652,#2653,#1355,.T.);
#3284=EDGE_CURVE('',#2653,#2654,#1356,.T.);
#3285=EDGE_CURVE('',#2654,#2655,#1357,.T.);
#3286=EDGE_CURVE('',#2655,#2656,#1358,.T.);
#3287=EDGE_CURVE('',#2656,#2657,#1359,.T.);
#3288=EDGE_CURVE('',#2657,#2658,#1360,.T.);
#3289=EDGE_CURVE('',#2658,#2659,#1361,.T.);
#3290=EDGE_CURVE('',#2659,#2660,#1362,.T.);
#3291=EDGE_CURVE('',#2660,#2661,#1363,.T.);
#3292=EDGE_CURVE('',#2661,#2662,#1364,.T.);
#3293=EDGE_CURVE('',#2662,#2663,#1365,.T.);
#3294=EDGE_CURVE('',#2663,#2652,#1366,.T.);
#3295=EDGE_CURVE('',#2652,#2664,#1367,.T.);
#3296=EDGE_CURVE('',#2665,#2664,#1368,.T.);
#3297=EDGE_CURVE('',#2665,#2653,#1369,.T.);
#3298=EDGE_CURVE('',#2649,#2666,#207,.T.);
#3299=EDGE_CURVE('',#2666,#2667,#1370,.T.);
#3300=EDGE_CURVE('',#2667,#2648,#208,.T.);
#3301=EDGE_CURVE('',#2668,#2666,#1371,.T.);
#3302=EDGE_CURVE('',#2669,#2668,#1372,.T.);
#3303=EDGE_CURVE('',#2669,#2667,#1373,.T.);
#3304=EDGE_CURVE('',#2650,#2669,#209,.T.);
#3305=EDGE_CURVE('',#2668,#2651,#210,.T.);
#3306=EDGE_CURVE('',#2670,#2662,#1374,.T.);
#3307=EDGE_CURVE('',#2671,#2670,#1375,.T.);
#3308=EDGE_CURVE('',#2663,#2671,#1376,.T.);
#3309=EDGE_CURVE('',#2657,#2672,#1377,.T.);
#3310=EDGE_CURVE('',#2673,#2656,#1378,.T.);
#3311=EDGE_CURVE('',#2672,#2673,#1379,.T.);
#3312=EDGE_CURVE('',#2674,#2672,#1380,.T.);
#3313=EDGE_CURVE('',#2658,#2674,#1381,.T.);
#3314=EDGE_CURVE('',#2675,#2655,#1382,.T.);
#3315=EDGE_CURVE('',#2673,#2675,#1383,.T.);
#3316=EDGE_CURVE('',#2664,#2671,#1384,.T.);
#3317=EDGE_CURVE('',#2676,#2661,#1385,.T.);
#3318=EDGE_CURVE('',#2670,#2676,#1386,.T.);
#3319=EDGE_CURVE('',#2677,#2674,#1387,.T.);
#3320=EDGE_CURVE('',#2677,#2659,#1388,.T.);
#3321=EDGE_CURVE('',#2676,#2678,#1389,.T.);
#3322=EDGE_CURVE('',#2678,#2502,#1390,.T.);
#3323=EDGE_CURVE('',#2500,#2677,#1391,.T.);
#3324=EDGE_CURVE('',#2675,#2679,#1392,.T.);
#3325=EDGE_CURVE('',#2679,#2665,#1393,.T.);
#3326=EDGE_CURVE('',#2678,#2660,#1394,.T.);
#3327=EDGE_CURVE('',#2679,#2654,#1395,.T.);
#3328=EDGE_CURVE('',#2680,#2680,#211,.T.);
#3329=EDGE_CURVE('',#2680,#2681,#1396,.T.);
#3330=EDGE_CURVE('',#2681,#2681,#212,.T.);
#3331=EDGE_CURVE('',#2682,#2682,#213,.T.);
#3332=EDGE_CURVE('',#2683,#2683,#214,.T.);
#3333=EDGE_CURVE('',#2683,#2684,#1397,.T.);
#3334=EDGE_CURVE('',#2684,#2684,#215,.T.);
#3335=EDGE_CURVE('',#2685,#2685,#216,.T.);
#3336=EDGE_CURVE('',#2686,#2686,#217,.T.);
#3337=EDGE_CURVE('',#2686,#2687,#1398,.T.);
#3338=EDGE_CURVE('',#2687,#2687,#218,.T.);
#3339=EDGE_CURVE('',#2688,#2688,#219,.T.);
#3340=EDGE_CURVE('',#2689,#2689,#220,.T.);
#3341=EDGE_CURVE('',#2689,#2690,#1399,.T.);
#3342=EDGE_CURVE('',#2690,#2690,#221,.T.);
#3343=EDGE_CURVE('',#2691,#2691,#222,.T.);
#3344=EDGE_CURVE('',#2692,#2692,#223,.T.);
#3345=EDGE_CURVE('',#2693,#2694,#137,.T.);
#3346=EDGE_CURVE('',#2694,#2693,#138,.T.);
#3347=EDGE_CURVE('',#2694,#2695,#224,.T.);
#3348=EDGE_CURVE('',#2696,#2695,#139,.T.);
#3349=EDGE_CURVE('',#2695,#2696,#140,.T.);
#3350=EDGE_CURVE('',#2697,#2696,#225,.T.);
#3351=EDGE_CURVE('',#2697,#2697,#141,.T.);
#3352=EDGE_CURVE('',#2698,#2693,#226,.T.);
#3353=EDGE_CURVE('',#2698,#2698,#142,.T.);
#3354=EDGE_CURVE('',#2699,#2700,#1400,.T.);
#3355=EDGE_CURVE('',#2699,#2701,#1401,.T.);
#3356=EDGE_CURVE('',#2701,#2702,#1402,.T.);
#3357=EDGE_CURVE('',#2700,#2702,#1403,.T.);
#3358=EDGE_CURVE('',#2688,#2703,#1404,.T.);
#3359=EDGE_CURVE('',#2703,#2703,#227,.T.);
#3360=EDGE_CURVE('',#2691,#2704,#1405,.T.);
#3361=EDGE_CURVE('',#2704,#2704,#228,.T.);
#3362=EDGE_CURVE('',#2685,#2705,#1406,.T.);
#3363=EDGE_CURVE('',#2705,#2705,#229,.T.);
#3364=EDGE_CURVE('',#2682,#2706,#1407,.T.);
#3365=EDGE_CURVE('',#2706,#2706,#230,.T.);
#3366=EDGE_CURVE('',#2707,#2708,#1408,.T.);
#3367=EDGE_CURVE('',#2707,#2709,#1409,.T.);
#3368=EDGE_CURVE('',#2710,#2709,#1410,.T.);
#3369=EDGE_CURVE('',#2708,#2710,#1411,.T.);
#3370=EDGE_CURVE('',#2709,#2711,#231,.T.);
#3371=EDGE_CURVE('',#2711,#2712,#1412,.T.);
#3372=EDGE_CURVE('',#2712,#2710,#232,.T.);
#3373=EDGE_CURVE('',#2711,#2713,#1413,.T.);
#3374=EDGE_CURVE('',#2714,#2713,#1414,.T.);
#3375=EDGE_CURVE('',#2712,#2714,#1415,.T.);
#3376=EDGE_CURVE('',#2713,#2715,#233,.T.);
#3377=EDGE_CURVE('',#2715,#2716,#1416,.T.);
#3378=EDGE_CURVE('',#2716,#2714,#234,.T.);
#3379=EDGE_CURVE('',#2717,#2718,#1417,.T.);
#3380=EDGE_CURVE('',#2716,#2717,#1418,.T.);
#3381=EDGE_CURVE('',#2715,#2718,#1419,.T.);
#3382=EDGE_CURVE('',#2718,#2719,#235,.T.);
#3383=EDGE_CURVE('',#2719,#2720,#1420,.T.);
#3384=EDGE_CURVE('',#2720,#2717,#236,.T.);
#3385=EDGE_CURVE('',#2721,#2722,#1421,.T.);
#3386=EDGE_CURVE('',#2721,#2720,#1422,.T.);
#3387=EDGE_CURVE('',#2719,#2722,#1423,.T.);
#3388=EDGE_CURVE('',#2722,#2707,#237,.T.);
#3389=EDGE_CURVE('',#2708,#2721,#238,.T.);
#3390=EDGE_CURVE('',#2723,#2724,#1424,.T.);
#3391=EDGE_CURVE('',#2725,#2723,#1425,.T.);
#3392=EDGE_CURVE('',#2726,#2725,#1426,.T.);
#3393=EDGE_CURVE('',#2724,#2726,#1427,.T.);
#3394=EDGE_CURVE('',#2727,#2701,#1428,.T.);
#3395=EDGE_CURVE('',#2728,#2727,#1429,.T.);
#3396=EDGE_CURVE('',#2702,#2728,#1430,.T.);
#3397=EDGE_CURVE('',#2700,#2729,#1431,.T.);
#3398=EDGE_CURVE('',#2729,#2728,#1432,.T.);
#3399=EDGE_CURVE('',#2730,#2699,#1433,.T.);
#3400=EDGE_CURVE('',#2727,#2730,#1434,.T.);
#3401=EDGE_CURVE('',#2729,#2731,#1435,.T.);
#3402=EDGE_CURVE('',#2731,#2732,#1436,.T.);
#3403=EDGE_CURVE('',#2732,#2733,#1437,.T.);
#3404=EDGE_CURVE('',#2733,#2734,#1438,.T.);
#3405=EDGE_CURVE('',#2734,#2730,#1439,.T.);
#3406=EDGE_CURVE('',#2735,#2735,#239,.T.);
#3407=EDGE_CURVE('',#2736,#2736,#240,.T.);
#3408=EDGE_CURVE('',#2737,#2737,#241,.T.);
#3409=EDGE_CURVE('',#2723,#2738,#1440,.T.);
#3410=EDGE_CURVE('',#2739,#2738,#1441,.T.);
#3411=EDGE_CURVE('',#2725,#2739,#1442,.T.);
#3412=EDGE_CURVE('',#2740,#2739,#1443,.T.);
#3413=EDGE_CURVE('',#2726,#2740,#1444,.T.);
#3414=EDGE_CURVE('',#2741,#2740,#1445,.T.);
#3415=EDGE_CURVE('',#2724,#2741,#1446,.T.);
#3416=EDGE_CURVE('',#2738,#2741,#1447,.T.);
#3417=EDGE_CURVE('',#2742,#2743,#1448,.T.);
#3418=EDGE_CURVE('',#2742,#2734,#1449,.T.);
#3419=EDGE_CURVE('',#2743,#2733,#1450,.T.);
#3420=EDGE_CURVE('',#2744,#2742,#1451,.T.);
#3421=EDGE_CURVE('',#2744,#2731,#1452,.T.);
#3422=EDGE_CURVE('',#2745,#2744,#1453,.T.);
#3423=EDGE_CURVE('',#2745,#2732,#1454,.T.);
#3424=EDGE_CURVE('',#2743,#2745,#1455,.T.);
#3425=EDGE_CURVE('',#2735,#2746,#1456,.T.);
#3426=EDGE_CURVE('',#2746,#2746,#242,.T.);
#3427=EDGE_CURVE('',#2736,#2747,#1457,.T.);
#3428=EDGE_CURVE('',#2747,#2747,#243,.T.);
#3429=EDGE_CURVE('',#2737,#2748,#1458,.T.);
#3430=EDGE_CURVE('',#2748,#2748,#244,.T.);
#3431=EDGE_CURVE('',#2749,#2749,#245,.T.);
#3432=EDGE_CURVE('',#2692,#2749,#1459,.T.);
#3433=EDGE_CURVE('',#2750,#2751,#1460,.T.);
#3434=EDGE_CURVE('',#2750,#2752,#1461,.T.);
#3435=EDGE_CURVE('',#2753,#2752,#1462,.T.);
#3436=EDGE_CURVE('',#2751,#2753,#1463,.T.);
#3437=EDGE_CURVE('',#2752,#2754,#246,.T.);
#3438=EDGE_CURVE('',#2754,#2755,#1464,.T.);
#3439=EDGE_CURVE('',#2755,#2753,#247,.T.);
#3440=EDGE_CURVE('',#2756,#2757,#1465,.T.);
#3441=EDGE_CURVE('',#2756,#2758,#1466,.T.);
#3442=EDGE_CURVE('',#2759,#2758,#1467,.T.);
#3443=EDGE_CURVE('',#2757,#2759,#1468,.T.);
#3444=EDGE_CURVE('',#2760,#2759,#248,.T.);
#3445=EDGE_CURVE('',#2758,#2761,#249,.T.);
#3446=EDGE_CURVE('',#2761,#2760,#1469,.T.);
#3447=EDGE_CURVE('',#2762,#2751,#250,.T.);
#3448=EDGE_CURVE('',#2762,#2763,#1470,.T.);
#3449=EDGE_CURVE('',#2756,#2763,#251,.T.);
#3450=EDGE_CURVE('',#2764,#2757,#252,.T.);
#3451=EDGE_CURVE('',#2764,#2765,#1471,.T.);
#3452=EDGE_CURVE('',#2750,#2765,#253,.T.);
#3453=EDGE_CURVE('',#2766,#2767,#1472,.T.);
#3454=EDGE_CURVE('',#2767,#2768,#1473,.T.);
#3455=EDGE_CURVE('',#2768,#2769,#1474,.T.);
#3456=EDGE_CURVE('',#2769,#2766,#1475,.T.);
#3457=EDGE_CURVE('',#2770,#2771,#1476,.T.);
#3458=EDGE_CURVE('',#2771,#2772,#1477,.T.);
#3459=EDGE_CURVE('',#2772,#2773,#1478,.T.);
#3460=EDGE_CURVE('',#2773,#2770,#1479,.T.);
#3461=EDGE_CURVE('',#2774,#2775,#1480,.T.);
#3462=EDGE_CURVE('',#2775,#2776,#1481,.T.);
#3463=EDGE_CURVE('',#2776,#2777,#1482,.T.);
#3464=EDGE_CURVE('',#2777,#2774,#1483,.T.);
#3465=EDGE_CURVE('',#2778,#2778,#254,.T.);
#3466=EDGE_CURVE('',#2779,#2779,#255,.T.);
#3467=EDGE_CURVE('',#2779,#2780,#1484,.T.);
#3468=EDGE_CURVE('',#2780,#2780,#256,.T.);
#3469=EDGE_CURVE('',#2781,#2781,#257,.T.);
#3470=EDGE_CURVE('',#2782,#2782,#258,.T.);
#3471=EDGE_CURVE('',#2782,#2783,#1485,.T.);
#3472=EDGE_CURVE('',#2783,#2783,#259,.T.);
#3473=EDGE_CURVE('',#2784,#2784,#260,.T.);
#3474=EDGE_CURVE('',#2785,#2785,#261,.T.);
#3475=EDGE_CURVE('',#2785,#2786,#1486,.T.);
#3476=EDGE_CURVE('',#2786,#2786,#262,.T.);
#3477=EDGE_CURVE('',#2787,#2787,#263,.T.);
#3478=EDGE_CURVE('',#2788,#2788,#264,.T.);
#3479=EDGE_CURVE('',#2788,#2789,#1487,.T.);
#3480=EDGE_CURVE('',#2789,#2789,#265,.T.);
#3481=EDGE_CURVE('',#2790,#2790,#266,.T.);
#3482=EDGE_CURVE('',#2791,#2791,#267,.T.);
#3483=EDGE_CURVE('',#2792,#2792,#268,.T.);
#3484=EDGE_CURVE('',#2793,#2793,#269,.T.);
#3485=EDGE_CURVE('',#2794,#2794,#270,.T.);
#3486=EDGE_CURVE('',#2778,#2795,#1488,.T.);
#3487=EDGE_CURVE('',#2795,#2795,#271,.T.);
#3488=EDGE_CURVE('',#2763,#2796,#1489,.T.);
#3489=EDGE_CURVE('',#2796,#2797,#272,.T.);
#3490=EDGE_CURVE('',#2797,#2761,#1490,.T.);
#3491=EDGE_CURVE('',#2798,#2797,#1491,.T.);
#3492=EDGE_CURVE('',#2760,#2798,#1492,.T.);
#3493=EDGE_CURVE('',#2796,#2799,#1493,.T.);
#3494=EDGE_CURVE('',#2800,#2799,#273,.T.);
#3495=EDGE_CURVE('',#2800,#2801,#1494,.T.);
#3496=EDGE_CURVE('',#2802,#2801,#274,.T.);
#3497=EDGE_CURVE('',#2802,#2803,#1495,.T.);
#3498=EDGE_CURVE('',#2798,#2803,#275,.T.);
#3499=EDGE_CURVE('',#2804,#2805,#1496,.T.);
#3500=EDGE_CURVE('',#2805,#2806,#1497,.T.);
#3501=EDGE_CURVE('',#2806,#2807,#1498,.T.);
#3502=EDGE_CURVE('',#2807,#2804,#1499,.T.);
#3503=EDGE_CURVE('',#2808,#2809,#1500,.T.);
#3504=EDGE_CURVE('',#2809,#2810,#1501,.T.);
#3505=EDGE_CURVE('',#2810,#2811,#1502,.T.);
#3506=EDGE_CURVE('',#2811,#2808,#1503,.T.);
#3507=EDGE_CURVE('',#2812,#2813,#1504,.T.);
#3508=EDGE_CURVE('',#2813,#2814,#1505,.T.);
#3509=EDGE_CURVE('',#2814,#2815,#1506,.T.);
#3510=EDGE_CURVE('',#2815,#2812,#1507,.T.);
#3511=EDGE_CURVE('',#2816,#2817,#1508,.T.);
#3512=EDGE_CURVE('',#2817,#2818,#1509,.T.);
#3513=EDGE_CURVE('',#2818,#2819,#1510,.T.);
#3514=EDGE_CURVE('',#2819,#2816,#1511,.T.);
#3515=EDGE_CURVE('',#2820,#2821,#1512,.T.);
#3516=EDGE_CURVE('',#2821,#2822,#1513,.T.);
#3517=EDGE_CURVE('',#2822,#2823,#1514,.T.);
#3518=EDGE_CURVE('',#2823,#2820,#1515,.T.);
#3519=EDGE_CURVE('',#2824,#2825,#1516,.T.);
#3520=EDGE_CURVE('',#2825,#2826,#1517,.T.);
#3521=EDGE_CURVE('',#2826,#2827,#1518,.T.);
#3522=EDGE_CURVE('',#2827,#2824,#1519,.T.);
#3523=EDGE_CURVE('',#2799,#2762,#1520,.T.);
#3524=EDGE_CURVE('',#2755,#2800,#1521,.T.);
#3525=EDGE_CURVE('',#2801,#2754,#1522,.T.);
#3526=EDGE_CURVE('',#2765,#2802,#1523,.T.);
#3527=EDGE_CURVE('',#2803,#2764,#1524,.T.);
#3528=EDGE_CURVE('',#2794,#2790,#1525,.T.);
#3529=EDGE_CURVE('',#2793,#2787,#1526,.T.);
#3530=EDGE_CURVE('',#2792,#2784,#1527,.T.);
#3531=EDGE_CURVE('',#2791,#2781,#1528,.T.);
#3532=EDGE_CURVE('',#2828,#2829,#1529,.T.);
#3533=EDGE_CURVE('',#2830,#2828,#1530,.T.);
#3534=EDGE_CURVE('',#2831,#2830,#1531,.T.);
#3535=EDGE_CURVE('',#2829,#2831,#1532,.T.);
#3536=EDGE_CURVE('',#2832,#2833,#1533,.T.);
#3537=EDGE_CURVE('',#2834,#2832,#1534,.T.);
#3538=EDGE_CURVE('',#2835,#2834,#1535,.T.);
#3539=EDGE_CURVE('',#2833,#2835,#1536,.T.);
#3540=EDGE_CURVE('',#2836,#2837,#1537,.T.);
#3541=EDGE_CURVE('',#2838,#2836,#1538,.T.);
#3542=EDGE_CURVE('',#2839,#2838,#1539,.T.);
#3543=EDGE_CURVE('',#2837,#2839,#1540,.T.);
#3544=EDGE_CURVE('',#2811,#2831,#1541,.T.);
#3545=EDGE_CURVE('',#2810,#2829,#1542,.T.);
#3546=EDGE_CURVE('',#2807,#2835,#1543,.T.);
#3547=EDGE_CURVE('',#2806,#2833,#1544,.T.);
#3548=EDGE_CURVE('',#2836,#2813,#1545,.T.);
#3549=EDGE_CURVE('',#2812,#2838,#1546,.T.);
#3550=EDGE_CURVE('',#2818,#2834,#1547,.T.);
#3551=EDGE_CURVE('',#2773,#2817,#1548,.T.);
#3552=EDGE_CURVE('',#2804,#2772,#1549,.T.);
#3553=EDGE_CURVE('',#2771,#2805,#1550,.T.);
#3554=EDGE_CURVE('',#2816,#2770,#1551,.T.);
#3555=EDGE_CURVE('',#2819,#2832,#1552,.T.);
#3556=EDGE_CURVE('',#2822,#2830,#1553,.T.);
#3557=EDGE_CURVE('',#2777,#2821,#1554,.T.);
#3558=EDGE_CURVE('',#2808,#2776,#1555,.T.);
#3559=EDGE_CURVE('',#2775,#2809,#1556,.T.);
#3560=EDGE_CURVE('',#2820,#2774,#1557,.T.);
#3561=EDGE_CURVE('',#2823,#2828,#1558,.T.);
#3562=EDGE_CURVE('',#2814,#2768,#1559,.T.);
#3563=EDGE_CURVE('',#2815,#2767,#1560,.T.);
#3564=EDGE_CURVE('',#2826,#2766,#1561,.T.);
#3565=EDGE_CURVE('',#2839,#2825,#1562,.T.);
#3566=EDGE_CURVE('',#2824,#2837,#1563,.T.);
#3567=EDGE_CURVE('',#2827,#2769,#1564,.T.);
#3568=EDGE_CURVE('',#2840,#2841,#1565,.T.);
#3569=EDGE_CURVE('',#2842,#2840,#1566,.T.);
#3570=EDGE_CURVE('',#2843,#2842,#1567,.T.);
#3571=EDGE_CURVE('',#2843,#2841,#1568,.T.);
#3572=EDGE_CURVE('',#2844,#2840,#1569,.T.);
#3573=EDGE_CURVE('',#2845,#2844,#1570,.T.);
#3574=EDGE_CURVE('',#2842,#2845,#1571,.T.);
#3575=EDGE_CURVE('',#2846,#2847,#1572,.T.);
#3576=EDGE_CURVE('',#2848,#2846,#1573,.T.);
#3577=EDGE_CURVE('',#2849,#2848,#1574,.T.);
#3578=EDGE_CURVE('',#2849,#2847,#1575,.T.);
#3579=EDGE_CURVE('',#2850,#2846,#1576,.T.);
#3580=EDGE_CURVE('',#2851,#2850,#1577,.T.);
#3581=EDGE_CURVE('',#2848,#2851,#1578,.T.);
#3582=EDGE_CURVE('',#2852,#2844,#1579,.T.);
#3583=EDGE_CURVE('',#2853,#2852,#1580,.T.);
#3584=EDGE_CURVE('',#2845,#2853,#1581,.T.);
#3585=EDGE_CURVE('',#2841,#2852,#1582,.T.);
#3586=EDGE_CURVE('',#2853,#2843,#1583,.T.);
#3587=EDGE_CURVE('',#2847,#2850,#1584,.T.);
#3588=EDGE_CURVE('',#2851,#2849,#1585,.T.);
#3589=EDGE_CURVE('',#2854,#2855,#1586,.T.);
#3590=EDGE_CURVE('',#2856,#2854,#1587,.T.);
#3591=EDGE_CURVE('',#2857,#2856,#1588,.T.);
#3592=EDGE_CURVE('',#2857,#2855,#1589,.T.);
#3593=EDGE_CURVE('',#2858,#2854,#1590,.T.);
#3594=EDGE_CURVE('',#2859,#2858,#1591,.T.);
#3595=EDGE_CURVE('',#2856,#2859,#1592,.T.);
#3596=EDGE_CURVE('',#2860,#2858,#1593,.T.);
#3597=EDGE_CURVE('',#2861,#2860,#1594,.T.);
#3598=EDGE_CURVE('',#2859,#2861,#1595,.T.);
#3599=EDGE_CURVE('',#2862,#2860,#1596,.T.);
#3600=EDGE_CURVE('',#2863,#2862,#1597,.T.);
#3601=EDGE_CURVE('',#2861,#2863,#1598,.T.);
#3602=EDGE_CURVE('',#2864,#2862,#1599,.T.);
#3603=EDGE_CURVE('',#2865,#2864,#1600,.T.);
#3604=EDGE_CURVE('',#2863,#2865,#1601,.T.);
#3605=EDGE_CURVE('',#2866,#2864,#1602,.T.);
#3606=EDGE_CURVE('',#2867,#2866,#1603,.T.);
#3607=EDGE_CURVE('',#2865,#2867,#1604,.T.);
#3608=EDGE_CURVE('',#2868,#2866,#1605,.T.);
#3609=EDGE_CURVE('',#2869,#2868,#1606,.T.);
#3610=EDGE_CURVE('',#2867,#2869,#1607,.T.);
#3611=EDGE_CURVE('',#2855,#2868,#1608,.T.);
#3612=EDGE_CURVE('',#2869,#2857,#1609,.T.);
#3613=EDGE_CURVE('',#2870,#2871,#1610,.T.);
#3614=EDGE_CURVE('',#2872,#2870,#1611,.T.);
#3615=EDGE_CURVE('',#2873,#2872,#1612,.T.);
#3616=EDGE_CURVE('',#2873,#2871,#1613,.T.);
#3617=EDGE_CURVE('',#2871,#2874,#1614,.T.);
#3618=EDGE_CURVE('',#2875,#2873,#1615,.T.);
#3619=EDGE_CURVE('',#2875,#2874,#1616,.T.);
#3620=EDGE_CURVE('',#2874,#2876,#1617,.T.);
#3621=EDGE_CURVE('',#2877,#2875,#1618,.T.);
#3622=EDGE_CURVE('',#2877,#2876,#1619,.T.);
#3623=EDGE_CURVE('',#2876,#2878,#1620,.T.);
#3624=EDGE_CURVE('',#2879,#2877,#1621,.T.);
#3625=EDGE_CURVE('',#2879,#2878,#1622,.T.);
#3626=EDGE_CURVE('',#2878,#2880,#1623,.T.);
#3627=EDGE_CURVE('',#2881,#2879,#1624,.T.);
#3628=EDGE_CURVE('',#2881,#2880,#1625,.T.);
#3629=EDGE_CURVE('',#2880,#2882,#1626,.T.);
#3630=EDGE_CURVE('',#2883,#2881,#1627,.T.);
#3631=EDGE_CURVE('',#2883,#2882,#1628,.T.);
#3632=EDGE_CURVE('',#2882,#2884,#1629,.T.);
#3633=EDGE_CURVE('',#2885,#2883,#1630,.T.);
#3634=EDGE_CURVE('',#2885,#2884,#1631,.T.);
#3635=EDGE_CURVE('',#2884,#2870,#1632,.T.);
#3636=EDGE_CURVE('',#2872,#2885,#1633,.T.);
#3637=EDGE_CURVE('',#2886,#2886,#276,.T.);
#3638=EDGE_CURVE('',#2886,#2887,#1634,.T.);
#3639=EDGE_CURVE('',#2887,#2887,#277,.T.);
#3640=EDGE_CURVE('',#2888,#2889,#1635,.T.);
#3641=EDGE_CURVE('',#2888,#2890,#1636,.T.);
#3642=EDGE_CURVE('',#2890,#2891,#1637,.T.);
#3643=EDGE_CURVE('',#2891,#2889,#1638,.T.);
#3644=EDGE_CURVE('',#2892,#2891,#1639,.T.);
#3645=EDGE_CURVE('',#2893,#2892,#1640,.T.);
#3646=EDGE_CURVE('',#2893,#2889,#1641,.T.);
#3647=EDGE_CURVE('',#2894,#2895,#1642,.T.);
#3648=EDGE_CURVE('',#2894,#2896,#1643,.T.);
#3649=EDGE_CURVE('',#2896,#2897,#1644,.T.);
#3650=EDGE_CURVE('',#2897,#2895,#1645,.T.);
#3651=EDGE_CURVE('',#2888,#2895,#1646,.T.);
#3652=EDGE_CURVE('',#2890,#2897,#1647,.T.);
#3653=EDGE_CURVE('',#2898,#2899,#1648,.T.);
#3654=EDGE_CURVE('',#2898,#2900,#1649,.T.);
#3655=EDGE_CURVE('',#2900,#2901,#1650,.T.);
#3656=EDGE_CURVE('',#2901,#2899,#1651,.T.);
#3657=EDGE_CURVE('',#2894,#2899,#1652,.T.);
#3658=EDGE_CURVE('',#2896,#2901,#1653,.T.);
#3659=EDGE_CURVE('',#2893,#2902,#1654,.T.);
#3660=EDGE_CURVE('',#2892,#2903,#1655,.T.);
#3661=EDGE_CURVE('',#2903,#2902,#1656,.T.);
#3662=EDGE_CURVE('',#2898,#2902,#1657,.T.);
#3663=EDGE_CURVE('',#2900,#2903,#1658,.T.);
#3664=EDGE_CURVE('',#2904,#2905,#1659,.T.);
#3665=EDGE_CURVE('',#2904,#2906,#1660,.T.);
#3666=EDGE_CURVE('',#2906,#2907,#1661,.T.);
#3667=EDGE_CURVE('',#2907,#2905,#1662,.T.);
#3668=EDGE_CURVE('',#2908,#2907,#1663,.T.);
#3669=EDGE_CURVE('',#2909,#2908,#1664,.T.);
#3670=EDGE_CURVE('',#2909,#2905,#1665,.T.);
#3671=EDGE_CURVE('',#2909,#2910,#1666,.T.);
#3672=EDGE_CURVE('',#2908,#2911,#1667,.T.);
#3673=EDGE_CURVE('',#2911,#2910,#1668,.T.);
#3674=EDGE_CURVE('',#2912,#2911,#1669,.T.);
#3675=EDGE_CURVE('',#2913,#2912,#1670,.T.);
#3676=EDGE_CURVE('',#2913,#2910,#1671,.T.);
#3677=EDGE_CURVE('',#2913,#2914,#1672,.T.);
#3678=EDGE_CURVE('',#2912,#2915,#1673,.T.);
#3679=EDGE_CURVE('',#2915,#2914,#1674,.T.);
#3680=EDGE_CURVE('',#2916,#2915,#1675,.T.);
#3681=EDGE_CURVE('',#2917,#2916,#1676,.T.);
#3682=EDGE_CURVE('',#2917,#2914,#1677,.T.);
#3683=EDGE_CURVE('',#2917,#2918,#1678,.T.);
#3684=EDGE_CURVE('',#2916,#2919,#1679,.T.);
#3685=EDGE_CURVE('',#2919,#2918,#1680,.T.);
#3686=EDGE_CURVE('',#2904,#2918,#1681,.T.);
#3687=EDGE_CURVE('',#2906,#2919,#1682,.T.);
#3688=EDGE_CURVE('',#2920,#2921,#1683,.T.);
#3689=EDGE_CURVE('',#2920,#2922,#1684,.T.);
#3690=EDGE_CURVE('',#2922,#2923,#1685,.T.);
#3691=EDGE_CURVE('',#2923,#2921,#1686,.T.);
#3692=EDGE_CURVE('',#2920,#2924,#1687,.T.);
#3693=EDGE_CURVE('',#2925,#2924,#1688,.T.);
#3694=EDGE_CURVE('',#2922,#2925,#1689,.T.);
#3695=EDGE_CURVE('',#2926,#2924,#1690,.T.);
#3696=EDGE_CURVE('',#2926,#2927,#1691,.T.);
#3697=EDGE_CURVE('',#2927,#2925,#1692,.T.);
#3698=EDGE_CURVE('',#2926,#2928,#1693,.T.);
#3699=EDGE_CURVE('',#2929,#2928,#1694,.T.);
#3700=EDGE_CURVE('',#2927,#2929,#1695,.T.);
#3701=EDGE_CURVE('',#2930,#2928,#1696,.T.);
#3702=EDGE_CURVE('',#2930,#2931,#1697,.T.);
#3703=EDGE_CURVE('',#2931,#2929,#1698,.T.);
#3704=EDGE_CURVE('',#2930,#2932,#1699,.T.);
#3705=EDGE_CURVE('',#2933,#2932,#1700,.T.);
#3706=EDGE_CURVE('',#2931,#2933,#1701,.T.);
#3707=EDGE_CURVE('',#2934,#2932,#1702,.T.);
#3708=EDGE_CURVE('',#2934,#2935,#1703,.T.);
#3709=EDGE_CURVE('',#2935,#2933,#1704,.T.);
#3710=EDGE_CURVE('',#2934,#2921,#1705,.T.);
#3711=EDGE_CURVE('',#2935,#2923,#1706,.T.);
#3712=EDGE_CURVE('',#2936,#2937,#1707,.T.);
#3713=EDGE_CURVE('',#2937,#2938,#1708,.T.);
#3714=EDGE_CURVE('',#2939,#2938,#1709,.T.);
#3715=EDGE_CURVE('',#2936,#2939,#1710,.T.);
#3716=EDGE_CURVE('',#2940,#2936,#1711,.T.);
#3717=EDGE_CURVE('',#2941,#2939,#1712,.T.);
#3718=EDGE_CURVE('',#2940,#2941,#1713,.T.);
#3719=EDGE_CURVE('',#2942,#2940,#1714,.T.);
#3720=EDGE_CURVE('',#2943,#2941,#1715,.T.);
#3721=EDGE_CURVE('',#2942,#2943,#1716,.T.);
#3722=EDGE_CURVE('',#2937,#2942,#1717,.T.);
#3723=EDGE_CURVE('',#2938,#2943,#1718,.T.);
#3724=EDGE_CURVE('',#2944,#2945,#1719,.T.);
#3725=EDGE_CURVE('',#2944,#2946,#1720,.T.);
#3726=EDGE_CURVE('',#2947,#2946,#1721,.T.);
#3727=EDGE_CURVE('',#2945,#2947,#1722,.T.);
#3728=EDGE_CURVE('',#2945,#2948,#1723,.T.);
#3729=EDGE_CURVE('',#2949,#2947,#1724,.T.);
#3730=EDGE_CURVE('',#2948,#2949,#1725,.T.);
#3731=EDGE_CURVE('',#2948,#2950,#1726,.T.);
#3732=EDGE_CURVE('',#2951,#2949,#1727,.T.);
#3733=EDGE_CURVE('',#2950,#2951,#1728,.T.);
#3734=EDGE_CURVE('',#2950,#2952,#278,.T.);
#3735=EDGE_CURVE('',#2953,#2951,#279,.T.);
#3736=EDGE_CURVE('',#2952,#2953,#1729,.T.);
#3737=EDGE_CURVE('',#2952,#2954,#1730,.T.);
#3738=EDGE_CURVE('',#2955,#2953,#1731,.T.);
#3739=EDGE_CURVE('',#2954,#2955,#1732,.F.);
#3740=EDGE_CURVE('',#2954,#2944,#280,.T.);
#3741=EDGE_CURVE('',#2946,#2955,#281,.T.);
#3742=EDGE_CURVE('',#2956,#2957,#1733,.T.);
#3743=EDGE_CURVE('',#2956,#2958,#1734,.T.);
#3744=EDGE_CURVE('',#2959,#2958,#1735,.T.);
#3745=EDGE_CURVE('',#2957,#2959,#1736,.T.);
#3746=EDGE_CURVE('',#2957,#2960,#1737,.T.);
#3747=EDGE_CURVE('',#2961,#2959,#1738,.T.);
#3748=EDGE_CURVE('',#2960,#2961,#1739,.T.);
#3749=EDGE_CURVE('',#2960,#2956,#1740,.T.);
#3750=EDGE_CURVE('',#2958,#2961,#1741,.T.);
#3751=EDGE_CURVE('',#2962,#2962,#282,.T.);
#3752=EDGE_CURVE('',#2962,#2963,#1742,.T.);
#3753=EDGE_CURVE('',#2963,#2963,#283,.T.);
#3754=EDGE_CURVE('',#2964,#2964,#284,.T.);
#3755=EDGE_CURVE('',#2964,#2965,#1743,.T.);
#3756=EDGE_CURVE('',#2965,#2965,#285,.T.);
#3757=EDGE_CURVE('',#2966,#2967,#1744,.T.);
#3758=EDGE_CURVE('',#2967,#2968,#1745,.F.);
#3759=EDGE_CURVE('',#2968,#2969,#1746,.F.);
#3760=EDGE_CURVE('',#2969,#2966,#1747,.T.);
#3761=EDGE_CURVE('',#2969,#2970,#1748,.F.);
#3762=EDGE_CURVE('',#2971,#2970,#1749,.T.);
#3763=EDGE_CURVE('',#2966,#2971,#1750,.F.);
#3764=EDGE_CURVE('',#2972,#2968,#1751,.F.);
#3765=EDGE_CURVE('',#2973,#2972,#1752,.F.);
#3766=EDGE_CURVE('',#2974,#2973,#1753,.F.);
#3767=EDGE_CURVE('',#2975,#2974,#1754,.F.);
#3768=EDGE_CURVE('',#2976,#2975,#1755,.F.);
#3769=EDGE_CURVE('',#2970,#2976,#1756,.F.);
#3770=EDGE_CURVE('',#2977,#2977,#286,.T.);
#3771=EDGE_CURVE('',#2978,#2971,#1757,.T.);
#3772=EDGE_CURVE('',#2976,#2978,#1758,.F.);
#3773=EDGE_CURVE('',#2979,#2975,#1759,.F.);
#3774=EDGE_CURVE('',#2978,#2979,#1760,.F.);
#3775=EDGE_CURVE('',#2980,#2981,#1761,.T.);
#3776=EDGE_CURVE('',#2981,#2973,#1762,.F.);
#3777=EDGE_CURVE('',#2972,#2980,#1763,.T.);
#3778=EDGE_CURVE('',#2980,#2967,#1764,.F.);
#3779=EDGE_CURVE('',#2982,#2979,#1765,.T.);
#3780=EDGE_CURVE('',#2974,#2982,#1766,.T.);
#3781=EDGE_CURVE('',#2977,#2983,#1767,.T.);
#3782=EDGE_CURVE('',#2983,#2983,#287,.T.);
#3783=EDGE_CURVE('',#2984,#2985,#1768,.T.);
#3784=EDGE_CURVE('',#2984,#2986,#1769,.T.);
#3785=EDGE_CURVE('',#2987,#2986,#1770,.F.);
#3786=EDGE_CURVE('',#2985,#2987,#1771,.F.);
#3787=EDGE_CURVE('',#2988,#2984,#1772,.T.);
#3788=EDGE_CURVE('',#2988,#2989,#1773,.T.);
#3789=EDGE_CURVE('',#2986,#2989,#1774,.F.);
#3790=EDGE_CURVE('',#2985,#2990,#1775,.T.);
#3791=EDGE_CURVE('',#2991,#2987,#1776,.F.);
#3792=EDGE_CURVE('',#2990,#2991,#1777,.T.);
#3793=EDGE_CURVE('',#2990,#2988,#1778,.T.);
#3794=EDGE_CURVE('',#2989,#2991,#1779,.F.);
#3795=EDGE_CURVE('',#2982,#2981,#1780,.F.);
#3796=EDGE_CURVE('',#2992,#2993,#1781,.T.);
#3797=EDGE_CURVE('',#2994,#2993,#1782,.T.);
#3798=EDGE_CURVE('',#2995,#2994,#1783,.T.);
#3799=EDGE_CURVE('',#2992,#2995,#1784,.T.);
#3800=EDGE_CURVE('',#2995,#2996,#1785,.T.);
#3801=EDGE_CURVE('',#2997,#2994,#1786,.T.);
#3802=EDGE_CURVE('',#2996,#2997,#1787,.T.);
#3803=EDGE_CURVE('',#2996,#2998,#1788,.T.);
#3804=EDGE_CURVE('',#2999,#2997,#1789,.T.);
#3805=EDGE_CURVE('',#2998,#2999,#1790,.T.);
#3806=EDGE_CURVE('',#2998,#3000,#1791,.T.);
#3807=EDGE_CURVE('',#3001,#2999,#1792,.T.);
#3808=EDGE_CURVE('',#3000,#3001,#1793,.T.);
#3809=EDGE_CURVE('',#3000,#2992,#1794,.T.);
#3810=EDGE_CURVE('',#2993,#3001,#1795,.T.);
#3811=EDGE_CURVE('',#3002,#3003,#288,.T.);
#3812=EDGE_CURVE('',#3002,#3004,#1796,.T.);
#3813=EDGE_CURVE('',#3005,#3004,#289,.T.);
#3814=EDGE_CURVE('',#3003,#3005,#1797,.T.);
#3815=EDGE_CURVE('',#3003,#3006,#1798,.T.);
#3816=EDGE_CURVE('',#3007,#3005,#1799,.T.);
#3817=EDGE_CURVE('',#3006,#3007,#1800,.T.);
#3818=EDGE_CURVE('',#3006,#3008,#290,.T.);
#3819=EDGE_CURVE('',#3009,#3007,#291,.T.);
#3820=EDGE_CURVE('',#3008,#3009,#1801,.T.);
#3821=EDGE_CURVE('',#3008,#2992,#1802,.T.);
#3822=EDGE_CURVE('',#2993,#3009,#1803,.T.);
#3823=EDGE_CURVE('',#2992,#2993,#1804,.T.);
#3824=EDGE_CURVE('',#2992,#3002,#1805,.T.);
#3825=EDGE_CURVE('',#3004,#2993,#1806,.T.);
#3826=EDGE_CURVE('',#3010,#3010,#292,.T.);
#3827=EDGE_CURVE('',#3010,#3011,#1807,.T.);
#3828=EDGE_CURVE('',#3011,#3011,#293,.T.);
#3829=EDGE_CURVE('',#3012,#3012,#294,.T.);
#3830=EDGE_CURVE('',#3012,#3013,#1808,.T.);
#3831=EDGE_CURVE('',#3013,#3013,#295,.T.);
#3832=EDGE_CURVE('',#3014,#3015,#1809,.T.);
#3833=EDGE_CURVE('',#3015,#3016,#1810,.F.);
#3834=EDGE_CURVE('',#3016,#3017,#1811,.F.);
#3835=EDGE_CURVE('',#3017,#3014,#1812,.T.);
#3836=EDGE_CURVE('',#3017,#3018,#1813,.F.);
#3837=EDGE_CURVE('',#3019,#3018,#1814,.T.);
#3838=EDGE_CURVE('',#3014,#3019,#1815,.F.);
#3839=EDGE_CURVE('',#3020,#3016,#1816,.F.);
#3840=EDGE_CURVE('',#3021,#3020,#1817,.F.);
#3841=EDGE_CURVE('',#3022,#3021,#1818,.F.);
#3842=EDGE_CURVE('',#3023,#3022,#1819,.F.);
#3843=EDGE_CURVE('',#3024,#3023,#1820,.F.);
#3844=EDGE_CURVE('',#3018,#3024,#1821,.F.);
#3845=EDGE_CURVE('',#3025,#3025,#296,.T.);
#3846=EDGE_CURVE('',#3026,#3019,#1822,.T.);
#3847=EDGE_CURVE('',#3024,#3026,#1823,.F.);
#3848=EDGE_CURVE('',#3027,#3023,#1824,.F.);
#3849=EDGE_CURVE('',#3026,#3027,#1825,.F.);
#3850=EDGE_CURVE('',#3028,#3029,#1826,.T.);
#3851=EDGE_CURVE('',#3029,#3021,#1827,.F.);
#3852=EDGE_CURVE('',#3020,#3028,#1828,.T.);
#3853=EDGE_CURVE('',#3028,#3015,#1829,.F.);
#3854=EDGE_CURVE('',#3030,#3027,#1830,.T.);
#3855=EDGE_CURVE('',#3022,#3030,#1831,.T.);
#3856=EDGE_CURVE('',#3025,#3031,#1832,.T.);
#3857=EDGE_CURVE('',#3031,#3031,#297,.T.);
#3858=EDGE_CURVE('',#3032,#3033,#1833,.T.);
#3859=EDGE_CURVE('',#3032,#3034,#1834,.T.);
#3860=EDGE_CURVE('',#3035,#3034,#1835,.T.);
#3861=EDGE_CURVE('',#3033,#3035,#1836,.T.);
#3862=EDGE_CURVE('',#3036,#3032,#1837,.T.);
#3863=EDGE_CURVE('',#3036,#3037,#1838,.T.);
#3864=EDGE_CURVE('',#3034,#3037,#1839,.T.);
#3865=EDGE_CURVE('',#3033,#3038,#1840,.T.);
#3866=EDGE_CURVE('',#3039,#3035,#1841,.T.);
#3867=EDGE_CURVE('',#3038,#3039,#1842,.T.);
#3868=EDGE_CURVE('',#3038,#3036,#1843,.T.);
#3869=EDGE_CURVE('',#3037,#3039,#1844,.T.);
#3870=EDGE_CURVE('',#3030,#3029,#1845,.F.);
#3871=ORIENTED_EDGE('',*,*,#3040,.F.);
#3872=ORIENTED_EDGE('',*,*,#3041,.F.);
#3873=ORIENTED_EDGE('',*,*,#3042,.T.);
#3874=ORIENTED_EDGE('',*,*,#3043,.T.);
#3875=ORIENTED_EDGE('',*,*,#3044,.F.);
#3876=ORIENTED_EDGE('',*,*,#3045,.F.);
#3877=ORIENTED_EDGE('',*,*,#3046,.T.);
#3878=ORIENTED_EDGE('',*,*,#3041,.T.);
#3879=ORIENTED_EDGE('',*,*,#3047,.F.);
#3880=ORIENTED_EDGE('',*,*,#3043,.F.);
#3881=ORIENTED_EDGE('',*,*,#3048,.T.);
#3882=ORIENTED_EDGE('',*,*,#3049,.T.);
#3883=ORIENTED_EDGE('',*,*,#3050,.F.);
#3884=ORIENTED_EDGE('',*,*,#3049,.F.);
#3885=ORIENTED_EDGE('',*,*,#3051,.T.);
#3886=ORIENTED_EDGE('',*,*,#3045,.T.);
#3887=ORIENTED_EDGE('',*,*,#3052,.F.);
#3888=ORIENTED_EDGE('',*,*,#3053,.T.);
#3889=ORIENTED_EDGE('',*,*,#3054,.T.);
#3890=ORIENTED_EDGE('',*,*,#3055,.F.);
#3891=ORIENTED_EDGE('',*,*,#3056,.F.);
#3892=ORIENTED_EDGE('',*,*,#3057,.T.);
#3893=ORIENTED_EDGE('',*,*,#3058,.T.);
#3894=ORIENTED_EDGE('',*,*,#3053,.F.);
#3895=ORIENTED_EDGE('',*,*,#3059,.F.);
#3896=ORIENTED_EDGE('',*,*,#3055,.T.);
#3897=ORIENTED_EDGE('',*,*,#3060,.T.);
#3898=ORIENTED_EDGE('',*,*,#3061,.F.);
#3899=ORIENTED_EDGE('',*,*,#3060,.F.);
#3900=ORIENTED_EDGE('',*,*,#3054,.F.);
#3901=ORIENTED_EDGE('',*,*,#3058,.F.);
#3902=ORIENTED_EDGE('',*,*,#3062,.F.);
#3903=ORIENTED_EDGE('',*,*,#3051,.F.);
#3904=ORIENTED_EDGE('',*,*,#3048,.F.);
#3905=ORIENTED_EDGE('',*,*,#3042,.F.);
#3906=ORIENTED_EDGE('',*,*,#3046,.F.);
#3907=ORIENTED_EDGE('',*,*,#3063,.F.);
#3908=ORIENTED_EDGE('',*,*,#3064,.T.);
#3909=ORIENTED_EDGE('',*,*,#3065,.T.);
#3910=ORIENTED_EDGE('',*,*,#3064,.F.);
#3911=ORIENTED_EDGE('',*,*,#3065,.F.);
#3912=ORIENTED_EDGE('',*,*,#3066,.F.);
#3913=ORIENTED_EDGE('',*,*,#3067,.F.);
#3914=ORIENTED_EDGE('',*,*,#3068,.T.);
#3915=ORIENTED_EDGE('',*,*,#3069,.T.);
#3916=ORIENTED_EDGE('',*,*,#3068,.F.);
#3917=ORIENTED_EDGE('',*,*,#3069,.F.);
#3918=ORIENTED_EDGE('',*,*,#3070,.F.);
#3919=ORIENTED_EDGE('',*,*,#3071,.F.);
#3920=ORIENTED_EDGE('',*,*,#3072,.T.);
#3921=ORIENTED_EDGE('',*,*,#3073,.T.);
#3922=ORIENTED_EDGE('',*,*,#3072,.F.);
#3923=ORIENTED_EDGE('',*,*,#3073,.F.);
#3924=ORIENTED_EDGE('',*,*,#3074,.F.);
#3925=ORIENTED_EDGE('',*,*,#3075,.F.);
#3926=ORIENTED_EDGE('',*,*,#3076,.T.);
#3927=ORIENTED_EDGE('',*,*,#3077,.T.);
#3928=ORIENTED_EDGE('',*,*,#3076,.F.);
#3929=ORIENTED_EDGE('',*,*,#3077,.F.);
#3930=ORIENTED_EDGE('',*,*,#3078,.F.);
#3931=ORIENTED_EDGE('',*,*,#3079,.F.);
#3932=ORIENTED_EDGE('',*,*,#3080,.T.);
#3933=ORIENTED_EDGE('',*,*,#3081,.T.);
#3934=ORIENTED_EDGE('',*,*,#3080,.F.);
#3935=ORIENTED_EDGE('',*,*,#3081,.F.);
#3936=ORIENTED_EDGE('',*,*,#3082,.F.);
#3937=ORIENTED_EDGE('',*,*,#3083,.F.);
#3938=ORIENTED_EDGE('',*,*,#3084,.T.);
#3939=ORIENTED_EDGE('',*,*,#3085,.T.);
#3940=ORIENTED_EDGE('',*,*,#3084,.F.);
#3941=ORIENTED_EDGE('',*,*,#3085,.F.);
#3942=ORIENTED_EDGE('',*,*,#3086,.F.);
#3943=ORIENTED_EDGE('',*,*,#3087,.F.);
#3944=ORIENTED_EDGE('',*,*,#3088,.T.);
#3945=ORIENTED_EDGE('',*,*,#3089,.T.);
#3946=ORIENTED_EDGE('',*,*,#3088,.F.);
#3947=ORIENTED_EDGE('',*,*,#3089,.F.);
#3948=ORIENTED_EDGE('',*,*,#3090,.F.);
#3949=ORIENTED_EDGE('',*,*,#3091,.F.);
#3950=ORIENTED_EDGE('',*,*,#3092,.T.);
#3951=ORIENTED_EDGE('',*,*,#3093,.T.);
#3952=ORIENTED_EDGE('',*,*,#3092,.F.);
#3953=ORIENTED_EDGE('',*,*,#3093,.F.);
#3954=ORIENTED_EDGE('',*,*,#3094,.F.);
#3955=ORIENTED_EDGE('',*,*,#3095,.F.);
#3956=ORIENTED_EDGE('',*,*,#3096,.T.);
#3957=ORIENTED_EDGE('',*,*,#3097,.T.);
#3958=ORIENTED_EDGE('',*,*,#3098,.F.);
#3959=ORIENTED_EDGE('',*,*,#3099,.F.);
#3960=ORIENTED_EDGE('',*,*,#3100,.T.);
#3961=ORIENTED_EDGE('',*,*,#3101,.T.);
#3962=ORIENTED_EDGE('',*,*,#3096,.F.);
#3963=ORIENTED_EDGE('',*,*,#3102,.F.);
#3964=ORIENTED_EDGE('',*,*,#3103,.T.);
#3965=ORIENTED_EDGE('',*,*,#3104,.T.);
#3966=ORIENTED_EDGE('',*,*,#3100,.F.);
#3967=ORIENTED_EDGE('',*,*,#3105,.F.);
#3968=ORIENTED_EDGE('',*,*,#3106,.T.);
#3969=ORIENTED_EDGE('',*,*,#3107,.T.);
#3970=ORIENTED_EDGE('',*,*,#3103,.F.);
#3971=ORIENTED_EDGE('',*,*,#3108,.F.);
#3972=ORIENTED_EDGE('',*,*,#3109,.T.);
#3973=ORIENTED_EDGE('',*,*,#3110,.T.);
#3974=ORIENTED_EDGE('',*,*,#3106,.F.);
#3975=ORIENTED_EDGE('',*,*,#3111,.F.);
#3976=ORIENTED_EDGE('',*,*,#3112,.T.);
#3977=ORIENTED_EDGE('',*,*,#3113,.T.);
#3978=ORIENTED_EDGE('',*,*,#3109,.F.);
#3979=ORIENTED_EDGE('',*,*,#3114,.F.);
#3980=ORIENTED_EDGE('',*,*,#3115,.T.);
#3981=ORIENTED_EDGE('',*,*,#3116,.T.);
#3982=ORIENTED_EDGE('',*,*,#3112,.F.);
#3983=ORIENTED_EDGE('',*,*,#3117,.F.);
#3984=ORIENTED_EDGE('',*,*,#3118,.T.);
#3985=ORIENTED_EDGE('',*,*,#3119,.T.);
#3986=ORIENTED_EDGE('',*,*,#3115,.F.);
#3987=ORIENTED_EDGE('',*,*,#3120,.F.);
#3988=ORIENTED_EDGE('',*,*,#3121,.T.);
#3989=ORIENTED_EDGE('',*,*,#3122,.T.);
#3990=ORIENTED_EDGE('',*,*,#3118,.F.);
#3991=ORIENTED_EDGE('',*,*,#3123,.F.);
#3992=ORIENTED_EDGE('',*,*,#3124,.T.);
#3993=ORIENTED_EDGE('',*,*,#3125,.T.);
#3994=ORIENTED_EDGE('',*,*,#3121,.F.);
#3995=ORIENTED_EDGE('',*,*,#3126,.F.);
#3996=ORIENTED_EDGE('',*,*,#3127,.T.);
#3997=ORIENTED_EDGE('',*,*,#3128,.T.);
#3998=ORIENTED_EDGE('',*,*,#3124,.F.);
#3999=ORIENTED_EDGE('',*,*,#3129,.F.);
#4000=ORIENTED_EDGE('',*,*,#3130,.T.);
#4001=ORIENTED_EDGE('',*,*,#3131,.T.);
#4002=ORIENTED_EDGE('',*,*,#3127,.F.);
#4003=ORIENTED_EDGE('',*,*,#3132,.F.);
#4004=ORIENTED_EDGE('',*,*,#3133,.T.);
#4005=ORIENTED_EDGE('',*,*,#3134,.T.);
#4006=ORIENTED_EDGE('',*,*,#3130,.F.);
#4007=ORIENTED_EDGE('',*,*,#3135,.F.);
#4008=ORIENTED_EDGE('',*,*,#3136,.T.);
#4009=ORIENTED_EDGE('',*,*,#3137,.T.);
#4010=ORIENTED_EDGE('',*,*,#3133,.F.);
#4011=ORIENTED_EDGE('',*,*,#3138,.F.);
#4012=ORIENTED_EDGE('',*,*,#3139,.T.);
#4013=ORIENTED_EDGE('',*,*,#3140,.T.);
#4014=ORIENTED_EDGE('',*,*,#3136,.F.);
#4015=ORIENTED_EDGE('',*,*,#3141,.F.);
#4016=ORIENTED_EDGE('',*,*,#3142,.T.);
#4017=ORIENTED_EDGE('',*,*,#3143,.T.);
#4018=ORIENTED_EDGE('',*,*,#3139,.F.);
#4019=ORIENTED_EDGE('',*,*,#3144,.F.);
#4020=ORIENTED_EDGE('',*,*,#3145,.T.);
#4021=ORIENTED_EDGE('',*,*,#3146,.T.);
#4022=ORIENTED_EDGE('',*,*,#3142,.F.);
#4023=ORIENTED_EDGE('',*,*,#3147,.F.);
#4024=ORIENTED_EDGE('',*,*,#3148,.T.);
#4025=ORIENTED_EDGE('',*,*,#3149,.T.);
#4026=ORIENTED_EDGE('',*,*,#3145,.F.);
#4027=ORIENTED_EDGE('',*,*,#3150,.F.);
#4028=ORIENTED_EDGE('',*,*,#3151,.T.);
#4029=ORIENTED_EDGE('',*,*,#3152,.T.);
#4030=ORIENTED_EDGE('',*,*,#3148,.F.);
#4031=ORIENTED_EDGE('',*,*,#3153,.F.);
#4032=ORIENTED_EDGE('',*,*,#3098,.T.);
#4033=ORIENTED_EDGE('',*,*,#3154,.T.);
#4034=ORIENTED_EDGE('',*,*,#3151,.F.);
#4035=ORIENTED_EDGE('',*,*,#3154,.F.);
#4036=ORIENTED_EDGE('',*,*,#3097,.F.);
#4037=ORIENTED_EDGE('',*,*,#3101,.F.);
#4038=ORIENTED_EDGE('',*,*,#3104,.F.);
#4039=ORIENTED_EDGE('',*,*,#3107,.F.);
#4040=ORIENTED_EDGE('',*,*,#3110,.F.);
#4041=ORIENTED_EDGE('',*,*,#3113,.F.);
#4042=ORIENTED_EDGE('',*,*,#3116,.F.);
#4043=ORIENTED_EDGE('',*,*,#3119,.F.);
#4044=ORIENTED_EDGE('',*,*,#3122,.F.);
#4045=ORIENTED_EDGE('',*,*,#3125,.F.);
#4046=ORIENTED_EDGE('',*,*,#3128,.F.);
#4047=ORIENTED_EDGE('',*,*,#3131,.F.);
#4048=ORIENTED_EDGE('',*,*,#3134,.F.);
#4049=ORIENTED_EDGE('',*,*,#3137,.F.);
#4050=ORIENTED_EDGE('',*,*,#3140,.F.);
#4051=ORIENTED_EDGE('',*,*,#3143,.F.);
#4052=ORIENTED_EDGE('',*,*,#3146,.F.);
#4053=ORIENTED_EDGE('',*,*,#3149,.F.);
#4054=ORIENTED_EDGE('',*,*,#3152,.F.);
#4055=ORIENTED_EDGE('',*,*,#3155,.F.);
#4056=ORIENTED_EDGE('',*,*,#3156,.T.);
#4057=ORIENTED_EDGE('',*,*,#3157,.T.);
#4058=ORIENTED_EDGE('',*,*,#3158,.F.);
#4059=ORIENTED_EDGE('',*,*,#3159,.F.);
#4060=ORIENTED_EDGE('',*,*,#3158,.T.);
#4061=ORIENTED_EDGE('',*,*,#3160,.T.);
#4062=ORIENTED_EDGE('',*,*,#3161,.F.);
#4063=ORIENTED_EDGE('',*,*,#3162,.F.);
#4064=ORIENTED_EDGE('',*,*,#3161,.T.);
#4065=ORIENTED_EDGE('',*,*,#3163,.T.);
#4066=ORIENTED_EDGE('',*,*,#3164,.F.);
#4067=ORIENTED_EDGE('',*,*,#3165,.F.);
#4068=ORIENTED_EDGE('',*,*,#3164,.T.);
#4069=ORIENTED_EDGE('',*,*,#3166,.T.);
#4070=ORIENTED_EDGE('',*,*,#3167,.F.);
#4071=ORIENTED_EDGE('',*,*,#3168,.F.);
#4072=ORIENTED_EDGE('',*,*,#3167,.T.);
#4073=ORIENTED_EDGE('',*,*,#3169,.T.);
#4074=ORIENTED_EDGE('',*,*,#3170,.F.);
#4075=ORIENTED_EDGE('',*,*,#3171,.F.);
#4076=ORIENTED_EDGE('',*,*,#3170,.T.);
#4077=ORIENTED_EDGE('',*,*,#3172,.T.);
#4078=ORIENTED_EDGE('',*,*,#3173,.F.);
#4079=ORIENTED_EDGE('',*,*,#3174,.F.);
#4080=ORIENTED_EDGE('',*,*,#3173,.T.);
#4081=ORIENTED_EDGE('',*,*,#3175,.T.);
#4082=ORIENTED_EDGE('',*,*,#3156,.F.);
#4083=ORIENTED_EDGE('',*,*,#3176,.F.);
#4084=ORIENTED_EDGE('',*,*,#3177,.T.);
#4085=ORIENTED_EDGE('',*,*,#3178,.T.);
#4086=ORIENTED_EDGE('',*,*,#3179,.F.);
#4087=ORIENTED_EDGE('',*,*,#3180,.F.);
#4088=ORIENTED_EDGE('',*,*,#3179,.T.);
#4089=ORIENTED_EDGE('',*,*,#3181,.T.);
#4090=ORIENTED_EDGE('',*,*,#3182,.F.);
#4091=ORIENTED_EDGE('',*,*,#3183,.F.);
#4092=ORIENTED_EDGE('',*,*,#3182,.T.);
#4093=ORIENTED_EDGE('',*,*,#3184,.T.);
#4094=ORIENTED_EDGE('',*,*,#3185,.F.);
#4095=ORIENTED_EDGE('',*,*,#3186,.F.);
#4096=ORIENTED_EDGE('',*,*,#3185,.T.);
#4097=ORIENTED_EDGE('',*,*,#3187,.T.);
#4098=ORIENTED_EDGE('',*,*,#3188,.F.);
#4099=ORIENTED_EDGE('',*,*,#3189,.F.);
#4100=ORIENTED_EDGE('',*,*,#3188,.T.);
#4101=ORIENTED_EDGE('',*,*,#3190,.T.);
#4102=ORIENTED_EDGE('',*,*,#3191,.F.);
#4103=ORIENTED_EDGE('',*,*,#3192,.F.);
#4104=ORIENTED_EDGE('',*,*,#3191,.T.);
#4105=ORIENTED_EDGE('',*,*,#3193,.T.);
#4106=ORIENTED_EDGE('',*,*,#3194,.F.);
#4107=ORIENTED_EDGE('',*,*,#3195,.F.);
#4108=ORIENTED_EDGE('',*,*,#3194,.T.);
#4109=ORIENTED_EDGE('',*,*,#3196,.T.);
#4110=ORIENTED_EDGE('',*,*,#3177,.F.);
#4111=ORIENTED_EDGE('',*,*,#3197,.F.);
#4112=ORIENTED_EDGE('',*,*,#3198,.T.);
#4113=ORIENTED_EDGE('',*,*,#3199,.T.);
#4114=ORIENTED_EDGE('',*,*,#3200,.F.);
#4115=ORIENTED_EDGE('',*,*,#3201,.F.);
#4116=ORIENTED_EDGE('',*,*,#3202,.T.);
#4117=ORIENTED_EDGE('',*,*,#3203,.T.);
#4118=ORIENTED_EDGE('',*,*,#3198,.F.);
#4119=ORIENTED_EDGE('',*,*,#3204,.F.);
#4120=ORIENTED_EDGE('',*,*,#3205,.T.);
#4121=ORIENTED_EDGE('',*,*,#3206,.T.);
#4122=ORIENTED_EDGE('',*,*,#3202,.F.);
#4123=ORIENTED_EDGE('',*,*,#3207,.F.);
#4124=ORIENTED_EDGE('',*,*,#3208,.T.);
#4125=ORIENTED_EDGE('',*,*,#3209,.T.);
#4126=ORIENTED_EDGE('',*,*,#3205,.F.);
#4127=ORIENTED_EDGE('',*,*,#3210,.F.);
#4128=ORIENTED_EDGE('',*,*,#3211,.T.);
#4129=ORIENTED_EDGE('',*,*,#3212,.T.);
#4130=ORIENTED_EDGE('',*,*,#3208,.F.);
#4131=ORIENTED_EDGE('',*,*,#3213,.F.);
#4132=ORIENTED_EDGE('',*,*,#3214,.T.);
#4133=ORIENTED_EDGE('',*,*,#3215,.T.);
#4134=ORIENTED_EDGE('',*,*,#3211,.F.);
#4135=ORIENTED_EDGE('',*,*,#3216,.F.);
#4136=ORIENTED_EDGE('',*,*,#3217,.T.);
#4137=ORIENTED_EDGE('',*,*,#3218,.T.);
#4138=ORIENTED_EDGE('',*,*,#3214,.F.);
#4139=ORIENTED_EDGE('',*,*,#3219,.F.);
#4140=ORIENTED_EDGE('',*,*,#3220,.T.);
#4141=ORIENTED_EDGE('',*,*,#3221,.T.);
#4142=ORIENTED_EDGE('',*,*,#3217,.F.);
#4143=ORIENTED_EDGE('',*,*,#3222,.F.);
#4144=ORIENTED_EDGE('',*,*,#3223,.T.);
#4145=ORIENTED_EDGE('',*,*,#3224,.T.);
#4146=ORIENTED_EDGE('',*,*,#3220,.F.);
#4147=ORIENTED_EDGE('',*,*,#3225,.F.);
#4148=ORIENTED_EDGE('',*,*,#3200,.T.);
#4149=ORIENTED_EDGE('',*,*,#3226,.T.);
#4150=ORIENTED_EDGE('',*,*,#3223,.F.);
#4151=ORIENTED_EDGE('',*,*,#3226,.F.);
#4152=ORIENTED_EDGE('',*,*,#3199,.F.);
#4153=ORIENTED_EDGE('',*,*,#3203,.F.);
#4154=ORIENTED_EDGE('',*,*,#3206,.F.);
#4155=ORIENTED_EDGE('',*,*,#3209,.F.);
#4156=ORIENTED_EDGE('',*,*,#3212,.F.);
#4157=ORIENTED_EDGE('',*,*,#3215,.F.);
#4158=ORIENTED_EDGE('',*,*,#3218,.F.);
#4159=ORIENTED_EDGE('',*,*,#3221,.F.);
#4160=ORIENTED_EDGE('',*,*,#3224,.F.);
#4161=ORIENTED_EDGE('',*,*,#3157,.F.);
#4162=ORIENTED_EDGE('',*,*,#3175,.F.);
#4163=ORIENTED_EDGE('',*,*,#3172,.F.);
#4164=ORIENTED_EDGE('',*,*,#3169,.F.);
#4165=ORIENTED_EDGE('',*,*,#3166,.F.);
#4166=ORIENTED_EDGE('',*,*,#3163,.F.);
#4167=ORIENTED_EDGE('',*,*,#3160,.F.);
#4168=ORIENTED_EDGE('',*,*,#3178,.F.);
#4169=ORIENTED_EDGE('',*,*,#3196,.F.);
#4170=ORIENTED_EDGE('',*,*,#3193,.F.);
#4171=ORIENTED_EDGE('',*,*,#3190,.F.);
#4172=ORIENTED_EDGE('',*,*,#3187,.F.);
#4173=ORIENTED_EDGE('',*,*,#3184,.F.);
#4174=ORIENTED_EDGE('',*,*,#3181,.F.);
#4175=ORIENTED_EDGE('',*,*,#3227,.F.);
#4176=ORIENTED_EDGE('',*,*,#3228,.T.);
#4177=ORIENTED_EDGE('',*,*,#3229,.T.);
#4178=ORIENTED_EDGE('',*,*,#3230,.F.);
#4179=ORIENTED_EDGE('',*,*,#3231,.F.);
#4180=ORIENTED_EDGE('',*,*,#3232,.T.);
#4181=ORIENTED_EDGE('',*,*,#3233,.T.);
#4182=ORIENTED_EDGE('',*,*,#3228,.F.);
#4183=ORIENTED_EDGE('',*,*,#3234,.F.);
#4184=ORIENTED_EDGE('',*,*,#3235,.T.);
#4185=ORIENTED_EDGE('',*,*,#3236,.T.);
#4186=ORIENTED_EDGE('',*,*,#3232,.F.);
#4187=ORIENTED_EDGE('',*,*,#3237,.F.);
#4188=ORIENTED_EDGE('',*,*,#3230,.T.);
#4189=ORIENTED_EDGE('',*,*,#3238,.T.);
#4190=ORIENTED_EDGE('',*,*,#3235,.F.);
#4191=ORIENTED_EDGE('',*,*,#3238,.F.);
#4192=ORIENTED_EDGE('',*,*,#3229,.F.);
#4193=ORIENTED_EDGE('',*,*,#3233,.F.);
#4194=ORIENTED_EDGE('',*,*,#3236,.F.);
#4195=ORIENTED_EDGE('',*,*,#3239,.F.);
#4196=ORIENTED_EDGE('',*,*,#3240,.T.);
#4197=ORIENTED_EDGE('',*,*,#3241,.T.);
#4198=ORIENTED_EDGE('',*,*,#3242,.F.);
#4199=ORIENTED_EDGE('',*,*,#3243,.F.);
#4200=ORIENTED_EDGE('',*,*,#3244,.T.);
#4201=ORIENTED_EDGE('',*,*,#3245,.T.);
#4202=ORIENTED_EDGE('',*,*,#3240,.F.);
#4203=ORIENTED_EDGE('',*,*,#3246,.F.);
#4204=ORIENTED_EDGE('',*,*,#3247,.T.);
#4205=ORIENTED_EDGE('',*,*,#3248,.T.);
#4206=ORIENTED_EDGE('',*,*,#3244,.F.);
#4207=ORIENTED_EDGE('',*,*,#3249,.F.);
#4208=ORIENTED_EDGE('',*,*,#3242,.T.);
#4209=ORIENTED_EDGE('',*,*,#3250,.T.);
#4210=ORIENTED_EDGE('',*,*,#3247,.F.);
#4211=ORIENTED_EDGE('',*,*,#3250,.F.);
#4212=ORIENTED_EDGE('',*,*,#3241,.F.);
#4213=ORIENTED_EDGE('',*,*,#3245,.F.);
#4214=ORIENTED_EDGE('',*,*,#3248,.F.);
#4215=ORIENTED_EDGE('',*,*,#3251,.F.);
#4216=ORIENTED_EDGE('',*,*,#3252,.T.);
#4217=ORIENTED_EDGE('',*,*,#3253,.F.);
#4218=ORIENTED_EDGE('',*,*,#3254,.T.);
#4219=ORIENTED_EDGE('',*,*,#3255,.F.);
#4220=ORIENTED_EDGE('',*,*,#3256,.T.);
#4221=ORIENTED_EDGE('',*,*,#3257,.F.);
#4222=ORIENTED_EDGE('',*,*,#3258,.F.);
#4223=ORIENTED_EDGE('',*,*,#3063,.T.);
#4224=ORIENTED_EDGE('',*,*,#3067,.T.);
#4225=ORIENTED_EDGE('',*,*,#3071,.T.);
#4226=ORIENTED_EDGE('',*,*,#3075,.T.);
#4227=ORIENTED_EDGE('',*,*,#3095,.T.);
#4228=ORIENTED_EDGE('',*,*,#3153,.T.);
#4229=ORIENTED_EDGE('',*,*,#3150,.T.);
#4230=ORIENTED_EDGE('',*,*,#3147,.T.);
#4231=ORIENTED_EDGE('',*,*,#3144,.T.);
#4232=ORIENTED_EDGE('',*,*,#3141,.T.);
#4233=ORIENTED_EDGE('',*,*,#3138,.T.);
#4234=ORIENTED_EDGE('',*,*,#3135,.T.);
#4235=ORIENTED_EDGE('',*,*,#3132,.T.);
#4236=ORIENTED_EDGE('',*,*,#3129,.T.);
#4237=ORIENTED_EDGE('',*,*,#3126,.T.);
#4238=ORIENTED_EDGE('',*,*,#3123,.T.);
#4239=ORIENTED_EDGE('',*,*,#3120,.T.);
#4240=ORIENTED_EDGE('',*,*,#3117,.T.);
#4241=ORIENTED_EDGE('',*,*,#3114,.T.);
#4242=ORIENTED_EDGE('',*,*,#3111,.T.);
#4243=ORIENTED_EDGE('',*,*,#3108,.T.);
#4244=ORIENTED_EDGE('',*,*,#3105,.T.);
#4245=ORIENTED_EDGE('',*,*,#3102,.T.);
#4246=ORIENTED_EDGE('',*,*,#3099,.T.);
#4247=ORIENTED_EDGE('',*,*,#3197,.T.);
#4248=ORIENTED_EDGE('',*,*,#3225,.T.);
#4249=ORIENTED_EDGE('',*,*,#3222,.T.);
#4250=ORIENTED_EDGE('',*,*,#3219,.T.);
#4251=ORIENTED_EDGE('',*,*,#3216,.T.);
#4252=ORIENTED_EDGE('',*,*,#3213,.T.);
#4253=ORIENTED_EDGE('',*,*,#3210,.T.);
#4254=ORIENTED_EDGE('',*,*,#3207,.T.);
#4255=ORIENTED_EDGE('',*,*,#3204,.T.);
#4256=ORIENTED_EDGE('',*,*,#3201,.T.);
#4257=ORIENTED_EDGE('',*,*,#3227,.T.);
#4258=ORIENTED_EDGE('',*,*,#3237,.T.);
#4259=ORIENTED_EDGE('',*,*,#3234,.T.);
#4260=ORIENTED_EDGE('',*,*,#3231,.T.);
#4261=ORIENTED_EDGE('',*,*,#3239,.T.);
#4262=ORIENTED_EDGE('',*,*,#3249,.T.);
#4263=ORIENTED_EDGE('',*,*,#3246,.T.);
#4264=ORIENTED_EDGE('',*,*,#3243,.T.);
#4265=ORIENTED_EDGE('',*,*,#3176,.T.);
#4266=ORIENTED_EDGE('',*,*,#3180,.T.);
#4267=ORIENTED_EDGE('',*,*,#3183,.T.);
#4268=ORIENTED_EDGE('',*,*,#3186,.T.);
#4269=ORIENTED_EDGE('',*,*,#3189,.T.);
#4270=ORIENTED_EDGE('',*,*,#3192,.T.);
#4271=ORIENTED_EDGE('',*,*,#3195,.T.);
#4272=ORIENTED_EDGE('',*,*,#3251,.T.);
#4273=ORIENTED_EDGE('',*,*,#3259,.T.);
#4274=ORIENTED_EDGE('',*,*,#3260,.T.);
#4275=ORIENTED_EDGE('',*,*,#3261,.T.);
#4276=ORIENTED_EDGE('',*,*,#3155,.T.);
#4277=ORIENTED_EDGE('',*,*,#3159,.T.);
#4278=ORIENTED_EDGE('',*,*,#3162,.T.);
#4279=ORIENTED_EDGE('',*,*,#3165,.T.);
#4280=ORIENTED_EDGE('',*,*,#3168,.T.);
#4281=ORIENTED_EDGE('',*,*,#3171,.T.);
#4282=ORIENTED_EDGE('',*,*,#3174,.T.);
#4283=ORIENTED_EDGE('',*,*,#3261,.F.);
#4284=ORIENTED_EDGE('',*,*,#3262,.F.);
#4285=ORIENTED_EDGE('',*,*,#3263,.F.);
#4286=ORIENTED_EDGE('',*,*,#3252,.F.);
#4287=ORIENTED_EDGE('',*,*,#3047,.T.);
#4288=ORIENTED_EDGE('',*,*,#3050,.T.);
#4289=ORIENTED_EDGE('',*,*,#3044,.T.);
#4290=ORIENTED_EDGE('',*,*,#3040,.T.);
#4291=ORIENTED_EDGE('',*,*,#3253,.T.);
#4292=ORIENTED_EDGE('',*,*,#3263,.T.);
#4293=ORIENTED_EDGE('',*,*,#3264,.T.);
#4294=ORIENTED_EDGE('',*,*,#3265,.T.);
#4295=ORIENTED_EDGE('',*,*,#3257,.T.);
#4296=ORIENTED_EDGE('',*,*,#3266,.T.);
#4297=ORIENTED_EDGE('',*,*,#3267,.T.);
#4298=ORIENTED_EDGE('',*,*,#3268,.T.);
#4299=ORIENTED_EDGE('',*,*,#3266,.F.);
#4300=ORIENTED_EDGE('',*,*,#3256,.F.);
#4301=ORIENTED_EDGE('',*,*,#3269,.F.);
#4302=ORIENTED_EDGE('',*,*,#3270,.F.);
#4303=ORIENTED_EDGE('',*,*,#3255,.T.);
#4304=ORIENTED_EDGE('',*,*,#3271,.T.);
#4305=ORIENTED_EDGE('',*,*,#3272,.T.);
#4306=ORIENTED_EDGE('',*,*,#3269,.T.);
#4307=ORIENTED_EDGE('',*,*,#3074,.T.);
#4308=ORIENTED_EDGE('',*,*,#3273,.T.);
#4309=ORIENTED_EDGE('',*,*,#3082,.T.);
#4310=ORIENTED_EDGE('',*,*,#3273,.F.);
#4311=ORIENTED_EDGE('',*,*,#3070,.T.);
#4312=ORIENTED_EDGE('',*,*,#3274,.T.);
#4313=ORIENTED_EDGE('',*,*,#3094,.T.);
#4314=ORIENTED_EDGE('',*,*,#3274,.F.);
#4315=ORIENTED_EDGE('',*,*,#3066,.T.);
#4316=ORIENTED_EDGE('',*,*,#3275,.T.);
#4317=ORIENTED_EDGE('',*,*,#3090,.T.);
#4318=ORIENTED_EDGE('',*,*,#3275,.F.);
#4319=ORIENTED_EDGE('',*,*,#3078,.T.);
#4320=ORIENTED_EDGE('',*,*,#3276,.T.);
#4321=ORIENTED_EDGE('',*,*,#3086,.T.);
#4322=ORIENTED_EDGE('',*,*,#3276,.F.);
#4323=ORIENTED_EDGE('',*,*,#3277,.F.);
#4324=ORIENTED_EDGE('',*,*,#3278,.F.);
#4325=ORIENTED_EDGE('',*,*,#3279,.F.);
#4326=ORIENTED_EDGE('',*,*,#3280,.T.);
#4327=ORIENTED_EDGE('',*,*,#3260,.F.);
#4328=ORIENTED_EDGE('',*,*,#3281,.T.);
#4329=ORIENTED_EDGE('',*,*,#3267,.F.);
#4330=ORIENTED_EDGE('',*,*,#3270,.T.);
#4331=ORIENTED_EDGE('',*,*,#3272,.F.);
#4332=ORIENTED_EDGE('',*,*,#3282,.T.);
#4333=ORIENTED_EDGE('',*,*,#3264,.F.);
#4334=ORIENTED_EDGE('',*,*,#3262,.T.);
#4335=ORIENTED_EDGE('',*,*,#3079,.T.);
#4336=ORIENTED_EDGE('',*,*,#3083,.T.);
#4337=ORIENTED_EDGE('',*,*,#3087,.T.);
#4338=ORIENTED_EDGE('',*,*,#3091,.T.);
#4339=ORIENTED_EDGE('',*,*,#3283,.T.);
#4340=ORIENTED_EDGE('',*,*,#3284,.T.);
#4341=ORIENTED_EDGE('',*,*,#3285,.T.);
#4342=ORIENTED_EDGE('',*,*,#3286,.T.);
#4343=ORIENTED_EDGE('',*,*,#3287,.T.);
#4344=ORIENTED_EDGE('',*,*,#3288,.T.);
#4345=ORIENTED_EDGE('',*,*,#3289,.T.);
#4346=ORIENTED_EDGE('',*,*,#3290,.T.);
#4347=ORIENTED_EDGE('',*,*,#3291,.T.);
#4348=ORIENTED_EDGE('',*,*,#3292,.T.);
#4349=ORIENTED_EDGE('',*,*,#3293,.T.);
#4350=ORIENTED_EDGE('',*,*,#3294,.T.);
#4351=ORIENTED_EDGE('',*,*,#3283,.F.);
#4352=ORIENTED_EDGE('',*,*,#3295,.T.);
#4353=ORIENTED_EDGE('',*,*,#3296,.F.);
#4354=ORIENTED_EDGE('',*,*,#3297,.T.);
#4355=ORIENTED_EDGE('',*,*,#3277,.T.);
#4356=ORIENTED_EDGE('',*,*,#3298,.T.);
#4357=ORIENTED_EDGE('',*,*,#3299,.T.);
#4358=ORIENTED_EDGE('',*,*,#3300,.T.);
#4359=ORIENTED_EDGE('',*,*,#3299,.F.);
#4360=ORIENTED_EDGE('',*,*,#3301,.F.);
#4361=ORIENTED_EDGE('',*,*,#3302,.F.);
#4362=ORIENTED_EDGE('',*,*,#3303,.T.);
#4363=ORIENTED_EDGE('',*,*,#3300,.F.);
#4364=ORIENTED_EDGE('',*,*,#3303,.F.);
#4365=ORIENTED_EDGE('',*,*,#3304,.F.);
#4366=ORIENTED_EDGE('',*,*,#3278,.T.);
#4367=ORIENTED_EDGE('',*,*,#3298,.F.);
#4368=ORIENTED_EDGE('',*,*,#3280,.F.);
#4369=ORIENTED_EDGE('',*,*,#3305,.F.);
#4370=ORIENTED_EDGE('',*,*,#3301,.T.);
#4371=ORIENTED_EDGE('',*,*,#3306,.F.);
#4372=ORIENTED_EDGE('',*,*,#3307,.F.);
#4373=ORIENTED_EDGE('',*,*,#3308,.F.);
#4374=ORIENTED_EDGE('',*,*,#3293,.F.);
#4375=ORIENTED_EDGE('',*,*,#3309,.F.);
#4376=ORIENTED_EDGE('',*,*,#3287,.F.);
#4377=ORIENTED_EDGE('',*,*,#3310,.F.);
#4378=ORIENTED_EDGE('',*,*,#3311,.F.);
#4379=ORIENTED_EDGE('',*,*,#3309,.T.);
#4380=ORIENTED_EDGE('',*,*,#3312,.F.);
#4381=ORIENTED_EDGE('',*,*,#3313,.F.);
#4382=ORIENTED_EDGE('',*,*,#3288,.F.);
#4383=ORIENTED_EDGE('',*,*,#3310,.T.);
#4384=ORIENTED_EDGE('',*,*,#3286,.F.);
#4385=ORIENTED_EDGE('',*,*,#3314,.F.);
#4386=ORIENTED_EDGE('',*,*,#3315,.F.);
#4387=ORIENTED_EDGE('',*,*,#3308,.T.);
#4388=ORIENTED_EDGE('',*,*,#3316,.F.);
#4389=ORIENTED_EDGE('',*,*,#3295,.F.);
#4390=ORIENTED_EDGE('',*,*,#3294,.F.);
#4391=ORIENTED_EDGE('',*,*,#3306,.T.);
#4392=ORIENTED_EDGE('',*,*,#3292,.F.);
#4393=ORIENTED_EDGE('',*,*,#3317,.F.);
#4394=ORIENTED_EDGE('',*,*,#3318,.F.);
#4395=ORIENTED_EDGE('',*,*,#3313,.T.);
#4396=ORIENTED_EDGE('',*,*,#3319,.F.);
#4397=ORIENTED_EDGE('',*,*,#3320,.T.);
#4398=ORIENTED_EDGE('',*,*,#3289,.F.);
#4399=ORIENTED_EDGE('',*,*,#3296,.T.);
#4400=ORIENTED_EDGE('',*,*,#3316,.T.);
#4401=ORIENTED_EDGE('',*,*,#3307,.T.);
#4402=ORIENTED_EDGE('',*,*,#3318,.T.);
#4403=ORIENTED_EDGE('',*,*,#3321,.T.);
#4404=ORIENTED_EDGE('',*,*,#3322,.T.);
#4405=ORIENTED_EDGE('',*,*,#3061,.T.);
#4406=ORIENTED_EDGE('',*,*,#3062,.T.);
#4407=ORIENTED_EDGE('',*,*,#3057,.F.);
#4408=ORIENTED_EDGE('',*,*,#3323,.T.);
#4409=ORIENTED_EDGE('',*,*,#3319,.T.);
#4410=ORIENTED_EDGE('',*,*,#3312,.T.);
#4411=ORIENTED_EDGE('',*,*,#3311,.T.);
#4412=ORIENTED_EDGE('',*,*,#3315,.T.);
#4413=ORIENTED_EDGE('',*,*,#3324,.T.);
#4414=ORIENTED_EDGE('',*,*,#3325,.T.);
#4415=ORIENTED_EDGE('',*,*,#3317,.T.);
#4416=ORIENTED_EDGE('',*,*,#3291,.F.);
#4417=ORIENTED_EDGE('',*,*,#3326,.F.);
#4418=ORIENTED_EDGE('',*,*,#3321,.F.);
#4419=ORIENTED_EDGE('',*,*,#3265,.F.);
#4420=ORIENTED_EDGE('',*,*,#3282,.F.);
#4421=ORIENTED_EDGE('',*,*,#3271,.F.);
#4422=ORIENTED_EDGE('',*,*,#3254,.F.);
#4423=ORIENTED_EDGE('',*,*,#3279,.T.);
#4424=ORIENTED_EDGE('',*,*,#3304,.T.);
#4425=ORIENTED_EDGE('',*,*,#3302,.T.);
#4426=ORIENTED_EDGE('',*,*,#3305,.T.);
#4427=ORIENTED_EDGE('',*,*,#3314,.T.);
#4428=ORIENTED_EDGE('',*,*,#3285,.F.);
#4429=ORIENTED_EDGE('',*,*,#3327,.F.);
#4430=ORIENTED_EDGE('',*,*,#3324,.F.);
#4431=ORIENTED_EDGE('',*,*,#3059,.T.);
#4432=ORIENTED_EDGE('',*,*,#3322,.F.);
#4433=ORIENTED_EDGE('',*,*,#3326,.T.);
#4434=ORIENTED_EDGE('',*,*,#3290,.F.);
#4435=ORIENTED_EDGE('',*,*,#3320,.F.);
#4436=ORIENTED_EDGE('',*,*,#3323,.F.);
#4437=ORIENTED_EDGE('',*,*,#3056,.T.);
#4438=ORIENTED_EDGE('',*,*,#3052,.T.);
#4439=ORIENTED_EDGE('',*,*,#3325,.F.);
#4440=ORIENTED_EDGE('',*,*,#3327,.T.);
#4441=ORIENTED_EDGE('',*,*,#3284,.F.);
#4442=ORIENTED_EDGE('',*,*,#3297,.F.);
#4443=ORIENTED_EDGE('',*,*,#3259,.F.);
#4444=ORIENTED_EDGE('',*,*,#3258,.T.);
#4445=ORIENTED_EDGE('',*,*,#3268,.F.);
#4446=ORIENTED_EDGE('',*,*,#3281,.F.);
#4447=ORIENTED_EDGE('',*,*,#3328,.F.);
#4448=ORIENTED_EDGE('',*,*,#3329,.T.);
#4449=ORIENTED_EDGE('',*,*,#3330,.T.);
#4450=ORIENTED_EDGE('',*,*,#3329,.F.);
#4451=ORIENTED_EDGE('',*,*,#3330,.F.);
#4452=ORIENTED_EDGE('',*,*,#3331,.F.);
#4453=ORIENTED_EDGE('',*,*,#3332,.F.);
#4454=ORIENTED_EDGE('',*,*,#3333,.T.);
#4455=ORIENTED_EDGE('',*,*,#3334,.T.);
#4456=ORIENTED_EDGE('',*,*,#3333,.F.);
#4457=ORIENTED_EDGE('',*,*,#3334,.F.);
#4458=ORIENTED_EDGE('',*,*,#3335,.F.);
#4459=ORIENTED_EDGE('',*,*,#3336,.F.);
#4460=ORIENTED_EDGE('',*,*,#3337,.T.);
#4461=ORIENTED_EDGE('',*,*,#3338,.T.);
#4462=ORIENTED_EDGE('',*,*,#3337,.F.);
#4463=ORIENTED_EDGE('',*,*,#3338,.F.);
#4464=ORIENTED_EDGE('',*,*,#3339,.F.);
#4465=ORIENTED_EDGE('',*,*,#3340,.F.);
#4466=ORIENTED_EDGE('',*,*,#3341,.T.);
#4467=ORIENTED_EDGE('',*,*,#3342,.T.);
#4468=ORIENTED_EDGE('',*,*,#3341,.F.);
#4469=ORIENTED_EDGE('',*,*,#3342,.F.);
#4470=ORIENTED_EDGE('',*,*,#3343,.F.);
#4471=ORIENTED_EDGE('',*,*,#3344,.T.);
#4472=ORIENTED_EDGE('',*,*,#3345,.F.);
#4473=ORIENTED_EDGE('',*,*,#3346,.F.);
#4474=ORIENTED_EDGE('',*,*,#3347,.T.);
#4475=ORIENTED_EDGE('',*,*,#3348,.F.);
#4476=ORIENTED_EDGE('',*,*,#3349,.F.);
#4477=ORIENTED_EDGE('',*,*,#3347,.F.);
#4478=ORIENTED_EDGE('',*,*,#3350,.T.);
#4479=ORIENTED_EDGE('',*,*,#3348,.T.);
#4480=ORIENTED_EDGE('',*,*,#3349,.T.);
#4481=ORIENTED_EDGE('',*,*,#3350,.F.);
#4482=ORIENTED_EDGE('',*,*,#3351,.T.);
#4483=ORIENTED_EDGE('',*,*,#3352,.T.);
#4484=ORIENTED_EDGE('',*,*,#3345,.T.);
#4485=ORIENTED_EDGE('',*,*,#3346,.T.);
#4486=ORIENTED_EDGE('',*,*,#3352,.F.);
#4487=ORIENTED_EDGE('',*,*,#3353,.T.);
#4488=ORIENTED_EDGE('',*,*,#3354,.F.);
#4489=ORIENTED_EDGE('',*,*,#3355,.T.);
#4490=ORIENTED_EDGE('',*,*,#3356,.T.);
#4491=ORIENTED_EDGE('',*,*,#3357,.F.);
#4492=ORIENTED_EDGE('',*,*,#3339,.T.);
#4493=ORIENTED_EDGE('',*,*,#3358,.T.);
#4494=ORIENTED_EDGE('',*,*,#3359,.F.);
#4495=ORIENTED_EDGE('',*,*,#3358,.F.);
#4496=ORIENTED_EDGE('',*,*,#3343,.T.);
#4497=ORIENTED_EDGE('',*,*,#3360,.T.);
#4498=ORIENTED_EDGE('',*,*,#3361,.F.);
#4499=ORIENTED_EDGE('',*,*,#3360,.F.);
#4500=ORIENTED_EDGE('',*,*,#3335,.T.);
#4501=ORIENTED_EDGE('',*,*,#3362,.T.);
#4502=ORIENTED_EDGE('',*,*,#3363,.F.);
#4503=ORIENTED_EDGE('',*,*,#3362,.F.);
#4504=ORIENTED_EDGE('',*,*,#3331,.T.);
#4505=ORIENTED_EDGE('',*,*,#3364,.T.);
#4506=ORIENTED_EDGE('',*,*,#3365,.F.);
#4507=ORIENTED_EDGE('',*,*,#3364,.F.);
#4508=ORIENTED_EDGE('',*,*,#3366,.F.);
#4509=ORIENTED_EDGE('',*,*,#3367,.T.);
#4510=ORIENTED_EDGE('',*,*,#3368,.F.);
#4511=ORIENTED_EDGE('',*,*,#3369,.F.);
#4512=ORIENTED_EDGE('',*,*,#3370,.T.);
#4513=ORIENTED_EDGE('',*,*,#3371,.T.);
#4514=ORIENTED_EDGE('',*,*,#3372,.T.);
#4515=ORIENTED_EDGE('',*,*,#3368,.T.);
#4516=ORIENTED_EDGE('',*,*,#3371,.F.);
#4517=ORIENTED_EDGE('',*,*,#3373,.T.);
#4518=ORIENTED_EDGE('',*,*,#3374,.F.);
#4519=ORIENTED_EDGE('',*,*,#3375,.F.);
#4520=ORIENTED_EDGE('',*,*,#3376,.T.);
#4521=ORIENTED_EDGE('',*,*,#3377,.T.);
#4522=ORIENTED_EDGE('',*,*,#3378,.T.);
#4523=ORIENTED_EDGE('',*,*,#3374,.T.);
#4524=ORIENTED_EDGE('',*,*,#3379,.F.);
#4525=ORIENTED_EDGE('',*,*,#3380,.F.);
#4526=ORIENTED_EDGE('',*,*,#3377,.F.);
#4527=ORIENTED_EDGE('',*,*,#3381,.T.);
#4528=ORIENTED_EDGE('',*,*,#3353,.F.);
#4529=ORIENTED_EDGE('',*,*,#3351,.F.);
#4530=ORIENTED_EDGE('',*,*,#3382,.T.);
#4531=ORIENTED_EDGE('',*,*,#3383,.T.);
#4532=ORIENTED_EDGE('',*,*,#3384,.T.);
#4533=ORIENTED_EDGE('',*,*,#3379,.T.);
#4534=ORIENTED_EDGE('',*,*,#3385,.F.);
#4535=ORIENTED_EDGE('',*,*,#3386,.T.);
#4536=ORIENTED_EDGE('',*,*,#3383,.F.);
#4537=ORIENTED_EDGE('',*,*,#3387,.T.);
#4538=ORIENTED_EDGE('',*,*,#3388,.T.);
#4539=ORIENTED_EDGE('',*,*,#3366,.T.);
#4540=ORIENTED_EDGE('',*,*,#3389,.T.);
#4541=ORIENTED_EDGE('',*,*,#3385,.T.);
#4542=ORIENTED_EDGE('',*,*,#3389,.F.);
#4543=ORIENTED_EDGE('',*,*,#3369,.T.);
#4544=ORIENTED_EDGE('',*,*,#3372,.F.);
#4545=ORIENTED_EDGE('',*,*,#3375,.T.);
#4546=ORIENTED_EDGE('',*,*,#3378,.F.);
#4547=ORIENTED_EDGE('',*,*,#3380,.T.);
#4548=ORIENTED_EDGE('',*,*,#3384,.F.);
#4549=ORIENTED_EDGE('',*,*,#3386,.F.);
#4550=ORIENTED_EDGE('',*,*,#3365,.T.);
#4551=ORIENTED_EDGE('',*,*,#3363,.T.);
#4552=ORIENTED_EDGE('',*,*,#3361,.T.);
#4553=ORIENTED_EDGE('',*,*,#3359,.T.);
#4554=ORIENTED_EDGE('',*,*,#3390,.F.);
#4555=ORIENTED_EDGE('',*,*,#3391,.F.);
#4556=ORIENTED_EDGE('',*,*,#3392,.F.);
#4557=ORIENTED_EDGE('',*,*,#3393,.F.);
#4558=ORIENTED_EDGE('',*,*,#3394,.F.);
#4559=ORIENTED_EDGE('',*,*,#3395,.F.);
#4560=ORIENTED_EDGE('',*,*,#3396,.F.);
#4561=ORIENTED_EDGE('',*,*,#3356,.F.);
#4562=ORIENTED_EDGE('',*,*,#3397,.F.);
#4563=ORIENTED_EDGE('',*,*,#3357,.T.);
#4564=ORIENTED_EDGE('',*,*,#3396,.T.);
#4565=ORIENTED_EDGE('',*,*,#3398,.F.);
#4566=ORIENTED_EDGE('',*,*,#3399,.F.);
#4567=ORIENTED_EDGE('',*,*,#3400,.F.);
#4568=ORIENTED_EDGE('',*,*,#3394,.T.);
#4569=ORIENTED_EDGE('',*,*,#3355,.F.);
#4570=ORIENTED_EDGE('',*,*,#3388,.F.);
#4571=ORIENTED_EDGE('',*,*,#3387,.F.);
#4572=ORIENTED_EDGE('',*,*,#3382,.F.);
#4573=ORIENTED_EDGE('',*,*,#3381,.F.);
#4574=ORIENTED_EDGE('',*,*,#3376,.F.);
#4575=ORIENTED_EDGE('',*,*,#3373,.F.);
#4576=ORIENTED_EDGE('',*,*,#3370,.F.);
#4577=ORIENTED_EDGE('',*,*,#3367,.F.);
#4578=ORIENTED_EDGE('',*,*,#3328,.T.);
#4579=ORIENTED_EDGE('',*,*,#3332,.T.);
#4580=ORIENTED_EDGE('',*,*,#3336,.T.);
#4581=ORIENTED_EDGE('',*,*,#3340,.T.);
#4582=ORIENTED_EDGE('',*,*,#3399,.T.);
#4583=ORIENTED_EDGE('',*,*,#3354,.T.);
#4584=ORIENTED_EDGE('',*,*,#3397,.T.);
#4585=ORIENTED_EDGE('',*,*,#3401,.T.);
#4586=ORIENTED_EDGE('',*,*,#3402,.T.);
#4587=ORIENTED_EDGE('',*,*,#3403,.T.);
#4588=ORIENTED_EDGE('',*,*,#3404,.T.);
#4589=ORIENTED_EDGE('',*,*,#3405,.T.);
#4590=ORIENTED_EDGE('',*,*,#3406,.T.);
#4591=ORIENTED_EDGE('',*,*,#3407,.T.);
#4592=ORIENTED_EDGE('',*,*,#3408,.T.);
#4593=ORIENTED_EDGE('',*,*,#3391,.T.);
#4594=ORIENTED_EDGE('',*,*,#3409,.T.);
#4595=ORIENTED_EDGE('',*,*,#3410,.F.);
#4596=ORIENTED_EDGE('',*,*,#3411,.F.);
#4597=ORIENTED_EDGE('',*,*,#3392,.T.);
#4598=ORIENTED_EDGE('',*,*,#3411,.T.);
#4599=ORIENTED_EDGE('',*,*,#3412,.F.);
#4600=ORIENTED_EDGE('',*,*,#3413,.F.);
#4601=ORIENTED_EDGE('',*,*,#3393,.T.);
#4602=ORIENTED_EDGE('',*,*,#3413,.T.);
#4603=ORIENTED_EDGE('',*,*,#3414,.F.);
#4604=ORIENTED_EDGE('',*,*,#3415,.F.);
#4605=ORIENTED_EDGE('',*,*,#3390,.T.);
#4606=ORIENTED_EDGE('',*,*,#3415,.T.);
#4607=ORIENTED_EDGE('',*,*,#3416,.F.);
#4608=ORIENTED_EDGE('',*,*,#3409,.F.);
#4609=ORIENTED_EDGE('',*,*,#3417,.F.);
#4610=ORIENTED_EDGE('',*,*,#3418,.T.);
#4611=ORIENTED_EDGE('',*,*,#3404,.F.);
#4612=ORIENTED_EDGE('',*,*,#3419,.F.);
#4613=ORIENTED_EDGE('',*,*,#3400,.T.);
#4614=ORIENTED_EDGE('',*,*,#3405,.F.);
#4615=ORIENTED_EDGE('',*,*,#3418,.F.);
#4616=ORIENTED_EDGE('',*,*,#3420,.F.);
#4617=ORIENTED_EDGE('',*,*,#3421,.T.);
#4618=ORIENTED_EDGE('',*,*,#3401,.F.);
#4619=ORIENTED_EDGE('',*,*,#3398,.T.);
#4620=ORIENTED_EDGE('',*,*,#3395,.T.);
#4621=ORIENTED_EDGE('',*,*,#3422,.F.);
#4622=ORIENTED_EDGE('',*,*,#3423,.T.);
#4623=ORIENTED_EDGE('',*,*,#3402,.F.);
#4624=ORIENTED_EDGE('',*,*,#3421,.F.);
#4625=ORIENTED_EDGE('',*,*,#3424,.F.);
#4626=ORIENTED_EDGE('',*,*,#3419,.T.);
#4627=ORIENTED_EDGE('',*,*,#3403,.F.);
#4628=ORIENTED_EDGE('',*,*,#3423,.F.);
#4629=ORIENTED_EDGE('',*,*,#3406,.F.);
#4630=ORIENTED_EDGE('',*,*,#3425,.T.);
#4631=ORIENTED_EDGE('',*,*,#3426,.F.);
#4632=ORIENTED_EDGE('',*,*,#3425,.F.);
#4633=ORIENTED_EDGE('',*,*,#3407,.F.);
#4634=ORIENTED_EDGE('',*,*,#3427,.T.);
#4635=ORIENTED_EDGE('',*,*,#3428,.F.);
#4636=ORIENTED_EDGE('',*,*,#3427,.F.);
#4637=ORIENTED_EDGE('',*,*,#3408,.F.);
#4638=ORIENTED_EDGE('',*,*,#3429,.T.);
#4639=ORIENTED_EDGE('',*,*,#3430,.F.);
#4640=ORIENTED_EDGE('',*,*,#3429,.F.);
#4641=ORIENTED_EDGE('',*,*,#3424,.T.);
#4642=ORIENTED_EDGE('',*,*,#3422,.T.);
#4643=ORIENTED_EDGE('',*,*,#3420,.T.);
#4644=ORIENTED_EDGE('',*,*,#3417,.T.);
#4645=ORIENTED_EDGE('',*,*,#3431,.T.);
#4646=ORIENTED_EDGE('',*,*,#3430,.T.);
#4647=ORIENTED_EDGE('',*,*,#3428,.T.);
#4648=ORIENTED_EDGE('',*,*,#3426,.T.);
#4649=ORIENTED_EDGE('',*,*,#3416,.T.);
#4650=ORIENTED_EDGE('',*,*,#3414,.T.);
#4651=ORIENTED_EDGE('',*,*,#3412,.T.);
#4652=ORIENTED_EDGE('',*,*,#3410,.T.);
#4653=ORIENTED_EDGE('',*,*,#3344,.F.);
#4654=ORIENTED_EDGE('',*,*,#3432,.T.);
#4655=ORIENTED_EDGE('',*,*,#3431,.F.);
#4656=ORIENTED_EDGE('',*,*,#3432,.F.);
#4657=ORIENTED_EDGE('',*,*,#3433,.F.);
#4658=ORIENTED_EDGE('',*,*,#3434,.T.);
#4659=ORIENTED_EDGE('',*,*,#3435,.F.);
#4660=ORIENTED_EDGE('',*,*,#3436,.F.);
#4661=ORIENTED_EDGE('',*,*,#3435,.T.);
#4662=ORIENTED_EDGE('',*,*,#3437,.T.);
#4663=ORIENTED_EDGE('',*,*,#3438,.T.);
#4664=ORIENTED_EDGE('',*,*,#3439,.T.);
#4665=ORIENTED_EDGE('',*,*,#3440,.F.);
#4666=ORIENTED_EDGE('',*,*,#3441,.T.);
#4667=ORIENTED_EDGE('',*,*,#3442,.F.);
#4668=ORIENTED_EDGE('',*,*,#3443,.F.);
#4669=ORIENTED_EDGE('',*,*,#3444,.T.);
#4670=ORIENTED_EDGE('',*,*,#3442,.T.);
#4671=ORIENTED_EDGE('',*,*,#3445,.T.);
#4672=ORIENTED_EDGE('',*,*,#3446,.T.);
#4673=ORIENTED_EDGE('',*,*,#3433,.T.);
#4674=ORIENTED_EDGE('',*,*,#3447,.F.);
#4675=ORIENTED_EDGE('',*,*,#3448,.T.);
#4676=ORIENTED_EDGE('',*,*,#3449,.F.);
#4677=ORIENTED_EDGE('',*,*,#3440,.T.);
#4678=ORIENTED_EDGE('',*,*,#3450,.F.);
#4679=ORIENTED_EDGE('',*,*,#3451,.T.);
#4680=ORIENTED_EDGE('',*,*,#3452,.F.);
#4681=ORIENTED_EDGE('',*,*,#3453,.T.);
#4682=ORIENTED_EDGE('',*,*,#3454,.T.);
#4683=ORIENTED_EDGE('',*,*,#3455,.T.);
#4684=ORIENTED_EDGE('',*,*,#3456,.T.);
#4685=ORIENTED_EDGE('',*,*,#3457,.T.);
#4686=ORIENTED_EDGE('',*,*,#3458,.T.);
#4687=ORIENTED_EDGE('',*,*,#3459,.T.);
#4688=ORIENTED_EDGE('',*,*,#3460,.T.);
#4689=ORIENTED_EDGE('',*,*,#3461,.T.);
#4690=ORIENTED_EDGE('',*,*,#3462,.T.);
#4691=ORIENTED_EDGE('',*,*,#3463,.T.);
#4692=ORIENTED_EDGE('',*,*,#3464,.T.);
#4693=ORIENTED_EDGE('',*,*,#3465,.T.);
#4694=ORIENTED_EDGE('',*,*,#3466,.F.);
#4695=ORIENTED_EDGE('',*,*,#3467,.T.);
#4696=ORIENTED_EDGE('',*,*,#3468,.T.);
#4697=ORIENTED_EDGE('',*,*,#3467,.F.);
#4698=ORIENTED_EDGE('',*,*,#3468,.F.);
#4699=ORIENTED_EDGE('',*,*,#3469,.F.);
#4700=ORIENTED_EDGE('',*,*,#3470,.F.);
#4701=ORIENTED_EDGE('',*,*,#3471,.T.);
#4702=ORIENTED_EDGE('',*,*,#3472,.T.);
#4703=ORIENTED_EDGE('',*,*,#3471,.F.);
#4704=ORIENTED_EDGE('',*,*,#3472,.F.);
#4705=ORIENTED_EDGE('',*,*,#3473,.F.);
#4706=ORIENTED_EDGE('',*,*,#3474,.F.);
#4707=ORIENTED_EDGE('',*,*,#3475,.T.);
#4708=ORIENTED_EDGE('',*,*,#3476,.T.);
#4709=ORIENTED_EDGE('',*,*,#3475,.F.);
#4710=ORIENTED_EDGE('',*,*,#3476,.F.);
#4711=ORIENTED_EDGE('',*,*,#3477,.F.);
#4712=ORIENTED_EDGE('',*,*,#3478,.F.);
#4713=ORIENTED_EDGE('',*,*,#3479,.T.);
#4714=ORIENTED_EDGE('',*,*,#3480,.T.);
#4715=ORIENTED_EDGE('',*,*,#3479,.F.);
#4716=ORIENTED_EDGE('',*,*,#3480,.F.);
#4717=ORIENTED_EDGE('',*,*,#3481,.F.);
#4718=ORIENTED_EDGE('',*,*,#3482,.T.);
#4719=ORIENTED_EDGE('',*,*,#3483,.T.);
#4720=ORIENTED_EDGE('',*,*,#3484,.T.);
#4721=ORIENTED_EDGE('',*,*,#3485,.T.);
#4722=ORIENTED_EDGE('',*,*,#3465,.F.);
#4723=ORIENTED_EDGE('',*,*,#3486,.T.);
#4724=ORIENTED_EDGE('',*,*,#3487,.F.);
#4725=ORIENTED_EDGE('',*,*,#3486,.F.);
#4726=ORIENTED_EDGE('',*,*,#3449,.T.);
#4727=ORIENTED_EDGE('',*,*,#3488,.T.);
#4728=ORIENTED_EDGE('',*,*,#3489,.T.);
#4729=ORIENTED_EDGE('',*,*,#3490,.T.);
#4730=ORIENTED_EDGE('',*,*,#3445,.F.);
#4731=ORIENTED_EDGE('',*,*,#3441,.F.);
#4732=ORIENTED_EDGE('',*,*,#3490,.F.);
#4733=ORIENTED_EDGE('',*,*,#3491,.F.);
#4734=ORIENTED_EDGE('',*,*,#3492,.F.);
#4735=ORIENTED_EDGE('',*,*,#3446,.F.);
#4736=ORIENTED_EDGE('',*,*,#3489,.F.);
#4737=ORIENTED_EDGE('',*,*,#3493,.T.);
#4738=ORIENTED_EDGE('',*,*,#3494,.F.);
#4739=ORIENTED_EDGE('',*,*,#3495,.T.);
#4740=ORIENTED_EDGE('',*,*,#3496,.F.);
#4741=ORIENTED_EDGE('',*,*,#3497,.T.);
#4742=ORIENTED_EDGE('',*,*,#3498,.F.);
#4743=ORIENTED_EDGE('',*,*,#3491,.T.);
#4744=ORIENTED_EDGE('',*,*,#3466,.T.);
#4745=ORIENTED_EDGE('',*,*,#3470,.T.);
#4746=ORIENTED_EDGE('',*,*,#3474,.T.);
#4747=ORIENTED_EDGE('',*,*,#3478,.T.);
#4748=ORIENTED_EDGE('',*,*,#3487,.T.);
#4749=ORIENTED_EDGE('',*,*,#3499,.T.);
#4750=ORIENTED_EDGE('',*,*,#3500,.T.);
#4751=ORIENTED_EDGE('',*,*,#3501,.T.);
#4752=ORIENTED_EDGE('',*,*,#3502,.T.);
#4753=ORIENTED_EDGE('',*,*,#3503,.T.);
#4754=ORIENTED_EDGE('',*,*,#3504,.T.);
#4755=ORIENTED_EDGE('',*,*,#3505,.T.);
#4756=ORIENTED_EDGE('',*,*,#3506,.T.);
#4757=ORIENTED_EDGE('',*,*,#3507,.T.);
#4758=ORIENTED_EDGE('',*,*,#3508,.T.);
#4759=ORIENTED_EDGE('',*,*,#3509,.T.);
#4760=ORIENTED_EDGE('',*,*,#3510,.T.);
#4761=ORIENTED_EDGE('',*,*,#3511,.T.);
#4762=ORIENTED_EDGE('',*,*,#3512,.T.);
#4763=ORIENTED_EDGE('',*,*,#3513,.T.);
#4764=ORIENTED_EDGE('',*,*,#3514,.T.);
#4765=ORIENTED_EDGE('',*,*,#3515,.T.);
#4766=ORIENTED_EDGE('',*,*,#3516,.T.);
#4767=ORIENTED_EDGE('',*,*,#3517,.T.);
#4768=ORIENTED_EDGE('',*,*,#3518,.T.);
#4769=ORIENTED_EDGE('',*,*,#3519,.T.);
#4770=ORIENTED_EDGE('',*,*,#3520,.T.);
#4771=ORIENTED_EDGE('',*,*,#3521,.T.);
#4772=ORIENTED_EDGE('',*,*,#3522,.T.);
#4773=ORIENTED_EDGE('',*,*,#3488,.F.);
#4774=ORIENTED_EDGE('',*,*,#3448,.F.);
#4775=ORIENTED_EDGE('',*,*,#3523,.F.);
#4776=ORIENTED_EDGE('',*,*,#3493,.F.);
#4777=ORIENTED_EDGE('',*,*,#3524,.T.);
#4778=ORIENTED_EDGE('',*,*,#3494,.T.);
#4779=ORIENTED_EDGE('',*,*,#3523,.T.);
#4780=ORIENTED_EDGE('',*,*,#3447,.T.);
#4781=ORIENTED_EDGE('',*,*,#3436,.T.);
#4782=ORIENTED_EDGE('',*,*,#3439,.F.);
#4783=ORIENTED_EDGE('',*,*,#3524,.F.);
#4784=ORIENTED_EDGE('',*,*,#3438,.F.);
#4785=ORIENTED_EDGE('',*,*,#3525,.F.);
#4786=ORIENTED_EDGE('',*,*,#3495,.F.);
#4787=ORIENTED_EDGE('',*,*,#3452,.T.);
#4788=ORIENTED_EDGE('',*,*,#3526,.T.);
#4789=ORIENTED_EDGE('',*,*,#3496,.T.);
#4790=ORIENTED_EDGE('',*,*,#3525,.T.);
#4791=ORIENTED_EDGE('',*,*,#3437,.F.);
#4792=ORIENTED_EDGE('',*,*,#3434,.F.);
#4793=ORIENTED_EDGE('',*,*,#3526,.F.);
#4794=ORIENTED_EDGE('',*,*,#3451,.F.);
#4795=ORIENTED_EDGE('',*,*,#3527,.F.);
#4796=ORIENTED_EDGE('',*,*,#3497,.F.);
#4797=ORIENTED_EDGE('',*,*,#3492,.T.);
#4798=ORIENTED_EDGE('',*,*,#3498,.T.);
#4799=ORIENTED_EDGE('',*,*,#3527,.T.);
#4800=ORIENTED_EDGE('',*,*,#3450,.T.);
#4801=ORIENTED_EDGE('',*,*,#3443,.T.);
#4802=ORIENTED_EDGE('',*,*,#3444,.F.);
#4803=ORIENTED_EDGE('',*,*,#3485,.F.);
#4804=ORIENTED_EDGE('',*,*,#3528,.T.);
#4805=ORIENTED_EDGE('',*,*,#3481,.T.);
#4806=ORIENTED_EDGE('',*,*,#3528,.F.);
#4807=ORIENTED_EDGE('',*,*,#3484,.F.);
#4808=ORIENTED_EDGE('',*,*,#3529,.T.);
#4809=ORIENTED_EDGE('',*,*,#3477,.T.);
#4810=ORIENTED_EDGE('',*,*,#3529,.F.);
#4811=ORIENTED_EDGE('',*,*,#3483,.F.);
#4812=ORIENTED_EDGE('',*,*,#3530,.T.);
#4813=ORIENTED_EDGE('',*,*,#3473,.T.);
#4814=ORIENTED_EDGE('',*,*,#3530,.F.);
#4815=ORIENTED_EDGE('',*,*,#3482,.F.);
#4816=ORIENTED_EDGE('',*,*,#3531,.T.);
#4817=ORIENTED_EDGE('',*,*,#3469,.T.);
#4818=ORIENTED_EDGE('',*,*,#3531,.F.);
#4819=ORIENTED_EDGE('',*,*,#3532,.F.);
#4820=ORIENTED_EDGE('',*,*,#3533,.F.);
#4821=ORIENTED_EDGE('',*,*,#3534,.F.);
#4822=ORIENTED_EDGE('',*,*,#3535,.F.);
#4823=ORIENTED_EDGE('',*,*,#3536,.F.);
#4824=ORIENTED_EDGE('',*,*,#3537,.F.);
#4825=ORIENTED_EDGE('',*,*,#3538,.F.);
#4826=ORIENTED_EDGE('',*,*,#3539,.F.);
#4827=ORIENTED_EDGE('',*,*,#3540,.F.);
#4828=ORIENTED_EDGE('',*,*,#3541,.F.);
#4829=ORIENTED_EDGE('',*,*,#3542,.F.);
#4830=ORIENTED_EDGE('',*,*,#3543,.F.);
#4831=ORIENTED_EDGE('',*,*,#3535,.T.);
#4832=ORIENTED_EDGE('',*,*,#3544,.F.);
#4833=ORIENTED_EDGE('',*,*,#3505,.F.);
#4834=ORIENTED_EDGE('',*,*,#3545,.T.);
#4835=ORIENTED_EDGE('',*,*,#3539,.T.);
#4836=ORIENTED_EDGE('',*,*,#3546,.F.);
#4837=ORIENTED_EDGE('',*,*,#3501,.F.);
#4838=ORIENTED_EDGE('',*,*,#3547,.T.);
#4839=ORIENTED_EDGE('',*,*,#3541,.T.);
#4840=ORIENTED_EDGE('',*,*,#3548,.T.);
#4841=ORIENTED_EDGE('',*,*,#3507,.F.);
#4842=ORIENTED_EDGE('',*,*,#3549,.T.);
#4843=ORIENTED_EDGE('',*,*,#3502,.F.);
#4844=ORIENTED_EDGE('',*,*,#3546,.T.);
#4845=ORIENTED_EDGE('',*,*,#3538,.T.);
#4846=ORIENTED_EDGE('',*,*,#3550,.F.);
#4847=ORIENTED_EDGE('',*,*,#3512,.F.);
#4848=ORIENTED_EDGE('',*,*,#3551,.F.);
#4849=ORIENTED_EDGE('',*,*,#3459,.F.);
#4850=ORIENTED_EDGE('',*,*,#3552,.F.);
#4851=ORIENTED_EDGE('',*,*,#3499,.F.);
#4852=ORIENTED_EDGE('',*,*,#3552,.T.);
#4853=ORIENTED_EDGE('',*,*,#3458,.F.);
#4854=ORIENTED_EDGE('',*,*,#3553,.T.);
#4855=ORIENTED_EDGE('',*,*,#3500,.F.);
#4856=ORIENTED_EDGE('',*,*,#3553,.F.);
#4857=ORIENTED_EDGE('',*,*,#3457,.F.);
#4858=ORIENTED_EDGE('',*,*,#3554,.F.);
#4859=ORIENTED_EDGE('',*,*,#3514,.F.);
#4860=ORIENTED_EDGE('',*,*,#3555,.T.);
#4861=ORIENTED_EDGE('',*,*,#3536,.T.);
#4862=ORIENTED_EDGE('',*,*,#3547,.F.);
#4863=ORIENTED_EDGE('',*,*,#3506,.F.);
#4864=ORIENTED_EDGE('',*,*,#3544,.T.);
#4865=ORIENTED_EDGE('',*,*,#3534,.T.);
#4866=ORIENTED_EDGE('',*,*,#3556,.F.);
#4867=ORIENTED_EDGE('',*,*,#3516,.F.);
#4868=ORIENTED_EDGE('',*,*,#3557,.F.);
#4869=ORIENTED_EDGE('',*,*,#3463,.F.);
#4870=ORIENTED_EDGE('',*,*,#3558,.F.);
#4871=ORIENTED_EDGE('',*,*,#3503,.F.);
#4872=ORIENTED_EDGE('',*,*,#3558,.T.);
#4873=ORIENTED_EDGE('',*,*,#3462,.F.);
#4874=ORIENTED_EDGE('',*,*,#3559,.T.);
#4875=ORIENTED_EDGE('',*,*,#3504,.F.);
#4876=ORIENTED_EDGE('',*,*,#3559,.F.);
#4877=ORIENTED_EDGE('',*,*,#3461,.F.);
#4878=ORIENTED_EDGE('',*,*,#3560,.F.);
#4879=ORIENTED_EDGE('',*,*,#3518,.F.);
#4880=ORIENTED_EDGE('',*,*,#3561,.T.);
#4881=ORIENTED_EDGE('',*,*,#3532,.T.);
#4882=ORIENTED_EDGE('',*,*,#3545,.F.);
#4883=ORIENTED_EDGE('',*,*,#3509,.F.);
#4884=ORIENTED_EDGE('',*,*,#3562,.T.);
#4885=ORIENTED_EDGE('',*,*,#3454,.F.);
#4886=ORIENTED_EDGE('',*,*,#3563,.F.);
#4887=ORIENTED_EDGE('',*,*,#3510,.F.);
#4888=ORIENTED_EDGE('',*,*,#3563,.T.);
#4889=ORIENTED_EDGE('',*,*,#3453,.F.);
#4890=ORIENTED_EDGE('',*,*,#3564,.F.);
#4891=ORIENTED_EDGE('',*,*,#3520,.F.);
#4892=ORIENTED_EDGE('',*,*,#3565,.F.);
#4893=ORIENTED_EDGE('',*,*,#3542,.T.);
#4894=ORIENTED_EDGE('',*,*,#3549,.F.);
#4895=ORIENTED_EDGE('',*,*,#3508,.F.);
#4896=ORIENTED_EDGE('',*,*,#3548,.F.);
#4897=ORIENTED_EDGE('',*,*,#3540,.T.);
#4898=ORIENTED_EDGE('',*,*,#3566,.F.);
#4899=ORIENTED_EDGE('',*,*,#3522,.F.);
#4900=ORIENTED_EDGE('',*,*,#3567,.T.);
#4901=ORIENTED_EDGE('',*,*,#3455,.F.);
#4902=ORIENTED_EDGE('',*,*,#3562,.F.);
#4903=ORIENTED_EDGE('',*,*,#3537,.T.);
#4904=ORIENTED_EDGE('',*,*,#3555,.F.);
#4905=ORIENTED_EDGE('',*,*,#3513,.F.);
#4906=ORIENTED_EDGE('',*,*,#3550,.T.);
#4907=ORIENTED_EDGE('',*,*,#3511,.F.);
#4908=ORIENTED_EDGE('',*,*,#3554,.T.);
#4909=ORIENTED_EDGE('',*,*,#3460,.F.);
#4910=ORIENTED_EDGE('',*,*,#3551,.T.);
#4911=ORIENTED_EDGE('',*,*,#3533,.T.);
#4912=ORIENTED_EDGE('',*,*,#3561,.F.);
#4913=ORIENTED_EDGE('',*,*,#3517,.F.);
#4914=ORIENTED_EDGE('',*,*,#3556,.T.);
#4915=ORIENTED_EDGE('',*,*,#3515,.F.);
#4916=ORIENTED_EDGE('',*,*,#3560,.T.);
#4917=ORIENTED_EDGE('',*,*,#3464,.F.);
#4918=ORIENTED_EDGE('',*,*,#3557,.T.);
#4919=ORIENTED_EDGE('',*,*,#3521,.F.);
#4920=ORIENTED_EDGE('',*,*,#3564,.T.);
#4921=ORIENTED_EDGE('',*,*,#3456,.F.);
#4922=ORIENTED_EDGE('',*,*,#3567,.F.);
#4923=ORIENTED_EDGE('',*,*,#3543,.T.);
#4924=ORIENTED_EDGE('',*,*,#3565,.T.);
#4925=ORIENTED_EDGE('',*,*,#3519,.F.);
#4926=ORIENTED_EDGE('',*,*,#3566,.T.);
#4927=ORIENTED_EDGE('',*,*,#3568,.F.);
#4928=ORIENTED_EDGE('',*,*,#3569,.F.);
#4929=ORIENTED_EDGE('',*,*,#3570,.F.);
#4930=ORIENTED_EDGE('',*,*,#3571,.T.);
#4931=ORIENTED_EDGE('',*,*,#3572,.F.);
#4932=ORIENTED_EDGE('',*,*,#3573,.F.);
#4933=ORIENTED_EDGE('',*,*,#3574,.F.);
#4934=ORIENTED_EDGE('',*,*,#3569,.T.);
#4935=ORIENTED_EDGE('',*,*,#3575,.F.);
#4936=ORIENTED_EDGE('',*,*,#3576,.F.);
#4937=ORIENTED_EDGE('',*,*,#3577,.F.);
#4938=ORIENTED_EDGE('',*,*,#3578,.T.);
#4939=ORIENTED_EDGE('',*,*,#3579,.F.);
#4940=ORIENTED_EDGE('',*,*,#3580,.F.);
#4941=ORIENTED_EDGE('',*,*,#3581,.F.);
#4942=ORIENTED_EDGE('',*,*,#3576,.T.);
#4943=ORIENTED_EDGE('',*,*,#3582,.F.);
#4944=ORIENTED_EDGE('',*,*,#3583,.F.);
#4945=ORIENTED_EDGE('',*,*,#3584,.F.);
#4946=ORIENTED_EDGE('',*,*,#3573,.T.);
#4947=ORIENTED_EDGE('',*,*,#3585,.F.);
#4948=ORIENTED_EDGE('',*,*,#3571,.F.);
#4949=ORIENTED_EDGE('',*,*,#3586,.F.);
#4950=ORIENTED_EDGE('',*,*,#3583,.T.);
#4951=ORIENTED_EDGE('',*,*,#3587,.F.);
#4952=ORIENTED_EDGE('',*,*,#3578,.F.);
#4953=ORIENTED_EDGE('',*,*,#3588,.F.);
#4954=ORIENTED_EDGE('',*,*,#3580,.T.);
#4955=ORIENTED_EDGE('',*,*,#3589,.F.);
#4956=ORIENTED_EDGE('',*,*,#3590,.F.);
#4957=ORIENTED_EDGE('',*,*,#3591,.F.);
#4958=ORIENTED_EDGE('',*,*,#3592,.T.);
#4959=ORIENTED_EDGE('',*,*,#3593,.F.);
#4960=ORIENTED_EDGE('',*,*,#3594,.F.);
#4961=ORIENTED_EDGE('',*,*,#3595,.F.);
#4962=ORIENTED_EDGE('',*,*,#3590,.T.);
#4963=ORIENTED_EDGE('',*,*,#3596,.F.);
#4964=ORIENTED_EDGE('',*,*,#3597,.F.);
#4965=ORIENTED_EDGE('',*,*,#3598,.F.);
#4966=ORIENTED_EDGE('',*,*,#3594,.T.);
#4967=ORIENTED_EDGE('',*,*,#3599,.F.);
#4968=ORIENTED_EDGE('',*,*,#3600,.F.);
#4969=ORIENTED_EDGE('',*,*,#3601,.F.);
#4970=ORIENTED_EDGE('',*,*,#3597,.T.);
#4971=ORIENTED_EDGE('',*,*,#3602,.F.);
#4972=ORIENTED_EDGE('',*,*,#3603,.F.);
#4973=ORIENTED_EDGE('',*,*,#3604,.F.);
#4974=ORIENTED_EDGE('',*,*,#3600,.T.);
#4975=ORIENTED_EDGE('',*,*,#3605,.F.);
#4976=ORIENTED_EDGE('',*,*,#3606,.F.);
#4977=ORIENTED_EDGE('',*,*,#3607,.F.);
#4978=ORIENTED_EDGE('',*,*,#3603,.T.);
#4979=ORIENTED_EDGE('',*,*,#3608,.F.);
#4980=ORIENTED_EDGE('',*,*,#3609,.F.);
#4981=ORIENTED_EDGE('',*,*,#3610,.F.);
#4982=ORIENTED_EDGE('',*,*,#3606,.T.);
#4983=ORIENTED_EDGE('',*,*,#3611,.F.);
#4984=ORIENTED_EDGE('',*,*,#3592,.F.);
#4985=ORIENTED_EDGE('',*,*,#3612,.F.);
#4986=ORIENTED_EDGE('',*,*,#3609,.T.);
#4987=ORIENTED_EDGE('',*,*,#3613,.F.);
#4988=ORIENTED_EDGE('',*,*,#3614,.F.);
#4989=ORIENTED_EDGE('',*,*,#3615,.F.);
#4990=ORIENTED_EDGE('',*,*,#3616,.T.);
#4991=ORIENTED_EDGE('',*,*,#3617,.F.);
#4992=ORIENTED_EDGE('',*,*,#3616,.F.);
#4993=ORIENTED_EDGE('',*,*,#3618,.F.);
#4994=ORIENTED_EDGE('',*,*,#3619,.T.);
#4995=ORIENTED_EDGE('',*,*,#3620,.F.);
#4996=ORIENTED_EDGE('',*,*,#3619,.F.);
#4997=ORIENTED_EDGE('',*,*,#3621,.F.);
#4998=ORIENTED_EDGE('',*,*,#3622,.T.);
#4999=ORIENTED_EDGE('',*,*,#3623,.F.);
#5000=ORIENTED_EDGE('',*,*,#3622,.F.);
#5001=ORIENTED_EDGE('',*,*,#3624,.F.);
#5002=ORIENTED_EDGE('',*,*,#3625,.T.);
#5003=ORIENTED_EDGE('',*,*,#3626,.F.);
#5004=ORIENTED_EDGE('',*,*,#3625,.F.);
#5005=ORIENTED_EDGE('',*,*,#3627,.F.);
#5006=ORIENTED_EDGE('',*,*,#3628,.T.);
#5007=ORIENTED_EDGE('',*,*,#3629,.F.);
#5008=ORIENTED_EDGE('',*,*,#3628,.F.);
#5009=ORIENTED_EDGE('',*,*,#3630,.F.);
#5010=ORIENTED_EDGE('',*,*,#3631,.T.);
#5011=ORIENTED_EDGE('',*,*,#3632,.F.);
#5012=ORIENTED_EDGE('',*,*,#3631,.F.);
#5013=ORIENTED_EDGE('',*,*,#3633,.F.);
#5014=ORIENTED_EDGE('',*,*,#3634,.T.);
#5015=ORIENTED_EDGE('',*,*,#3635,.F.);
#5016=ORIENTED_EDGE('',*,*,#3634,.F.);
#5017=ORIENTED_EDGE('',*,*,#3636,.F.);
#5018=ORIENTED_EDGE('',*,*,#3614,.T.);
#5019=ORIENTED_EDGE('',*,*,#3637,.F.);
#5020=ORIENTED_EDGE('',*,*,#3638,.T.);
#5021=ORIENTED_EDGE('',*,*,#3639,.F.);
#5022=ORIENTED_EDGE('',*,*,#3638,.F.);
#5023=ORIENTED_EDGE('',*,*,#3640,.F.);
#5024=ORIENTED_EDGE('',*,*,#3641,.T.);
#5025=ORIENTED_EDGE('',*,*,#3642,.T.);
#5026=ORIENTED_EDGE('',*,*,#3643,.T.);
#5027=ORIENTED_EDGE('',*,*,#3643,.F.);
#5028=ORIENTED_EDGE('',*,*,#3644,.F.);
#5029=ORIENTED_EDGE('',*,*,#3645,.F.);
#5030=ORIENTED_EDGE('',*,*,#3646,.T.);
#5031=ORIENTED_EDGE('',*,*,#3647,.F.);
#5032=ORIENTED_EDGE('',*,*,#3648,.T.);
#5033=ORIENTED_EDGE('',*,*,#3649,.T.);
#5034=ORIENTED_EDGE('',*,*,#3650,.T.);
#5035=ORIENTED_EDGE('',*,*,#3641,.F.);
#5036=ORIENTED_EDGE('',*,*,#3651,.T.);
#5037=ORIENTED_EDGE('',*,*,#3650,.F.);
#5038=ORIENTED_EDGE('',*,*,#3652,.F.);
#5039=ORIENTED_EDGE('',*,*,#3653,.F.);
#5040=ORIENTED_EDGE('',*,*,#3654,.T.);
#5041=ORIENTED_EDGE('',*,*,#3655,.T.);
#5042=ORIENTED_EDGE('',*,*,#3656,.T.);
#5043=ORIENTED_EDGE('',*,*,#3648,.F.);
#5044=ORIENTED_EDGE('',*,*,#3657,.T.);
#5045=ORIENTED_EDGE('',*,*,#3656,.F.);
#5046=ORIENTED_EDGE('',*,*,#3658,.F.);
#5047=ORIENTED_EDGE('',*,*,#3659,.F.);
#5048=ORIENTED_EDGE('',*,*,#3645,.T.);
#5049=ORIENTED_EDGE('',*,*,#3660,.T.);
#5050=ORIENTED_EDGE('',*,*,#3661,.T.);
#5051=ORIENTED_EDGE('',*,*,#3654,.F.);
#5052=ORIENTED_EDGE('',*,*,#3662,.T.);
#5053=ORIENTED_EDGE('',*,*,#3661,.F.);
#5054=ORIENTED_EDGE('',*,*,#3663,.F.);
#5055=ORIENTED_EDGE('',*,*,#3664,.F.);
#5056=ORIENTED_EDGE('',*,*,#3665,.T.);
#5057=ORIENTED_EDGE('',*,*,#3666,.T.);
#5058=ORIENTED_EDGE('',*,*,#3667,.T.);
#5059=ORIENTED_EDGE('',*,*,#3667,.F.);
#5060=ORIENTED_EDGE('',*,*,#3668,.F.);
#5061=ORIENTED_EDGE('',*,*,#3669,.F.);
#5062=ORIENTED_EDGE('',*,*,#3670,.T.);
#5063=ORIENTED_EDGE('',*,*,#3671,.F.);
#5064=ORIENTED_EDGE('',*,*,#3669,.T.);
#5065=ORIENTED_EDGE('',*,*,#3672,.T.);
#5066=ORIENTED_EDGE('',*,*,#3673,.T.);
#5067=ORIENTED_EDGE('',*,*,#3673,.F.);
#5068=ORIENTED_EDGE('',*,*,#3674,.F.);
#5069=ORIENTED_EDGE('',*,*,#3675,.F.);
#5070=ORIENTED_EDGE('',*,*,#3676,.T.);
#5071=ORIENTED_EDGE('',*,*,#3677,.F.);
#5072=ORIENTED_EDGE('',*,*,#3675,.T.);
#5073=ORIENTED_EDGE('',*,*,#3678,.T.);
#5074=ORIENTED_EDGE('',*,*,#3679,.T.);
#5075=ORIENTED_EDGE('',*,*,#3679,.F.);
#5076=ORIENTED_EDGE('',*,*,#3680,.F.);
#5077=ORIENTED_EDGE('',*,*,#3681,.F.);
#5078=ORIENTED_EDGE('',*,*,#3682,.T.);
#5079=ORIENTED_EDGE('',*,*,#3683,.F.);
#5080=ORIENTED_EDGE('',*,*,#3681,.T.);
#5081=ORIENTED_EDGE('',*,*,#3684,.T.);
#5082=ORIENTED_EDGE('',*,*,#3685,.T.);
#5083=ORIENTED_EDGE('',*,*,#3665,.F.);
#5084=ORIENTED_EDGE('',*,*,#3686,.T.);
#5085=ORIENTED_EDGE('',*,*,#3685,.F.);
#5086=ORIENTED_EDGE('',*,*,#3687,.F.);
#5087=ORIENTED_EDGE('',*,*,#3688,.F.);
#5088=ORIENTED_EDGE('',*,*,#3689,.T.);
#5089=ORIENTED_EDGE('',*,*,#3690,.T.);
#5090=ORIENTED_EDGE('',*,*,#3691,.T.);
#5091=ORIENTED_EDGE('',*,*,#3689,.F.);
#5092=ORIENTED_EDGE('',*,*,#3692,.T.);
#5093=ORIENTED_EDGE('',*,*,#3693,.F.);
#5094=ORIENTED_EDGE('',*,*,#3694,.F.);
#5095=ORIENTED_EDGE('',*,*,#3695,.F.);
#5096=ORIENTED_EDGE('',*,*,#3696,.T.);
#5097=ORIENTED_EDGE('',*,*,#3697,.T.);
#5098=ORIENTED_EDGE('',*,*,#3693,.T.);
#5099=ORIENTED_EDGE('',*,*,#3696,.F.);
#5100=ORIENTED_EDGE('',*,*,#3698,.T.);
#5101=ORIENTED_EDGE('',*,*,#3699,.F.);
#5102=ORIENTED_EDGE('',*,*,#3700,.F.);
#5103=ORIENTED_EDGE('',*,*,#3701,.F.);
#5104=ORIENTED_EDGE('',*,*,#3702,.T.);
#5105=ORIENTED_EDGE('',*,*,#3703,.T.);
#5106=ORIENTED_EDGE('',*,*,#3699,.T.);
#5107=ORIENTED_EDGE('',*,*,#3702,.F.);
#5108=ORIENTED_EDGE('',*,*,#3704,.T.);
#5109=ORIENTED_EDGE('',*,*,#3705,.F.);
#5110=ORIENTED_EDGE('',*,*,#3706,.F.);
#5111=ORIENTED_EDGE('',*,*,#3707,.F.);
#5112=ORIENTED_EDGE('',*,*,#3708,.T.);
#5113=ORIENTED_EDGE('',*,*,#3709,.T.);
#5114=ORIENTED_EDGE('',*,*,#3705,.T.);
#5115=ORIENTED_EDGE('',*,*,#3688,.T.);
#5116=ORIENTED_EDGE('',*,*,#3710,.F.);
#5117=ORIENTED_EDGE('',*,*,#3707,.T.);
#5118=ORIENTED_EDGE('',*,*,#3704,.F.);
#5119=ORIENTED_EDGE('',*,*,#3701,.T.);
#5120=ORIENTED_EDGE('',*,*,#3698,.F.);
#5121=ORIENTED_EDGE('',*,*,#3695,.T.);
#5122=ORIENTED_EDGE('',*,*,#3692,.F.);
#5123=ORIENTED_EDGE('',*,*,#3626,.T.);
#5124=ORIENTED_EDGE('',*,*,#3629,.T.);
#5125=ORIENTED_EDGE('',*,*,#3632,.T.);
#5126=ORIENTED_EDGE('',*,*,#3635,.T.);
#5127=ORIENTED_EDGE('',*,*,#3613,.T.);
#5128=ORIENTED_EDGE('',*,*,#3617,.T.);
#5129=ORIENTED_EDGE('',*,*,#3620,.T.);
#5130=ORIENTED_EDGE('',*,*,#3623,.T.);
#5131=ORIENTED_EDGE('',*,*,#3691,.F.);
#5132=ORIENTED_EDGE('',*,*,#3711,.F.);
#5133=ORIENTED_EDGE('',*,*,#3708,.F.);
#5134=ORIENTED_EDGE('',*,*,#3710,.T.);
#5135=ORIENTED_EDGE('',*,*,#3664,.T.);
#5136=ORIENTED_EDGE('',*,*,#3670,.F.);
#5137=ORIENTED_EDGE('',*,*,#3671,.T.);
#5138=ORIENTED_EDGE('',*,*,#3676,.F.);
#5139=ORIENTED_EDGE('',*,*,#3677,.T.);
#5140=ORIENTED_EDGE('',*,*,#3682,.F.);
#5141=ORIENTED_EDGE('',*,*,#3683,.T.);
#5142=ORIENTED_EDGE('',*,*,#3686,.F.);
#5143=ORIENTED_EDGE('',*,*,#3572,.T.);
#5144=ORIENTED_EDGE('',*,*,#3568,.T.);
#5145=ORIENTED_EDGE('',*,*,#3585,.T.);
#5146=ORIENTED_EDGE('',*,*,#3582,.T.);
#5147=ORIENTED_EDGE('',*,*,#3579,.T.);
#5148=ORIENTED_EDGE('',*,*,#3575,.T.);
#5149=ORIENTED_EDGE('',*,*,#3587,.T.);
#5150=ORIENTED_EDGE('',*,*,#3640,.T.);
#5151=ORIENTED_EDGE('',*,*,#3646,.F.);
#5152=ORIENTED_EDGE('',*,*,#3659,.T.);
#5153=ORIENTED_EDGE('',*,*,#3662,.F.);
#5154=ORIENTED_EDGE('',*,*,#3653,.T.);
#5155=ORIENTED_EDGE('',*,*,#3657,.F.);
#5156=ORIENTED_EDGE('',*,*,#3647,.T.);
#5157=ORIENTED_EDGE('',*,*,#3651,.F.);
#5158=ORIENTED_EDGE('',*,*,#3599,.T.);
#5159=ORIENTED_EDGE('',*,*,#3596,.T.);
#5160=ORIENTED_EDGE('',*,*,#3593,.T.);
#5161=ORIENTED_EDGE('',*,*,#3589,.T.);
#5162=ORIENTED_EDGE('',*,*,#3611,.T.);
#5163=ORIENTED_EDGE('',*,*,#3608,.T.);
#5164=ORIENTED_EDGE('',*,*,#3605,.T.);
#5165=ORIENTED_EDGE('',*,*,#3602,.T.);
#5166=ORIENTED_EDGE('',*,*,#3639,.T.);
#5167=ORIENTED_EDGE('',*,*,#3712,.T.);
#5168=ORIENTED_EDGE('',*,*,#3713,.T.);
#5169=ORIENTED_EDGE('',*,*,#3714,.F.);
#5170=ORIENTED_EDGE('',*,*,#3715,.F.);
#5171=ORIENTED_EDGE('',*,*,#3716,.T.);
#5172=ORIENTED_EDGE('',*,*,#3715,.T.);
#5173=ORIENTED_EDGE('',*,*,#3717,.F.);
#5174=ORIENTED_EDGE('',*,*,#3718,.F.);
#5175=ORIENTED_EDGE('',*,*,#3719,.T.);
#5176=ORIENTED_EDGE('',*,*,#3718,.T.);
#5177=ORIENTED_EDGE('',*,*,#3720,.F.);
#5178=ORIENTED_EDGE('',*,*,#3721,.F.);
#5179=ORIENTED_EDGE('',*,*,#3722,.T.);
#5180=ORIENTED_EDGE('',*,*,#3721,.T.);
#5181=ORIENTED_EDGE('',*,*,#3723,.F.);
#5182=ORIENTED_EDGE('',*,*,#3713,.F.);
#5183=ORIENTED_EDGE('',*,*,#3723,.T.);
#5184=ORIENTED_EDGE('',*,*,#3720,.T.);
#5185=ORIENTED_EDGE('',*,*,#3717,.T.);
#5186=ORIENTED_EDGE('',*,*,#3714,.T.);
#5187=ORIENTED_EDGE('',*,*,#3570,.T.);
#5188=ORIENTED_EDGE('',*,*,#3574,.T.);
#5189=ORIENTED_EDGE('',*,*,#3584,.T.);
#5190=ORIENTED_EDGE('',*,*,#3586,.T.);
#5191=ORIENTED_EDGE('',*,*,#3577,.T.);
#5192=ORIENTED_EDGE('',*,*,#3581,.T.);
#5193=ORIENTED_EDGE('',*,*,#3588,.T.);
#5194=ORIENTED_EDGE('',*,*,#3598,.T.);
#5195=ORIENTED_EDGE('',*,*,#3601,.T.);
#5196=ORIENTED_EDGE('',*,*,#3604,.T.);
#5197=ORIENTED_EDGE('',*,*,#3607,.T.);
#5198=ORIENTED_EDGE('',*,*,#3610,.T.);
#5199=ORIENTED_EDGE('',*,*,#3612,.T.);
#5200=ORIENTED_EDGE('',*,*,#3591,.T.);
#5201=ORIENTED_EDGE('',*,*,#3595,.T.);
#5202=ORIENTED_EDGE('',*,*,#3630,.T.);
#5203=ORIENTED_EDGE('',*,*,#3627,.T.);
#5204=ORIENTED_EDGE('',*,*,#3624,.T.);
#5205=ORIENTED_EDGE('',*,*,#3621,.T.);
#5206=ORIENTED_EDGE('',*,*,#3618,.T.);
#5207=ORIENTED_EDGE('',*,*,#3615,.T.);
#5208=ORIENTED_EDGE('',*,*,#3636,.T.);
#5209=ORIENTED_EDGE('',*,*,#3633,.T.);
#5210=ORIENTED_EDGE('',*,*,#3637,.T.);
#5211=ORIENTED_EDGE('',*,*,#3722,.F.);
#5212=ORIENTED_EDGE('',*,*,#3712,.F.);
#5213=ORIENTED_EDGE('',*,*,#3716,.F.);
#5214=ORIENTED_EDGE('',*,*,#3719,.F.);
#5215=ORIENTED_EDGE('',*,*,#3706,.T.);
#5216=ORIENTED_EDGE('',*,*,#3709,.F.);
#5217=ORIENTED_EDGE('',*,*,#3711,.T.);
#5218=ORIENTED_EDGE('',*,*,#3690,.F.);
#5219=ORIENTED_EDGE('',*,*,#3694,.T.);
#5220=ORIENTED_EDGE('',*,*,#3697,.F.);
#5221=ORIENTED_EDGE('',*,*,#3700,.T.);
#5222=ORIENTED_EDGE('',*,*,#3703,.F.);
#5223=ORIENTED_EDGE('',*,*,#3668,.T.);
#5224=ORIENTED_EDGE('',*,*,#3666,.F.);
#5225=ORIENTED_EDGE('',*,*,#3687,.T.);
#5226=ORIENTED_EDGE('',*,*,#3684,.F.);
#5227=ORIENTED_EDGE('',*,*,#3680,.T.);
#5228=ORIENTED_EDGE('',*,*,#3678,.F.);
#5229=ORIENTED_EDGE('',*,*,#3674,.T.);
#5230=ORIENTED_EDGE('',*,*,#3672,.F.);
#5231=ORIENTED_EDGE('',*,*,#3644,.T.);
#5232=ORIENTED_EDGE('',*,*,#3642,.F.);
#5233=ORIENTED_EDGE('',*,*,#3652,.T.);
#5234=ORIENTED_EDGE('',*,*,#3649,.F.);
#5235=ORIENTED_EDGE('',*,*,#3658,.T.);
#5236=ORIENTED_EDGE('',*,*,#3655,.F.);
#5237=ORIENTED_EDGE('',*,*,#3663,.T.);
#5238=ORIENTED_EDGE('',*,*,#3660,.F.);
#5239=ORIENTED_EDGE('',*,*,#3724,.F.);
#5240=ORIENTED_EDGE('',*,*,#3725,.T.);
#5241=ORIENTED_EDGE('',*,*,#3726,.F.);
#5242=ORIENTED_EDGE('',*,*,#3727,.F.);
#5243=ORIENTED_EDGE('',*,*,#3728,.F.);
#5244=ORIENTED_EDGE('',*,*,#3727,.T.);
#5245=ORIENTED_EDGE('',*,*,#3729,.F.);
#5246=ORIENTED_EDGE('',*,*,#3730,.F.);
#5247=ORIENTED_EDGE('',*,*,#3731,.F.);
#5248=ORIENTED_EDGE('',*,*,#3730,.T.);
#5249=ORIENTED_EDGE('',*,*,#3732,.F.);
#5250=ORIENTED_EDGE('',*,*,#3733,.F.);
#5251=ORIENTED_EDGE('',*,*,#3734,.F.);
#5252=ORIENTED_EDGE('',*,*,#3733,.T.);
#5253=ORIENTED_EDGE('',*,*,#3735,.F.);
#5254=ORIENTED_EDGE('',*,*,#3736,.F.);
#5255=ORIENTED_EDGE('',*,*,#3737,.F.);
#5256=ORIENTED_EDGE('',*,*,#3736,.T.);
#5257=ORIENTED_EDGE('',*,*,#3738,.F.);
#5258=ORIENTED_EDGE('',*,*,#3739,.F.);
#5259=ORIENTED_EDGE('',*,*,#3740,.F.);
#5260=ORIENTED_EDGE('',*,*,#3739,.T.);
#5261=ORIENTED_EDGE('',*,*,#3741,.F.);
#5262=ORIENTED_EDGE('',*,*,#3725,.F.);
#5263=ORIENTED_EDGE('',*,*,#3741,.T.);
#5264=ORIENTED_EDGE('',*,*,#3738,.T.);
#5265=ORIENTED_EDGE('',*,*,#3735,.T.);
#5266=ORIENTED_EDGE('',*,*,#3732,.T.);
#5267=ORIENTED_EDGE('',*,*,#3729,.T.);
#5268=ORIENTED_EDGE('',*,*,#3726,.T.);
#5269=ORIENTED_EDGE('',*,*,#3742,.F.);
#5270=ORIENTED_EDGE('',*,*,#3743,.T.);
#5271=ORIENTED_EDGE('',*,*,#3744,.F.);
#5272=ORIENTED_EDGE('',*,*,#3745,.F.);
#5273=ORIENTED_EDGE('',*,*,#3746,.F.);
#5274=ORIENTED_EDGE('',*,*,#3745,.T.);
#5275=ORIENTED_EDGE('',*,*,#3747,.F.);
#5276=ORIENTED_EDGE('',*,*,#3748,.F.);
#5277=ORIENTED_EDGE('',*,*,#3749,.F.);
#5278=ORIENTED_EDGE('',*,*,#3748,.T.);
#5279=ORIENTED_EDGE('',*,*,#3750,.F.);
#5280=ORIENTED_EDGE('',*,*,#3743,.F.);
#5281=ORIENTED_EDGE('',*,*,#3750,.T.);
#5282=ORIENTED_EDGE('',*,*,#3747,.T.);
#5283=ORIENTED_EDGE('',*,*,#3744,.T.);
#5284=ORIENTED_EDGE('',*,*,#3751,.F.);
#5285=ORIENTED_EDGE('',*,*,#3752,.T.);
#5286=ORIENTED_EDGE('',*,*,#3753,.F.);
#5287=ORIENTED_EDGE('',*,*,#3752,.F.);
#5288=ORIENTED_EDGE('',*,*,#3754,.F.);
#5289=ORIENTED_EDGE('',*,*,#3755,.T.);
#5290=ORIENTED_EDGE('',*,*,#3756,.F.);
#5291=ORIENTED_EDGE('',*,*,#3755,.F.);
#5292=ORIENTED_EDGE('',*,*,#3757,.T.);
#5293=ORIENTED_EDGE('',*,*,#3758,.T.);
#5294=ORIENTED_EDGE('',*,*,#3759,.T.);
#5295=ORIENTED_EDGE('',*,*,#3760,.T.);
#5296=ORIENTED_EDGE('',*,*,#3760,.F.);
#5297=ORIENTED_EDGE('',*,*,#3761,.T.);
#5298=ORIENTED_EDGE('',*,*,#3762,.F.);
#5299=ORIENTED_EDGE('',*,*,#3763,.F.);
#5300=ORIENTED_EDGE('',*,*,#3759,.F.);
#5301=ORIENTED_EDGE('',*,*,#3764,.F.);
#5302=ORIENTED_EDGE('',*,*,#3765,.F.);
#5303=ORIENTED_EDGE('',*,*,#3766,.F.);
#5304=ORIENTED_EDGE('',*,*,#3767,.F.);
#5305=ORIENTED_EDGE('',*,*,#3768,.F.);
#5306=ORIENTED_EDGE('',*,*,#3769,.F.);
#5307=ORIENTED_EDGE('',*,*,#3761,.F.);
#5308=ORIENTED_EDGE('',*,*,#3753,.T.);
#5309=ORIENTED_EDGE('',*,*,#3756,.T.);
#5310=ORIENTED_EDGE('',*,*,#3770,.T.);
#5311=ORIENTED_EDGE('',*,*,#3771,.T.);
#5312=ORIENTED_EDGE('',*,*,#3762,.T.);
#5313=ORIENTED_EDGE('',*,*,#3769,.T.);
#5314=ORIENTED_EDGE('',*,*,#3772,.T.);
#5315=ORIENTED_EDGE('',*,*,#3772,.F.);
#5316=ORIENTED_EDGE('',*,*,#3768,.T.);
#5317=ORIENTED_EDGE('',*,*,#3773,.F.);
#5318=ORIENTED_EDGE('',*,*,#3774,.F.);
#5319=ORIENTED_EDGE('',*,*,#3775,.T.);
#5320=ORIENTED_EDGE('',*,*,#3776,.T.);
#5321=ORIENTED_EDGE('',*,*,#3765,.T.);
#5322=ORIENTED_EDGE('',*,*,#3777,.T.);
#5323=ORIENTED_EDGE('',*,*,#3758,.F.);
#5324=ORIENTED_EDGE('',*,*,#3778,.F.);
#5325=ORIENTED_EDGE('',*,*,#3777,.F.);
#5326=ORIENTED_EDGE('',*,*,#3764,.T.);
#5327=ORIENTED_EDGE('',*,*,#3779,.T.);
#5328=ORIENTED_EDGE('',*,*,#3773,.T.);
#5329=ORIENTED_EDGE('',*,*,#3767,.T.);
#5330=ORIENTED_EDGE('',*,*,#3780,.T.);
#5331=ORIENTED_EDGE('',*,*,#3770,.F.);
#5332=ORIENTED_EDGE('',*,*,#3781,.T.);
#5333=ORIENTED_EDGE('',*,*,#3782,.T.);
#5334=ORIENTED_EDGE('',*,*,#3781,.F.);
#5335=ORIENTED_EDGE('',*,*,#3782,.F.);
#5336=ORIENTED_EDGE('',*,*,#3783,.F.);
#5337=ORIENTED_EDGE('',*,*,#3784,.T.);
#5338=ORIENTED_EDGE('',*,*,#3785,.F.);
#5339=ORIENTED_EDGE('',*,*,#3786,.F.);
#5340=ORIENTED_EDGE('',*,*,#3787,.F.);
#5341=ORIENTED_EDGE('',*,*,#3788,.T.);
#5342=ORIENTED_EDGE('',*,*,#3789,.F.);
#5343=ORIENTED_EDGE('',*,*,#3784,.F.);
#5344=ORIENTED_EDGE('',*,*,#3790,.F.);
#5345=ORIENTED_EDGE('',*,*,#3786,.T.);
#5346=ORIENTED_EDGE('',*,*,#3791,.F.);
#5347=ORIENTED_EDGE('',*,*,#3792,.F.);
#5348=ORIENTED_EDGE('',*,*,#3793,.F.);
#5349=ORIENTED_EDGE('',*,*,#3792,.T.);
#5350=ORIENTED_EDGE('',*,*,#3794,.F.);
#5351=ORIENTED_EDGE('',*,*,#3788,.F.);
#5352=ORIENTED_EDGE('',*,*,#3794,.T.);
#5353=ORIENTED_EDGE('',*,*,#3791,.T.);
#5354=ORIENTED_EDGE('',*,*,#3785,.T.);
#5355=ORIENTED_EDGE('',*,*,#3789,.T.);
#5356=ORIENTED_EDGE('',*,*,#3724,.T.);
#5357=ORIENTED_EDGE('',*,*,#3728,.T.);
#5358=ORIENTED_EDGE('',*,*,#3731,.T.);
#5359=ORIENTED_EDGE('',*,*,#3734,.T.);
#5360=ORIENTED_EDGE('',*,*,#3737,.T.);
#5361=ORIENTED_EDGE('',*,*,#3740,.T.);
#5362=ORIENTED_EDGE('',*,*,#3742,.T.);
#5363=ORIENTED_EDGE('',*,*,#3746,.T.);
#5364=ORIENTED_EDGE('',*,*,#3749,.T.);
#5365=ORIENTED_EDGE('',*,*,#3776,.F.);
#5366=ORIENTED_EDGE('',*,*,#3795,.F.);
#5367=ORIENTED_EDGE('',*,*,#3780,.F.);
#5368=ORIENTED_EDGE('',*,*,#3766,.T.);
#5369=ORIENTED_EDGE('',*,*,#3757,.F.);
#5370=ORIENTED_EDGE('',*,*,#3763,.T.);
#5371=ORIENTED_EDGE('',*,*,#3771,.F.);
#5372=ORIENTED_EDGE('',*,*,#3774,.T.);
#5373=ORIENTED_EDGE('',*,*,#3779,.F.);
#5374=ORIENTED_EDGE('',*,*,#3795,.T.);
#5375=ORIENTED_EDGE('',*,*,#3775,.F.);
#5376=ORIENTED_EDGE('',*,*,#3778,.T.);
#5377=ORIENTED_EDGE('',*,*,#3751,.T.);
#5378=ORIENTED_EDGE('',*,*,#3754,.T.);
#5379=ORIENTED_EDGE('',*,*,#3787,.T.);
#5380=ORIENTED_EDGE('',*,*,#3783,.T.);
#5381=ORIENTED_EDGE('',*,*,#3790,.T.);
#5382=ORIENTED_EDGE('',*,*,#3793,.T.);
#5383=ORIENTED_EDGE('',*,*,#3796,.T.);
#5384=ORIENTED_EDGE('',*,*,#3797,.F.);
#5385=ORIENTED_EDGE('',*,*,#3798,.F.);
#5386=ORIENTED_EDGE('',*,*,#3799,.F.);
#5387=ORIENTED_EDGE('',*,*,#3800,.F.);
#5388=ORIENTED_EDGE('',*,*,#3798,.T.);
#5389=ORIENTED_EDGE('',*,*,#3801,.F.);
#5390=ORIENTED_EDGE('',*,*,#3802,.F.);
#5391=ORIENTED_EDGE('',*,*,#3803,.F.);
#5392=ORIENTED_EDGE('',*,*,#3802,.T.);
#5393=ORIENTED_EDGE('',*,*,#3804,.F.);
#5394=ORIENTED_EDGE('',*,*,#3805,.F.);
#5395=ORIENTED_EDGE('',*,*,#3806,.F.);
#5396=ORIENTED_EDGE('',*,*,#3805,.T.);
#5397=ORIENTED_EDGE('',*,*,#3807,.F.);
#5398=ORIENTED_EDGE('',*,*,#3808,.F.);
#5399=ORIENTED_EDGE('',*,*,#3796,.F.);
#5400=ORIENTED_EDGE('',*,*,#3809,.F.);
#5401=ORIENTED_EDGE('',*,*,#3808,.T.);
#5402=ORIENTED_EDGE('',*,*,#3810,.F.);
#5403=ORIENTED_EDGE('',*,*,#3797,.T.);
#5404=ORIENTED_EDGE('',*,*,#3810,.T.);
#5405=ORIENTED_EDGE('',*,*,#3807,.T.);
#5406=ORIENTED_EDGE('',*,*,#3804,.T.);
#5407=ORIENTED_EDGE('',*,*,#3801,.T.);
#5408=ORIENTED_EDGE('',*,*,#3811,.F.);
#5409=ORIENTED_EDGE('',*,*,#3812,.T.);
#5410=ORIENTED_EDGE('',*,*,#3813,.F.);
#5411=ORIENTED_EDGE('',*,*,#3814,.F.);
#5412=ORIENTED_EDGE('',*,*,#3815,.F.);
#5413=ORIENTED_EDGE('',*,*,#3814,.T.);
#5414=ORIENTED_EDGE('',*,*,#3816,.F.);
#5415=ORIENTED_EDGE('',*,*,#3817,.F.);
#5416=ORIENTED_EDGE('',*,*,#3818,.F.);
#5417=ORIENTED_EDGE('',*,*,#3817,.T.);
#5418=ORIENTED_EDGE('',*,*,#3819,.F.);
#5419=ORIENTED_EDGE('',*,*,#3820,.F.);
#5420=ORIENTED_EDGE('',*,*,#3821,.F.);
#5421=ORIENTED_EDGE('',*,*,#3820,.T.);
#5422=ORIENTED_EDGE('',*,*,#3822,.F.);
#5423=ORIENTED_EDGE('',*,*,#3823,.F.);
#5424=ORIENTED_EDGE('',*,*,#3824,.F.);
#5425=ORIENTED_EDGE('',*,*,#3823,.T.);
#5426=ORIENTED_EDGE('',*,*,#3825,.F.);
#5427=ORIENTED_EDGE('',*,*,#3812,.F.);
#5428=ORIENTED_EDGE('',*,*,#3825,.T.);
#5429=ORIENTED_EDGE('',*,*,#3822,.T.);
#5430=ORIENTED_EDGE('',*,*,#3819,.T.);
#5431=ORIENTED_EDGE('',*,*,#3816,.T.);
#5432=ORIENTED_EDGE('',*,*,#3813,.T.);
#5433=ORIENTED_EDGE('',*,*,#3826,.F.);
#5434=ORIENTED_EDGE('',*,*,#3827,.T.);
#5435=ORIENTED_EDGE('',*,*,#3828,.F.);
#5436=ORIENTED_EDGE('',*,*,#3827,.F.);
#5437=ORIENTED_EDGE('',*,*,#3829,.F.);
#5438=ORIENTED_EDGE('',*,*,#3830,.T.);
#5439=ORIENTED_EDGE('',*,*,#3831,.F.);
#5440=ORIENTED_EDGE('',*,*,#3830,.F.);
#5441=ORIENTED_EDGE('',*,*,#3832,.T.);
#5442=ORIENTED_EDGE('',*,*,#3833,.T.);
#5443=ORIENTED_EDGE('',*,*,#3834,.T.);
#5444=ORIENTED_EDGE('',*,*,#3835,.T.);
#5445=ORIENTED_EDGE('',*,*,#3835,.F.);
#5446=ORIENTED_EDGE('',*,*,#3836,.T.);
#5447=ORIENTED_EDGE('',*,*,#3837,.F.);
#5448=ORIENTED_EDGE('',*,*,#3838,.F.);
#5449=ORIENTED_EDGE('',*,*,#3834,.F.);
#5450=ORIENTED_EDGE('',*,*,#3839,.F.);
#5451=ORIENTED_EDGE('',*,*,#3840,.F.);
#5452=ORIENTED_EDGE('',*,*,#3841,.F.);
#5453=ORIENTED_EDGE('',*,*,#3842,.F.);
#5454=ORIENTED_EDGE('',*,*,#3843,.F.);
#5455=ORIENTED_EDGE('',*,*,#3844,.F.);
#5456=ORIENTED_EDGE('',*,*,#3836,.F.);
#5457=ORIENTED_EDGE('',*,*,#3828,.T.);
#5458=ORIENTED_EDGE('',*,*,#3831,.T.);
#5459=ORIENTED_EDGE('',*,*,#3845,.T.);
#5460=ORIENTED_EDGE('',*,*,#3846,.T.);
#5461=ORIENTED_EDGE('',*,*,#3837,.T.);
#5462=ORIENTED_EDGE('',*,*,#3844,.T.);
#5463=ORIENTED_EDGE('',*,*,#3847,.T.);
#5464=ORIENTED_EDGE('',*,*,#3847,.F.);
#5465=ORIENTED_EDGE('',*,*,#3843,.T.);
#5466=ORIENTED_EDGE('',*,*,#3848,.F.);
#5467=ORIENTED_EDGE('',*,*,#3849,.F.);
#5468=ORIENTED_EDGE('',*,*,#3850,.T.);
#5469=ORIENTED_EDGE('',*,*,#3851,.T.);
#5470=ORIENTED_EDGE('',*,*,#3840,.T.);
#5471=ORIENTED_EDGE('',*,*,#3852,.T.);
#5472=ORIENTED_EDGE('',*,*,#3833,.F.);
#5473=ORIENTED_EDGE('',*,*,#3853,.F.);
#5474=ORIENTED_EDGE('',*,*,#3852,.F.);
#5475=ORIENTED_EDGE('',*,*,#3839,.T.);
#5476=ORIENTED_EDGE('',*,*,#3854,.T.);
#5477=ORIENTED_EDGE('',*,*,#3848,.T.);
#5478=ORIENTED_EDGE('',*,*,#3842,.T.);
#5479=ORIENTED_EDGE('',*,*,#3855,.T.);
#5480=ORIENTED_EDGE('',*,*,#3845,.F.);
#5481=ORIENTED_EDGE('',*,*,#3856,.T.);
#5482=ORIENTED_EDGE('',*,*,#3857,.T.);
#5483=ORIENTED_EDGE('',*,*,#3856,.F.);
#5484=ORIENTED_EDGE('',*,*,#3857,.F.);
#5485=ORIENTED_EDGE('',*,*,#3858,.F.);
#5486=ORIENTED_EDGE('',*,*,#3859,.T.);
#5487=ORIENTED_EDGE('',*,*,#3860,.F.);
#5488=ORIENTED_EDGE('',*,*,#3861,.F.);
#5489=ORIENTED_EDGE('',*,*,#3862,.F.);
#5490=ORIENTED_EDGE('',*,*,#3863,.T.);
#5491=ORIENTED_EDGE('',*,*,#3864,.F.);
#5492=ORIENTED_EDGE('',*,*,#3859,.F.);
#5493=ORIENTED_EDGE('',*,*,#3865,.F.);
#5494=ORIENTED_EDGE('',*,*,#3861,.T.);
#5495=ORIENTED_EDGE('',*,*,#3866,.F.);
#5496=ORIENTED_EDGE('',*,*,#3867,.F.);
#5497=ORIENTED_EDGE('',*,*,#3868,.F.);
#5498=ORIENTED_EDGE('',*,*,#3867,.T.);
#5499=ORIENTED_EDGE('',*,*,#3869,.F.);
#5500=ORIENTED_EDGE('',*,*,#3863,.F.);
#5501=ORIENTED_EDGE('',*,*,#3869,.T.);
#5502=ORIENTED_EDGE('',*,*,#3866,.T.);
#5503=ORIENTED_EDGE('',*,*,#3860,.T.);
#5504=ORIENTED_EDGE('',*,*,#3864,.T.);
#5505=ORIENTED_EDGE('',*,*,#3811,.T.);
#5506=ORIENTED_EDGE('',*,*,#3815,.T.);
#5507=ORIENTED_EDGE('',*,*,#3818,.T.);
#5508=ORIENTED_EDGE('',*,*,#3821,.T.);
#5509=ORIENTED_EDGE('',*,*,#3799,.T.);
#5510=ORIENTED_EDGE('',*,*,#3800,.T.);
#5511=ORIENTED_EDGE('',*,*,#3803,.T.);
#5512=ORIENTED_EDGE('',*,*,#3806,.T.);
#5513=ORIENTED_EDGE('',*,*,#3809,.T.);
#5514=ORIENTED_EDGE('',*,*,#3824,.T.);
#5515=ORIENTED_EDGE('',*,*,#3851,.F.);
#5516=ORIENTED_EDGE('',*,*,#3870,.F.);
#5517=ORIENTED_EDGE('',*,*,#3855,.F.);
#5518=ORIENTED_EDGE('',*,*,#3841,.T.);
#5519=ORIENTED_EDGE('',*,*,#3832,.F.);
#5520=ORIENTED_EDGE('',*,*,#3838,.T.);
#5521=ORIENTED_EDGE('',*,*,#3846,.F.);
#5522=ORIENTED_EDGE('',*,*,#3849,.T.);
#5523=ORIENTED_EDGE('',*,*,#3854,.F.);
#5524=ORIENTED_EDGE('',*,*,#3870,.T.);
#5525=ORIENTED_EDGE('',*,*,#3850,.F.);
#5526=ORIENTED_EDGE('',*,*,#3853,.T.);
#5527=ORIENTED_EDGE('',*,*,#3826,.T.);
#5528=ORIENTED_EDGE('',*,*,#3829,.T.);
#5529=ORIENTED_EDGE('',*,*,#3862,.T.);
#5530=ORIENTED_EDGE('',*,*,#3858,.T.);
#5531=ORIENTED_EDGE('',*,*,#3865,.T.);
#5532=ORIENTED_EDGE('',*,*,#3868,.T.);
#5533=PLANE('',#6220);
#5534=PLANE('',#6221);
#5535=PLANE('',#6222);
#5536=PLANE('',#6223);
#5537=PLANE('',#6224);
#5538=PLANE('',#6225);
#5539=PLANE('',#6226);
#5540=PLANE('',#6227);
#5541=PLANE('',#6231);
#5542=PLANE('',#6236);
#5543=PLANE('',#6241);
#5544=PLANE('',#6246);
#5545=PLANE('',#6251);
#5546=PLANE('',#6256);
#5547=PLANE('',#6261);
#5548=PLANE('',#6266);
#5549=PLANE('',#6268);
#5550=PLANE('',#6269);
#5551=PLANE('',#6270);
#5552=PLANE('',#6271);
#5553=PLANE('',#6272);
#5554=PLANE('',#6273);
#5555=PLANE('',#6274);
#5556=PLANE('',#6275);
#5557=PLANE('',#6276);
#5558=PLANE('',#6277);
#5559=PLANE('',#6278);
#5560=PLANE('',#6279);
#5561=PLANE('',#6280);
#5562=PLANE('',#6281);
#5563=PLANE('',#6282);
#5564=PLANE('',#6283);
#5565=PLANE('',#6284);
#5566=PLANE('',#6285);
#5567=PLANE('',#6286);
#5568=PLANE('',#6287);
#5569=PLANE('',#6288);
#5570=PLANE('',#6289);
#5571=PLANE('',#6290);
#5572=PLANE('',#6291);
#5573=PLANE('',#6292);
#5574=PLANE('',#6293);
#5575=PLANE('',#6294);
#5576=PLANE('',#6299);
#5577=PLANE('',#6302);
#5578=PLANE('',#6303);
#5579=PLANE('',#6308);
#5580=PLANE('',#6315);
#5581=PLANE('',#6316);
#5582=PLANE('',#6317);
#5583=PLANE('',#6320);
#5584=PLANE('',#6325);
#5585=PLANE('',#6326);
#5586=PLANE('',#6327);
#5587=PLANE('',#6328);
#5588=PLANE('',#6329);
#5589=PLANE('',#6330);
#5590=PLANE('',#6331);
#5591=PLANE('',#6332);
#5592=PLANE('',#6333);
#5593=PLANE('',#6334);
#5594=PLANE('',#6335);
#5595=PLANE('',#6336);
#5596=PLANE('',#6337);
#5597=PLANE('',#6338);
#5598=PLANE('',#6343);
#5599=PLANE('',#6348);
#5600=PLANE('',#6353);
#5601=PLANE('',#6358);
#5602=PLANE('',#6360);
#5603=PLANE('',#6366);
#5604=PLANE('',#6375);
#5605=PLANE('',#6379);
#5606=PLANE('',#6383);
#5607=PLANE('',#6387);
#5608=PLANE('',#6391);
#5609=PLANE('',#6392);
#5610=PLANE('',#6393);
#5611=PLANE('',#6394);
#5612=PLANE('',#6395);
#5613=PLANE('',#6396);
#5614=PLANE('',#6398);
#5615=PLANE('',#6400);
#5616=PLANE('',#6402);
#5617=PLANE('',#6403);
#5618=PLANE('',#6404);
#5619=PLANE('',#6405);
#5620=PLANE('',#6406);
#5621=PLANE('',#6407);
#5622=PLANE('',#6408);
#5623=PLANE('',#6409);
#5624=PLANE('',#6416);
#5625=PLANE('',#6420);
#5626=PLANE('',#6421);
#5627=PLANE('',#6424);
#5628=PLANE('',#6425);
#5629=PLANE('',#6428);
#5630=PLANE('',#6437);
#5631=PLANE('',#6442);
#5632=PLANE('',#6447);
#5633=PLANE('',#6452);
#5634=PLANE('',#6454);
#5635=PLANE('',#6456);
#5636=PLANE('',#6458);
#5637=PLANE('',#6460);
#5638=PLANE('',#6466);
#5639=PLANE('',#6467);
#5640=PLANE('',#6471);
#5641=PLANE('',#6473);
#5642=PLANE('',#6475);
#5643=PLANE('',#6481);
#5644=PLANE('',#6482);
#5645=PLANE('',#6483);
#5646=PLANE('',#6484);
#5647=PLANE('',#6485);
#5648=PLANE('',#6486);
#5649=PLANE('',#6487);
#5650=PLANE('',#6488);
#5651=PLANE('',#6489);
#5652=PLANE('',#6490);
#5653=PLANE('',#6491);
#5654=PLANE('',#6492);
#5655=PLANE('',#6493);
#5656=PLANE('',#6494);
#5657=PLANE('',#6495);
#5658=PLANE('',#6496);
#5659=PLANE('',#6497);
#5660=PLANE('',#6498);
#5661=PLANE('',#6499);
#5662=PLANE('',#6500);
#5663=PLANE('',#6501);
#5664=PLANE('',#6503);
#5665=PLANE('',#6504);
#5666=PLANE('',#6505);
#5667=PLANE('',#6506);
#5668=PLANE('',#6507);
#5669=PLANE('',#6508);
#5670=PLANE('',#6509);
#5671=PLANE('',#6510);
#5672=PLANE('',#6511);
#5673=PLANE('',#6512);
#5674=PLANE('',#6513);
#5675=PLANE('',#6514);
#5676=PLANE('',#6515);
#5677=PLANE('',#6516);
#5678=PLANE('',#6517);
#5679=PLANE('',#6518);
#5680=PLANE('',#6519);
#5681=PLANE('',#6520);
#5682=PLANE('',#6521);
#5683=PLANE('',#6522);
#5684=PLANE('',#6523);
#5685=PLANE('',#6524);
#5686=PLANE('',#6525);
#5687=PLANE('',#6529);
#5688=PLANE('',#6530);
#5689=PLANE('',#6531);
#5690=PLANE('',#6532);
#5691=PLANE('',#6533);
#5692=PLANE('',#6534);
#5693=PLANE('',#6535);
#5694=PLANE('',#6536);
#5695=PLANE('',#6537);
#5696=PLANE('',#6538);
#5697=PLANE('',#6539);
#5698=PLANE('',#6540);
#5699=PLANE('',#6541);
#5700=PLANE('',#6542);
#5701=PLANE('',#6543);
#5702=PLANE('',#6544);
#5703=PLANE('',#6545);
#5704=PLANE('',#6546);
#5705=PLANE('',#6547);
#5706=PLANE('',#6548);
#5707=PLANE('',#6549);
#5708=PLANE('',#6550);
#5709=PLANE('',#6551);
#5710=PLANE('',#6552);
#5711=PLANE('',#6553);
#5712=PLANE('',#6554);
#5713=PLANE('',#6555);
#5714=PLANE('',#6556);
#5715=PLANE('',#6557);
#5716=PLANE('',#6558);
#5717=PLANE('',#6559);
#5718=PLANE('',#6560);
#5719=PLANE('',#6561);
#5720=PLANE('',#6563);
#5721=PLANE('',#6564);
#5722=PLANE('',#6565);
#5723=PLANE('',#6569);
#5724=PLANE('',#6573);
#5725=PLANE('',#6574);
#5726=PLANE('',#6575);
#5727=PLANE('',#6576);
#5728=PLANE('',#6577);
#5729=PLANE('',#6584);
#5730=PLANE('',#6585);
#5731=PLANE('',#6586);
#5732=PLANE('',#6588);
#5733=PLANE('',#6589);
#5734=PLANE('',#6590);
#5735=PLANE('',#6591);
#5736=PLANE('',#6592);
#5737=PLANE('',#6595);
#5738=PLANE('',#6596);
#5739=PLANE('',#6597);
#5740=PLANE('',#6598);
#5741=PLANE('',#6599);
#5742=PLANE('',#6600);
#5743=PLANE('',#6601);
#5744=PLANE('',#6602);
#5745=PLANE('',#6604);
#5746=PLANE('',#6605);
#5747=PLANE('',#6606);
#5748=PLANE('',#6607);
#5749=PLANE('',#6608);
#5750=PLANE('',#6609);
#5751=PLANE('',#6613);
#5752=PLANE('',#6617);
#5753=PLANE('',#6618);
#5754=PLANE('',#6619);
#5755=PLANE('',#6626);
#5756=PLANE('',#6627);
#5757=PLANE('',#6628);
#5758=PLANE('',#6630);
#5759=PLANE('',#6631);
#5760=PLANE('',#6632);
#5761=PLANE('',#6633);
#5762=PLANE('',#6634);
#5763=PLANE('',#6637);
#5764=PLANE('',#6638);
#5765=PLANE('',#6639);
#5766=PLANE('',#6640);
#5767=PLANE('',#6641);
#5768=PLANE('',#6642);
#5769=PLANE('',#6643);
#5770=PLANE('',#6644);
#5771=ADVANCED_FACE('',(#451),#5533,.F.);
#5772=ADVANCED_FACE('',(#452),#5534,.F.);
#5773=ADVANCED_FACE('',(#453),#5535,.F.);
#5774=ADVANCED_FACE('',(#454),#5536,.F.);
#5775=ADVANCED_FACE('',(#455),#5537,.F.);
#5776=ADVANCED_FACE('',(#456),#5538,.F.);
#5777=ADVANCED_FACE('',(#457),#5539,.F.);
#5778=ADVANCED_FACE('',(#458,#356),#5540,.F.);
#5779=ADVANCED_FACE('',(#459),#298,.F.);
#5780=ADVANCED_FACE('',(#460,#357),#5541,.T.);
#5781=ADVANCED_FACE('',(#461),#299,.F.);
#5782=ADVANCED_FACE('',(#462,#358),#5542,.T.);
#5783=ADVANCED_FACE('',(#463),#300,.F.);
#5784=ADVANCED_FACE('',(#464,#359),#5543,.T.);
#5785=ADVANCED_FACE('',(#465),#301,.F.);
#5786=ADVANCED_FACE('',(#466,#360),#5544,.T.);
#5787=ADVANCED_FACE('',(#467),#302,.F.);
#5788=ADVANCED_FACE('',(#468,#361),#5545,.T.);
#5789=ADVANCED_FACE('',(#469),#303,.F.);
#5790=ADVANCED_FACE('',(#470,#362),#5546,.T.);
#5791=ADVANCED_FACE('',(#471),#304,.F.);
#5792=ADVANCED_FACE('',(#472,#363),#5547,.T.);
#5793=ADVANCED_FACE('',(#473),#305,.F.);
#5794=ADVANCED_FACE('',(#474,#364),#5548,.T.);
#5795=ADVANCED_FACE('',(#475),#143,.F.);
#5796=ADVANCED_FACE('',(#476),#144,.F.);
#5797=ADVANCED_FACE('',(#477),#145,.F.);
#5798=ADVANCED_FACE('',(#478),#146,.F.);
#5799=ADVANCED_FACE('',(#479),#147,.F.);
#5800=ADVANCED_FACE('',(#480),#148,.F.);
#5801=ADVANCED_FACE('',(#481),#149,.F.);
#5802=ADVANCED_FACE('',(#482),#5549,.F.);
#5803=ADVANCED_FACE('',(#483),#5550,.F.);
#5804=ADVANCED_FACE('',(#484),#150,.F.);
#5805=ADVANCED_FACE('',(#485),#151,.F.);
#5806=ADVANCED_FACE('',(#486),#152,.F.);
#5807=ADVANCED_FACE('',(#487),#153,.F.);
#5808=ADVANCED_FACE('',(#488),#154,.F.);
#5809=ADVANCED_FACE('',(#489),#155,.F.);
#5810=ADVANCED_FACE('',(#490),#156,.F.);
#5811=ADVANCED_FACE('',(#491),#157,.F.);
#5812=ADVANCED_FACE('',(#492),#5551,.F.);
#5813=ADVANCED_FACE('',(#493),#5552,.F.);
#5814=ADVANCED_FACE('',(#494),#158,.F.);
#5815=ADVANCED_FACE('',(#495),#5553,.F.);
#5816=ADVANCED_FACE('',(#496),#159,.T.);
#5817=ADVANCED_FACE('',(#497),#5554,.T.);
#5818=ADVANCED_FACE('',(#498),#5555,.T.);
#5819=ADVANCED_FACE('',(#499),#5556,.T.);
#5820=ADVANCED_FACE('',(#500),#160,.T.);
#5821=ADVANCED_FACE('',(#501),#161,.T.);
#5822=ADVANCED_FACE('',(#502),#162,.T.);
#5823=ADVANCED_FACE('',(#503),#163,.T.);
#5824=ADVANCED_FACE('',(#504),#5557,.T.);
#5825=ADVANCED_FACE('',(#505),#5558,.T.);
#5826=ADVANCED_FACE('',(#506),#5559,.T.);
#5827=ADVANCED_FACE('',(#507),#164,.T.);
#5828=ADVANCED_FACE('',(#508),#165,.T.);
#5829=ADVANCED_FACE('',(#509),#166,.T.);
#5830=ADVANCED_FACE('',(#510),#167,.F.);
#5831=ADVANCED_FACE('',(#511),#5560,.F.);
#5832=ADVANCED_FACE('',(#512),#168,.F.);
#5833=ADVANCED_FACE('',(#513),#169,.F.);
#5834=ADVANCED_FACE('',(#514),#170,.F.);
#5835=ADVANCED_FACE('',(#515),#5561,.F.);
#5836=ADVANCED_FACE('',(#516),#5562,.F.);
#5837=ADVANCED_FACE('',(#517),#5563,.F.);
#5838=ADVANCED_FACE('',(#518),#171,.F.);
#5839=ADVANCED_FACE('',(#519),#172,.F.);
#5840=ADVANCED_FACE('',(#520,#365,#366),#5564,.T.);
#5841=ADVANCED_FACE('',(#521),#5565,.F.);
#5842=ADVANCED_FACE('',(#522),#5566,.F.);
#5843=ADVANCED_FACE('',(#523),#5567,.F.);
#5844=ADVANCED_FACE('',(#524),#5568,.F.);
#5845=ADVANCED_FACE('',(#525),#5569,.F.);
#5846=ADVANCED_FACE('',(#526),#5570,.F.);
#5847=ADVANCED_FACE('',(#527),#5571,.F.);
#5848=ADVANCED_FACE('',(#528),#5572,.F.);
#5849=ADVANCED_FACE('',(#529),#5573,.F.);
#5850=ADVANCED_FACE('',(#530),#5574,.F.);
#5851=ADVANCED_FACE('',(#531,#367,#368,#369,#370,#371,#372,#373,#374),#5575,
 .F.);
#5852=ADVANCED_FACE('',(#532),#5576,.F.);
#5853=ADVANCED_FACE('',(#533),#306,.T.);
#5854=ADVANCED_FACE('',(#534),#5577,.F.);
#5855=ADVANCED_FACE('',(#535,#375),#5578,.T.);
#5856=ADVANCED_FACE('',(#536),#307,.T.);
#5857=ADVANCED_FACE('',(#537),#308,.T.);
#5858=ADVANCED_FACE('',(#538),#5579,.T.);
#5859=ADVANCED_FACE('',(#539),#309,.T.);
#5860=ADVANCED_FACE('',(#540),#310,.F.);
#5861=ADVANCED_FACE('',(#541),#311,.F.);
#5862=ADVANCED_FACE('',(#542),#312,.F.);
#5863=ADVANCED_FACE('',(#543),#313,.F.);
#5864=ADVANCED_FACE('',(#544),#5580,.T.);
#5865=ADVANCED_FACE('',(#545,#376,#377,#378,#379,#380),#5581,.T.);
#5866=ADVANCED_FACE('',(#546,#381),#5582,.T.);
#5867=ADVANCED_FACE('',(#547),#5583,.F.);
#5868=ADVANCED_FACE('',(#548),#314,.F.);
#5869=ADVANCED_FACE('',(#549),#315,.F.);
#5870=ADVANCED_FACE('',(#550),#5584,.F.);
#5871=ADVANCED_FACE('',(#551),#5585,.F.);
#5872=ADVANCED_FACE('',(#552),#5586,.T.);
#5873=ADVANCED_FACE('',(#553),#5587,.T.);
#5874=ADVANCED_FACE('',(#554),#5588,.T.);
#5875=ADVANCED_FACE('',(#555),#5589,.T.);
#5876=ADVANCED_FACE('',(#556),#5590,.T.);
#5877=ADVANCED_FACE('',(#557),#5591,.T.);
#5878=ADVANCED_FACE('',(#558),#5592,.T.);
#5879=ADVANCED_FACE('',(#559,#382),#5593,.T.);
#5880=ADVANCED_FACE('',(#560),#5594,.T.);
#5881=ADVANCED_FACE('',(#561),#5595,.T.);
#5882=ADVANCED_FACE('',(#562),#5596,.T.);
#5883=ADVANCED_FACE('',(#563),#5597,.T.);
#5884=ADVANCED_FACE('',(#564),#316,.F.);
#5885=ADVANCED_FACE('',(#565,#383),#5598,.T.);
#5886=ADVANCED_FACE('',(#566),#317,.F.);
#5887=ADVANCED_FACE('',(#567,#384),#5599,.T.);
#5888=ADVANCED_FACE('',(#568),#318,.F.);
#5889=ADVANCED_FACE('',(#569,#385),#5600,.T.);
#5890=ADVANCED_FACE('',(#570),#319,.F.);
#5891=ADVANCED_FACE('',(#571,#386),#5601,.T.);
#5892=ADVANCED_FACE('',(#572),#5602,.T.);
#5893=ADVANCED_FACE('',(#573),#50,.T.);
#5894=ADVANCED_FACE('',(#574),#173,.T.);
#5895=ADVANCED_FACE('',(#575),#174,.T.);
#5896=ADVANCED_FACE('',(#576),#5603,.F.);
#5897=ADVANCED_FACE('',(#577),#320,.F.);
#5898=ADVANCED_FACE('',(#578),#321,.F.);
#5899=ADVANCED_FACE('',(#579),#322,.F.);
#5900=ADVANCED_FACE('',(#580),#323,.F.);
#5901=ADVANCED_FACE('',(#581),#5604,.T.);
#5902=ADVANCED_FACE('',(#582),#324,.T.);
#5903=ADVANCED_FACE('',(#583),#5605,.T.);
#5904=ADVANCED_FACE('',(#584),#325,.T.);
#5905=ADVANCED_FACE('',(#585,#387,#388),#5606,.T.);
#5906=ADVANCED_FACE('',(#586),#326,.T.);
#5907=ADVANCED_FACE('',(#587),#5607,.T.);
#5908=ADVANCED_FACE('',(#588),#327,.T.);
#5909=ADVANCED_FACE('',(#589,#389,#390,#391,#392,#393),#5608,.F.);
#5910=ADVANCED_FACE('',(#590),#5609,.F.);
#5911=ADVANCED_FACE('',(#591),#5610,.F.);
#5912=ADVANCED_FACE('',(#592),#5611,.F.);
#5913=ADVANCED_FACE('',(#593,#394,#395,#396,#397,#398),#5612,.T.);
#5914=ADVANCED_FACE('',(#594),#5613,.T.);
#5915=ADVANCED_FACE('',(#595),#5614,.T.);
#5916=ADVANCED_FACE('',(#596),#5615,.T.);
#5917=ADVANCED_FACE('',(#597),#5616,.T.);
#5918=ADVANCED_FACE('',(#598),#5617,.T.);
#5919=ADVANCED_FACE('',(#599),#5618,.T.);
#5920=ADVANCED_FACE('',(#600),#5619,.T.);
#5921=ADVANCED_FACE('',(#601),#5620,.T.);
#5922=ADVANCED_FACE('',(#602),#5621,.T.);
#5923=ADVANCED_FACE('',(#603),#5622,.T.);
#5924=ADVANCED_FACE('',(#604),#5623,.T.);
#5925=ADVANCED_FACE('',(#605),#328,.T.);
#5926=ADVANCED_FACE('',(#606),#329,.T.);
#5927=ADVANCED_FACE('',(#607),#330,.T.);
#5928=ADVANCED_FACE('',(#608,#399,#400,#401,#402,#403),#5624,.T.);
#5929=ADVANCED_FACE('',(#609),#331,.T.);
#5930=ADVANCED_FACE('',(#610),#5625,.T.);
#5931=ADVANCED_FACE('',(#611),#5626,.T.);
#5932=ADVANCED_FACE('',(#612),#5627,.T.);
#5933=ADVANCED_FACE('',(#613),#5628,.T.);
#5934=ADVANCED_FACE('',(#614,#404,#405,#406,#407),#5629,.T.);
#5935=ADVANCED_FACE('',(#615),#332,.F.);
#5936=ADVANCED_FACE('',(#616,#408),#5630,.T.);
#5937=ADVANCED_FACE('',(#617),#333,.F.);
#5938=ADVANCED_FACE('',(#618,#409),#5631,.T.);
#5939=ADVANCED_FACE('',(#619),#334,.F.);
#5940=ADVANCED_FACE('',(#620,#410),#5632,.T.);
#5941=ADVANCED_FACE('',(#621),#335,.F.);
#5942=ADVANCED_FACE('',(#622,#411),#5633,.T.);
#5943=ADVANCED_FACE('',(#623),#5634,.F.);
#5944=ADVANCED_FACE('',(#624),#5635,.F.);
#5945=ADVANCED_FACE('',(#625),#5636,.F.);
#5946=ADVANCED_FACE('',(#626),#5637,.F.);
#5947=ADVANCED_FACE('',(#627),#336,.F.);
#5948=ADVANCED_FACE('',(#628),#337,.T.);
#5949=ADVANCED_FACE('',(#629),#5638,.T.);
#5950=ADVANCED_FACE('',(#630,#412,#413,#414,#415,#416,#417,#418,#419,#420,
#421,#422),#5639,.T.);
#5951=ADVANCED_FACE('',(#631),#5640,.T.);
#5952=ADVANCED_FACE('',(#632),#338,.T.);
#5953=ADVANCED_FACE('',(#633),#5641,.T.);
#5954=ADVANCED_FACE('',(#634),#339,.T.);
#5955=ADVANCED_FACE('',(#635),#5642,.T.);
#5956=ADVANCED_FACE('',(#636),#340,.T.);
#5957=ADVANCED_FACE('',(#637),#341,.F.);
#5958=ADVANCED_FACE('',(#638),#342,.F.);
#5959=ADVANCED_FACE('',(#639),#343,.F.);
#5960=ADVANCED_FACE('',(#640),#344,.F.);
#5961=ADVANCED_FACE('',(#641),#5643,.F.);
#5962=ADVANCED_FACE('',(#642),#5644,.F.);
#5963=ADVANCED_FACE('',(#643),#5645,.F.);
#5964=ADVANCED_FACE('',(#644),#5646,.F.);
#5965=ADVANCED_FACE('',(#645),#5647,.F.);
#5966=ADVANCED_FACE('',(#646),#5648,.F.);
#5967=ADVANCED_FACE('',(#647),#5649,.F.);
#5968=ADVANCED_FACE('',(#648),#5650,.F.);
#5969=ADVANCED_FACE('',(#649),#5651,.F.);
#5970=ADVANCED_FACE('',(#650),#5652,.F.);
#5971=ADVANCED_FACE('',(#651),#5653,.F.);
#5972=ADVANCED_FACE('',(#652),#5654,.F.);
#5973=ADVANCED_FACE('',(#653),#5655,.F.);
#5974=ADVANCED_FACE('',(#654),#5656,.F.);
#5975=ADVANCED_FACE('',(#655),#5657,.F.);
#5976=ADVANCED_FACE('',(#656),#5658,.F.);
#5977=ADVANCED_FACE('',(#657),#5659,.F.);
#5978=ADVANCED_FACE('',(#658),#5660,.F.);
#5979=ADVANCED_FACE('',(#659),#5661,.F.);
#5980=ADVANCED_FACE('',(#660),#5662,.F.);
#5981=ADVANCED_FACE('',(#661),#5663,.F.);
#5982=ADVANCED_FACE('',(#662),#5664,.T.);
#5983=ADVANCED_FACE('',(#663),#5665,.T.);
#5984=ADVANCED_FACE('',(#664),#5666,.T.);
#5985=ADVANCED_FACE('',(#665),#5667,.T.);
#5986=ADVANCED_FACE('',(#666),#5668,.T.);
#5987=ADVANCED_FACE('',(#667),#5669,.T.);
#5988=ADVANCED_FACE('',(#668),#5670,.T.);
#5989=ADVANCED_FACE('',(#669),#5671,.T.);
#5990=ADVANCED_FACE('',(#670),#5672,.T.);
#5991=ADVANCED_FACE('',(#671),#5673,.T.);
#5992=ADVANCED_FACE('',(#672),#5674,.T.);
#5993=ADVANCED_FACE('',(#673),#5675,.T.);
#5994=ADVANCED_FACE('',(#674),#5676,.T.);
#5995=ADVANCED_FACE('',(#675),#5677,.T.);
#5996=ADVANCED_FACE('',(#676),#5678,.T.);
#5997=ADVANCED_FACE('',(#677),#5679,.T.);
#5998=ADVANCED_FACE('',(#678),#5680,.T.);
#5999=ADVANCED_FACE('',(#679),#5681,.T.);
#6000=ADVANCED_FACE('',(#680),#5682,.T.);
#6001=ADVANCED_FACE('',(#681),#5683,.T.);
#6002=ADVANCED_FACE('',(#682),#5684,.T.);
#6003=ADVANCED_FACE('',(#683),#5685,.T.);
#6004=ADVANCED_FACE('',(#684),#5686,.T.);
#6005=ADVANCED_FACE('',(#685),#345,.F.);
#6006=ADVANCED_FACE('',(#686),#5687,.T.);
#6007=ADVANCED_FACE('',(#687),#5688,.F.);
#6008=ADVANCED_FACE('',(#688),#5689,.T.);
#6009=ADVANCED_FACE('',(#689),#5690,.F.);
#6010=ADVANCED_FACE('',(#690),#5691,.T.);
#6011=ADVANCED_FACE('',(#691),#5692,.F.);
#6012=ADVANCED_FACE('',(#692),#5693,.T.);
#6013=ADVANCED_FACE('',(#693),#5694,.F.);
#6014=ADVANCED_FACE('',(#694),#5695,.T.);
#6015=ADVANCED_FACE('',(#695),#5696,.F.);
#6016=ADVANCED_FACE('',(#696),#5697,.T.);
#6017=ADVANCED_FACE('',(#697),#5698,.F.);
#6018=ADVANCED_FACE('',(#698),#5699,.T.);
#6019=ADVANCED_FACE('',(#699),#5700,.F.);
#6020=ADVANCED_FACE('',(#700),#5701,.T.);
#6021=ADVANCED_FACE('',(#701),#5702,.F.);
#6022=ADVANCED_FACE('',(#702),#5703,.T.);
#6023=ADVANCED_FACE('',(#703),#5704,.F.);
#6024=ADVANCED_FACE('',(#704),#5705,.T.);
#6025=ADVANCED_FACE('',(#705),#5706,.F.);
#6026=ADVANCED_FACE('',(#706),#5707,.T.);
#6027=ADVANCED_FACE('',(#707),#5708,.F.);
#6028=ADVANCED_FACE('',(#708),#5709,.T.);
#6029=ADVANCED_FACE('',(#709,#423),#5710,.F.);
#6030=ADVANCED_FACE('',(#710),#5711,.F.);
#6031=ADVANCED_FACE('',(#711,#424,#425),#5712,.F.);
#6032=ADVANCED_FACE('',(#712,#426,#427),#5713,.F.);
#6033=ADVANCED_FACE('',(#713),#5714,.T.);
#6034=ADVANCED_FACE('',(#714),#5715,.T.);
#6035=ADVANCED_FACE('',(#715),#5716,.T.);
#6036=ADVANCED_FACE('',(#716),#5717,.T.);
#6037=ADVANCED_FACE('',(#717,#428,#429,#430,#431,#432),#5718,.T.);
#6038=ADVANCED_FACE('',(#718,#433,#434,#435),#5719,.F.);
#6039=ADVANCED_FACE('',(#719),#5720,.T.);
#6040=ADVANCED_FACE('',(#720),#5721,.T.);
#6041=ADVANCED_FACE('',(#721),#5722,.T.);
#6042=ADVANCED_FACE('',(#722),#346,.T.);
#6043=ADVANCED_FACE('',(#723),#5723,.T.);
#6044=ADVANCED_FACE('',(#724),#347,.T.);
#6045=ADVANCED_FACE('',(#725),#5724,.T.);
#6046=ADVANCED_FACE('',(#726),#5725,.T.);
#6047=ADVANCED_FACE('',(#727),#5726,.T.);
#6048=ADVANCED_FACE('',(#728),#5727,.T.);
#6049=ADVANCED_FACE('',(#729),#5728,.T.);
#6050=ADVANCED_FACE('',(#730),#348,.F.);
#6051=ADVANCED_FACE('',(#731),#349,.F.);
#6052=ADVANCED_FACE('',(#732),#5729,.T.);
#6053=ADVANCED_FACE('',(#733),#5730,.T.);
#6054=ADVANCED_FACE('',(#734,#436,#437,#438),#5731,.F.);
#6055=ADVANCED_FACE('',(#735),#5732,.T.);
#6056=ADVANCED_FACE('',(#736),#5733,.T.);
#6057=ADVANCED_FACE('',(#737),#5734,.T.);
#6058=ADVANCED_FACE('',(#738),#5735,.T.);
#6059=ADVANCED_FACE('',(#739),#5736,.T.);
#6060=ADVANCED_FACE('',(#740),#350,.T.);
#6061=ADVANCED_FACE('',(#741),#5737,.F.);
#6062=ADVANCED_FACE('',(#742),#5738,.T.);
#6063=ADVANCED_FACE('',(#743),#5739,.T.);
#6064=ADVANCED_FACE('',(#744),#5740,.T.);
#6065=ADVANCED_FACE('',(#745),#5741,.T.);
#6066=ADVANCED_FACE('',(#746,#439,#440),#5742,.T.);
#6067=ADVANCED_FACE('',(#747),#5743,.T.);
#6068=ADVANCED_FACE('',(#748,#441,#442,#443),#5744,.T.);
#6069=ADVANCED_FACE('',(#749),#5745,.T.);
#6070=ADVANCED_FACE('',(#750),#5746,.T.);
#6071=ADVANCED_FACE('',(#751),#5747,.T.);
#6072=ADVANCED_FACE('',(#752),#5748,.T.);
#6073=ADVANCED_FACE('',(#753),#5749,.T.);
#6074=ADVANCED_FACE('',(#754),#5750,.T.);
#6075=ADVANCED_FACE('',(#755),#351,.T.);
#6076=ADVANCED_FACE('',(#756),#5751,.T.);
#6077=ADVANCED_FACE('',(#757),#352,.T.);
#6078=ADVANCED_FACE('',(#758),#5752,.T.);
#6079=ADVANCED_FACE('',(#759),#5753,.T.);
#6080=ADVANCED_FACE('',(#760),#5754,.T.);
#6081=ADVANCED_FACE('',(#761),#353,.F.);
#6082=ADVANCED_FACE('',(#762),#354,.F.);
#6083=ADVANCED_FACE('',(#763),#5755,.T.);
#6084=ADVANCED_FACE('',(#764),#5756,.T.);
#6085=ADVANCED_FACE('',(#765,#444,#445,#446),#5757,.F.);
#6086=ADVANCED_FACE('',(#766),#5758,.T.);
#6087=ADVANCED_FACE('',(#767),#5759,.T.);
#6088=ADVANCED_FACE('',(#768),#5760,.T.);
#6089=ADVANCED_FACE('',(#769),#5761,.T.);
#6090=ADVANCED_FACE('',(#770),#5762,.T.);
#6091=ADVANCED_FACE('',(#771),#355,.T.);
#6092=ADVANCED_FACE('',(#772),#5763,.F.);
#6093=ADVANCED_FACE('',(#773),#5764,.T.);
#6094=ADVANCED_FACE('',(#774),#5765,.T.);
#6095=ADVANCED_FACE('',(#775),#5766,.T.);
#6096=ADVANCED_FACE('',(#776),#5767,.T.);
#6097=ADVANCED_FACE('',(#777,#447),#5768,.T.);
#6098=ADVANCED_FACE('',(#778),#5769,.T.);
#6099=ADVANCED_FACE('',(#779,#448,#449,#450),#5770,.T.);
#6100=CLOSED_SHELL('',(#5771,#5772,#5773,#5774,#5775,#5776,#5777,#5778,
#5779,#5780,#5781,#5782,#5783,#5784,#5785,#5786,#5787,#5788,#5789,#5790,
#5791,#5792,#5793,#5794,#5795,#5796,#5797,#5798,#5799,#5800,#5801,#5802,
#5803,#5804,#5805,#5806,#5807,#5808,#5809,#5810,#5811,#5812,#5813,#5814,
#5815,#5816,#5817,#5818,#5819,#5820,#5821,#5822,#5823,#5824,#5825,#5826,
#5827,#5828,#5829,#5830,#5831,#5832,#5833,#5834,#5835,#5836,#5837,#5838,
#5839,#5840,#5841,#5842,#5843,#5844,#5845,#5846,#5847,#5848,#5849,#5850,
#5851,#5852,#5853,#5854,#5855,#5856,#5857,#5858,#5859,#5860,#5861,#5862,
#5863,#5864,#5865,#5866,#5867,#5868,#5869,#5870,#5871,#5872,#5873,#5874,
#5875,#5876,#5877,#5878,#5879,#5880,#5881,#5882,#5883));
#6101=CLOSED_SHELL('',(#5884,#5885,#5886,#5887,#5888,#5889,#5890,#5891,
#5892,#5893,#5894,#5895,#5896,#5897,#5898,#5899,#5900,#5901,#5902,#5903,
#5904,#5905,#5906,#5907,#5908,#5909,#5910,#5911,#5912,#5913,#5914,#5915,
#5916,#5917,#5918,#5919,#5920,#5921,#5922,#5923,#5924,#5925,#5926,#5927,
#5928,#5929));
#6102=CLOSED_SHELL('',(#5930,#5931,#5932,#5933,#5934,#5935,#5936,#5937,
#5938,#5939,#5940,#5941,#5942,#5943,#5944,#5945,#5946,#5947,#5948,#5949,
#5950,#5951,#5952,#5953,#5954,#5955,#5956,#5957,#5958,#5959,#5960,#5961,
#5962,#5963,#5964,#5965,#5966,#5967,#5968,#5969,#5970,#5971,#5972,#5973,
#5974,#5975,#5976,#5977,#5978,#5979,#5980,#5981));
#6103=CLOSED_SHELL('',(#5982,#5983,#5984,#5985,#5986,#5987,#5988,#5989,
#5990,#5991,#5992,#5993,#5994,#5995,#5996,#5997,#5998,#5999,#6000,#6001,
#6002,#6003,#6004,#6005,#6006,#6007,#6008,#6009,#6010,#6011,#6012,#6013,
#6014,#6015,#6016,#6017,#6018,#6019,#6020,#6021,#6022,#6023,#6024,#6025,
#6026,#6027,#6028,#6029,#6030,#6031,#6032,#6033,#6034,#6035,#6036,#6037,
#6038));
#6104=CLOSED_SHELL('',(#6039,#6040,#6041,#6042,#6043,#6044,#6045,#6046,
#6047,#6048,#6049,#6050,#6051,#6052,#6053,#6054,#6055,#6056,#6057,#6058,
#6059,#6060,#6061,#6062,#6063,#6064,#6065,#6066,#6067,#6068));
#6105=CLOSED_SHELL('',(#6069,#6070,#6071,#6072,#6073,#6074,#6075,#6076,
#6077,#6078,#6079,#6080,#6081,#6082,#6083,#6084,#6085,#6086,#6087,#6088,
#6089,#6090,#6091,#6092,#6093,#6094,#6095,#6096,#6097,#6098,#6099));
#6106=DERIVED_UNIT_ELEMENT(#6119,1.);
#6107=DERIVED_UNIT_ELEMENT(#10468,-3.);
#6108=DERIVED_UNIT_ELEMENT(#6119,1.);
#6109=DERIVED_UNIT_ELEMENT(#10468,-3.);
#6110=DERIVED_UNIT_ELEMENT(#6119,1.);
#6111=DERIVED_UNIT_ELEMENT(#10468,-3.);
#6112=DERIVED_UNIT_ELEMENT(#6119,1.);
#6113=DERIVED_UNIT_ELEMENT(#10468,-3.);
#6114=DERIVED_UNIT_ELEMENT(#6119,1.);
#6115=DERIVED_UNIT_ELEMENT(#10468,-3.);
#6116=DERIVED_UNIT_ELEMENT(#6119,1.);
#6117=DERIVED_UNIT_ELEMENT(#10468,-3.);
#6118=DIMENSIONAL_EXPONENTS(0.,1.,0.,0.,0.,0.,0.);
#6119=(
CONVERSION_BASED_UNIT('gram',#6121)
MASS_UNIT()
NAMED_UNIT(#6118)
);
#6120=(
MASS_UNIT()
NAMED_UNIT(*)
SI_UNIT(.KILO.,.GRAM.)
);
#6121=MASS_MEASURE_WITH_UNIT(MASS_MEASURE(0.001),#6120);
#6122=DERIVED_UNIT((#6106,#6107));
#6123=DERIVED_UNIT((#6108,#6109));
#6124=DERIVED_UNIT((#6110,#6111));
#6125=DERIVED_UNIT((#6112,#6113));
#6126=DERIVED_UNIT((#6114,#6115));
#6127=DERIVED_UNIT((#6116,#6117));
#6128=MEASURE_REPRESENTATION_ITEM('density measure',
POSITIVE_RATIO_MEASURE(1.),#6122);
#6129=MEASURE_REPRESENTATION_ITEM('density measure',
POSITIVE_RATIO_MEASURE(1.),#6123);
#6130=MEASURE_REPRESENTATION_ITEM('density measure',
POSITIVE_RATIO_MEASURE(1.),#6124);
#6131=MEASURE_REPRESENTATION_ITEM('density measure',
POSITIVE_RATIO_MEASURE(1.),#6125);
#6132=MEASURE_REPRESENTATION_ITEM('density measure',
POSITIVE_RATIO_MEASURE(1.),#6126);
#6133=MEASURE_REPRESENTATION_ITEM('density measure',
POSITIVE_RATIO_MEASURE(1.),#6127);
#6134=PROPERTY_DEFINITION_REPRESENTATION(#6164,#6146);
#6135=PROPERTY_DEFINITION_REPRESENTATION(#6165,#6147);
#6136=PROPERTY_DEFINITION_REPRESENTATION(#6166,#6148);
#6137=PROPERTY_DEFINITION_REPRESENTATION(#6167,#6149);
#6138=PROPERTY_DEFINITION_REPRESENTATION(#6168,#6150);
#6139=PROPERTY_DEFINITION_REPRESENTATION(#6169,#6151);
#6140=PROPERTY_DEFINITION_REPRESENTATION(#6170,#6152);
#6141=PROPERTY_DEFINITION_REPRESENTATION(#6171,#6153);
#6142=PROPERTY_DEFINITION_REPRESENTATION(#6172,#6154);
#6143=PROPERTY_DEFINITION_REPRESENTATION(#6173,#6155);
#6144=PROPERTY_DEFINITION_REPRESENTATION(#6174,#6156);
#6145=PROPERTY_DEFINITION_REPRESENTATION(#6175,#6157);
#6146=REPRESENTATION('material name',(#6158),#10460);
#6147=REPRESENTATION('density',(#6128),#10460);
#6148=REPRESENTATION('material name',(#6159),#10461);
#6149=REPRESENTATION('density',(#6129),#10461);
#6150=REPRESENTATION('material name',(#6160),#10462);
#6151=REPRESENTATION('density',(#6130),#10462);
#6152=REPRESENTATION('material name',(#6161),#10463);
#6153=REPRESENTATION('density',(#6131),#10463);
#6154=REPRESENTATION('material name',(#6162),#10464);
#6155=REPRESENTATION('density',(#6132),#10464);
#6156=REPRESENTATION('material name',(#6163),#10465);
#6157=REPRESENTATION('density',(#6133),#10465);
#6158=DESCRIPTIVE_REPRESENTATION_ITEM('Og\X\F3lny','Og\X\F3lny');
#6159=DESCRIPTIVE_REPRESENTATION_ITEM('Og\X\F3lny','Og\X\F3lny');
#6160=DESCRIPTIVE_REPRESENTATION_ITEM('Og\X\F3lny','Og\X\F3lny');
#6161=DESCRIPTIVE_REPRESENTATION_ITEM('Og\X\F3lny','Og\X\F3lny');
#6162=DESCRIPTIVE_REPRESENTATION_ITEM('Og\X\F3lny','Og\X\F3lny');
#6163=DESCRIPTIVE_REPRESENTATION_ITEM('Og\X\F3lny','Og\X\F3lny');
#6164=PROPERTY_DEFINITION('material property','material name',#10501);
#6165=PROPERTY_DEFINITION('material property','density of part',#10501);
#6166=PROPERTY_DEFINITION('material property','material name',#10502);
#6167=PROPERTY_DEFINITION('material property','density of part',#10502);
#6168=PROPERTY_DEFINITION('material property','material name',#10503);
#6169=PROPERTY_DEFINITION('material property','density of part',#10503);
#6170=PROPERTY_DEFINITION('material property','material name',#10504);
#6171=PROPERTY_DEFINITION('material property','density of part',#10504);
#6172=PROPERTY_DEFINITION('material property','material name',#10505);
#6173=PROPERTY_DEFINITION('material property','density of part',#10505);
#6174=PROPERTY_DEFINITION('material property','material name',#10506);
#6175=PROPERTY_DEFINITION('material property','density of part',#10506);
#6176=DATE_TIME_ROLE('creation_date');
#6177=DATE_TIME_ROLE('creation_date');
#6178=DATE_TIME_ROLE('creation_date');
#6179=DATE_TIME_ROLE('creation_date');
#6180=DATE_TIME_ROLE('creation_date');
#6181=DATE_TIME_ROLE('creation_date');
#6182=DATE_TIME_ROLE('creation_date');
#6183=APPLIED_DATE_AND_TIME_ASSIGNMENT(#6190,#6176,(#10500));
#6184=APPLIED_DATE_AND_TIME_ASSIGNMENT(#6191,#6177,(#10501));
#6185=APPLIED_DATE_AND_TIME_ASSIGNMENT(#6192,#6178,(#10502));
#6186=APPLIED_DATE_AND_TIME_ASSIGNMENT(#6193,#6179,(#10503));
#6187=APPLIED_DATE_AND_TIME_ASSIGNMENT(#6194,#6180,(#10504));
#6188=APPLIED_DATE_AND_TIME_ASSIGNMENT(#6195,#6181,(#10505));
#6189=APPLIED_DATE_AND_TIME_ASSIGNMENT(#6196,#6182,(#10506));
#6190=DATE_AND_TIME(#6197,#6204);
#6191=DATE_AND_TIME(#6198,#6205);
#6192=DATE_AND_TIME(#6199,#6206);
#6193=DATE_AND_TIME(#6200,#6207);
#6194=DATE_AND_TIME(#6201,#6208);
#6195=DATE_AND_TIME(#6202,#6209);
#6196=DATE_AND_TIME(#6203,#6210);
#6197=CALENDAR_DATE(2025,27,7);
#6198=CALENDAR_DATE(2025,27,7);
#6199=CALENDAR_DATE(2025,27,7);
#6200=CALENDAR_DATE(2025,27,7);
#6201=CALENDAR_DATE(2025,27,7);
#6202=CALENDAR_DATE(2025,27,7);
#6203=CALENDAR_DATE(2025,27,7);
#6204=LOCAL_TIME(0,0,0.,#6211);
#6205=LOCAL_TIME(0,0,0.,#6212);
#6206=LOCAL_TIME(0,0,0.,#6213);
#6207=LOCAL_TIME(0,0,0.,#6214);
#6208=LOCAL_TIME(0,0,0.,#6215);
#6209=LOCAL_TIME(0,0,0.,#6216);
#6210=LOCAL_TIME(0,0,0.,#6217);
#6211=COORDINATED_UNIVERSAL_TIME_OFFSET(0,0,.BEHIND.);
#6212=COORDINATED_UNIVERSAL_TIME_OFFSET(0,0,.BEHIND.);
#6213=COORDINATED_UNIVERSAL_TIME_OFFSET(0,0,.BEHIND.);
#6214=COORDINATED_UNIVERSAL_TIME_OFFSET(0,0,.BEHIND.);
#6215=COORDINATED_UNIVERSAL_TIME_OFFSET(0,0,.BEHIND.);
#6216=COORDINATED_UNIVERSAL_TIME_OFFSET(0,0,.BEHIND.);
#6217=COORDINATED_UNIVERSAL_TIME_OFFSET(0,0,.BEHIND.);
#6218=AXIS2_PLACEMENT_3D('',#8165,#6653,#6654);
#6219=AXIS2_PLACEMENT_3D('',#8166,#6655,#6656);
#6220=AXIS2_PLACEMENT_3D('',#8167,#6657,#6658);
#6221=AXIS2_PLACEMENT_3D('',#8176,#6663,#6664);
#6222=AXIS2_PLACEMENT_3D('',#8182,#6668,#6669);
#6223=AXIS2_PLACEMENT_3D('',#8188,#6673,#6674);
#6224=AXIS2_PLACEMENT_3D('',#8191,#6677,#6678);
#6225=AXIS2_PLACEMENT_3D('',#8200,#6683,#6684);
#6226=AXIS2_PLACEMENT_3D('',#8206,#6688,#6689);
#6227=AXIS2_PLACEMENT_3D('',#8212,#6693,#6694);
#6228=AXIS2_PLACEMENT_3D('',#8214,#6696,#6697);
#6229=AXIS2_PLACEMENT_3D('',#8216,#6698,#6699);
#6230=AXIS2_PLACEMENT_3D('',#8219,#6701,#6702);
#6231=AXIS2_PLACEMENT_3D('',#8220,#6703,#6704);
#6232=AXIS2_PLACEMENT_3D('',#8222,#6705,#6706);
#6233=AXIS2_PLACEMENT_3D('',#8223,#6707,#6708);
#6234=AXIS2_PLACEMENT_3D('',#8225,#6709,#6710);
#6235=AXIS2_PLACEMENT_3D('',#8228,#6712,#6713);
#6236=AXIS2_PLACEMENT_3D('',#8229,#6714,#6715);
#6237=AXIS2_PLACEMENT_3D('',#8231,#6716,#6717);
#6238=AXIS2_PLACEMENT_3D('',#8232,#6718,#6719);
#6239=AXIS2_PLACEMENT_3D('',#8234,#6720,#6721);
#6240=AXIS2_PLACEMENT_3D('',#8237,#6723,#6724);
#6241=AXIS2_PLACEMENT_3D('',#8238,#6725,#6726);
#6242=AXIS2_PLACEMENT_3D('',#8240,#6727,#6728);
#6243=AXIS2_PLACEMENT_3D('',#8241,#6729,#6730);
#6244=AXIS2_PLACEMENT_3D('',#8243,#6731,#6732);
#6245=AXIS2_PLACEMENT_3D('',#8246,#6734,#6735);
#6246=AXIS2_PLACEMENT_3D('',#8247,#6736,#6737);
#6247=AXIS2_PLACEMENT_3D('',#8249,#6738,#6739);
#6248=AXIS2_PLACEMENT_3D('',#8250,#6740,#6741);
#6249=AXIS2_PLACEMENT_3D('',#8252,#6742,#6743);
#6250=AXIS2_PLACEMENT_3D('',#8255,#6745,#6746);
#6251=AXIS2_PLACEMENT_3D('',#8256,#6747,#6748);
#6252=AXIS2_PLACEMENT_3D('',#8258,#6749,#6750);
#6253=AXIS2_PLACEMENT_3D('',#8259,#6751,#6752);
#6254=AXIS2_PLACEMENT_3D('',#8261,#6753,#6754);
#6255=AXIS2_PLACEMENT_3D('',#8264,#6756,#6757);
#6256=AXIS2_PLACEMENT_3D('',#8265,#6758,#6759);
#6257=AXIS2_PLACEMENT_3D('',#8267,#6760,#6761);
#6258=AXIS2_PLACEMENT_3D('',#8268,#6762,#6763);
#6259=AXIS2_PLACEMENT_3D('',#8270,#6764,#6765);
#6260=AXIS2_PLACEMENT_3D('',#8273,#6767,#6768);
#6261=AXIS2_PLACEMENT_3D('',#8274,#6769,#6770);
#6262=AXIS2_PLACEMENT_3D('',#8276,#6771,#6772);
#6263=AXIS2_PLACEMENT_3D('',#8277,#6773,#6774);
#6264=AXIS2_PLACEMENT_3D('',#8279,#6775,#6776);
#6265=AXIS2_PLACEMENT_3D('',#8282,#6778,#6779);
#6266=AXIS2_PLACEMENT_3D('',#8283,#6780,#6781);
#6267=AXIS2_PLACEMENT_3D('',#8285,#6782,#6783);
#6268=AXIS2_PLACEMENT_3D('',#8422,#6792,#6793);
#6269=AXIS2_PLACEMENT_3D('',#8428,#6797,#6798);
#6270=AXIS2_PLACEMENT_3D('',#8586,#6810,#6811);
#6271=AXIS2_PLACEMENT_3D('',#8592,#6815,#6816);
#6272=AXIS2_PLACEMENT_3D('',#8614,#6820,#6821);
#6273=AXIS2_PLACEMENT_3D('',#8637,#6824,#6825);
#6274=AXIS2_PLACEMENT_3D('',#8643,#6829,#6830);
#6275=AXIS2_PLACEMENT_3D('',#8649,#6834,#6835);
#6276=AXIS2_PLACEMENT_3D('',#8731,#6843,#6844);
#6277=AXIS2_PLACEMENT_3D('',#8737,#6848,#6849);
#6278=AXIS2_PLACEMENT_3D('',#8743,#6853,#6854);
#6279=AXIS2_PLACEMENT_3D('',#8825,#6862,#6863);
#6280=AXIS2_PLACEMENT_3D('',#8888,#6870,#6871);
#6281=AXIS2_PLACEMENT_3D('',#8894,#6875,#6876);
#6282=AXIS2_PLACEMENT_3D('',#8900,#6880,#6881);
#6283=AXIS2_PLACEMENT_3D('',#8941,#6886,#6887);
#6284=AXIS2_PLACEMENT_3D('',#8942,#6888,#6889);
#6285=AXIS2_PLACEMENT_3D('',#8951,#6894,#6895);
#6286=AXIS2_PLACEMENT_3D('',#8957,#6899,#6900);
#6287=AXIS2_PLACEMENT_3D('',#8963,#6904,#6905);
#6288=AXIS2_PLACEMENT_3D('',#8966,#6908,#6909);
#6289=AXIS2_PLACEMENT_3D('',#8967,#6910,#6911);
#6290=AXIS2_PLACEMENT_3D('',#8976,#6916,#6917);
#6291=AXIS2_PLACEMENT_3D('',#8982,#6921,#6922);
#6292=AXIS2_PLACEMENT_3D('',#8988,#6926,#6927);
#6293=AXIS2_PLACEMENT_3D('',#8991,#6930,#6931);
#6294=AXIS2_PLACEMENT_3D('',#8992,#6932,#6933);
#6295=AXIS2_PLACEMENT_3D('',#8995,#6934,#6935);
#6296=AXIS2_PLACEMENT_3D('',#8999,#6937,#6938);
#6297=AXIS2_PLACEMENT_3D('',#9003,#6940,#6941);
#6298=AXIS2_PLACEMENT_3D('',#9007,#6943,#6944);
#6299=AXIS2_PLACEMENT_3D('',#9009,#6946,#6947);
#6300=AXIS2_PLACEMENT_3D('',#9010,#6948,#6949);
#6301=AXIS2_PLACEMENT_3D('',#9014,#6951,#6952);
#6302=AXIS2_PLACEMENT_3D('',#9016,#6954,#6955);
#6303=AXIS2_PLACEMENT_3D('',#9017,#6956,#6957);
#6304=AXIS2_PLACEMENT_3D('',#9021,#6960,#6961);
#6305=AXIS2_PLACEMENT_3D('',#9023,#6962,#6963);
#6306=AXIS2_PLACEMENT_3D('',#9025,#6965,#6966);
#6307=AXIS2_PLACEMENT_3D('',#9029,#6968,#6969);
#6308=AXIS2_PLACEMENT_3D('',#9031,#6971,#6972);
#6309=AXIS2_PLACEMENT_3D('',#9035,#6975,#6976);
#6310=AXIS2_PLACEMENT_3D('',#9038,#6978,#6979);
#6311=AXIS2_PLACEMENT_3D('',#9039,#6980,#6981);
#6312=AXIS2_PLACEMENT_3D('',#9041,#6983,#6984);
#6313=AXIS2_PLACEMENT_3D('',#9043,#6986,#6987);
#6314=AXIS2_PLACEMENT_3D('',#9045,#6989,#6990);
#6315=AXIS2_PLACEMENT_3D('',#9047,#6992,#6993);
#6316=AXIS2_PLACEMENT_3D('',#9056,#6998,#6999);
#6317=AXIS2_PLACEMENT_3D('',#9083,#7014,#7015);
#6318=AXIS2_PLACEMENT_3D('',#9090,#7019,#7020);
#6319=AXIS2_PLACEMENT_3D('',#9093,#7022,#7023);
#6320=AXIS2_PLACEMENT_3D('',#9094,#7024,#7025);
#6321=AXIS2_PLACEMENT_3D('',#9100,#7029,#7030);
#6322=AXIS2_PLACEMENT_3D('',#9101,#7031,#7032);
#6323=AXIS2_PLACEMENT_3D('',#9102,#7033,#7034);
#6324=AXIS2_PLACEMENT_3D('',#9103,#7035,#7036);
#6325=AXIS2_PLACEMENT_3D('',#9104,#7037,#7038);
#6326=AXIS2_PLACEMENT_3D('',#9110,#7042,#7043);
#6327=AXIS2_PLACEMENT_3D('',#9116,#7047,#7048);
#6328=AXIS2_PLACEMENT_3D('',#9120,#7051,#7052);
#6329=AXIS2_PLACEMENT_3D('',#9124,#7055,#7056);
#6330=AXIS2_PLACEMENT_3D('',#9126,#7058,#7059);
#6331=AXIS2_PLACEMENT_3D('',#9130,#7062,#7063);
#6332=AXIS2_PLACEMENT_3D('',#9134,#7066,#7067);
#6333=AXIS2_PLACEMENT_3D('',#9142,#7073,#7074);
#6334=AXIS2_PLACEMENT_3D('',#9144,#7076,#7077);
#6335=AXIS2_PLACEMENT_3D('',#9145,#7078,#7079);
#6336=AXIS2_PLACEMENT_3D('',#9147,#7081,#7082);
#6337=AXIS2_PLACEMENT_3D('',#9148,#7083,#7084);
#6338=AXIS2_PLACEMENT_3D('',#9149,#7085,#7086);
#6339=AXIS2_PLACEMENT_3D('',#9150,#7087,#7088);
#6340=AXIS2_PLACEMENT_3D('',#9151,#7089,#7090);
#6341=AXIS2_PLACEMENT_3D('',#9153,#7091,#7092);
#6342=AXIS2_PLACEMENT_3D('',#9156,#7094,#7095);
#6343=AXIS2_PLACEMENT_3D('',#9157,#7096,#7097);
#6344=AXIS2_PLACEMENT_3D('',#9159,#7098,#7099);
#6345=AXIS2_PLACEMENT_3D('',#9160,#7100,#7101);
#6346=AXIS2_PLACEMENT_3D('',#9162,#7102,#7103);
#6347=AXIS2_PLACEMENT_3D('',#9165,#7105,#7106);
#6348=AXIS2_PLACEMENT_3D('',#9166,#7107,#7108);
#6349=AXIS2_PLACEMENT_3D('',#9168,#7109,#7110);
#6350=AXIS2_PLACEMENT_3D('',#9169,#7111,#7112);
#6351=AXIS2_PLACEMENT_3D('',#9171,#7113,#7114);
#6352=AXIS2_PLACEMENT_3D('',#9174,#7116,#7117);
#6353=AXIS2_PLACEMENT_3D('',#9175,#7118,#7119);
#6354=AXIS2_PLACEMENT_3D('',#9177,#7120,#7121);
#6355=AXIS2_PLACEMENT_3D('',#9178,#7122,#7123);
#6356=AXIS2_PLACEMENT_3D('',#9180,#7124,#7125);
#6357=AXIS2_PLACEMENT_3D('',#9183,#7127,#7128);
#6358=AXIS2_PLACEMENT_3D('',#9184,#7129,#7130);
#6359=AXIS2_PLACEMENT_3D('',#9186,#7131,#7132);
#6360=AXIS2_PLACEMENT_3D('',#9187,#7133,#7134);
#6361=AXIS2_PLACEMENT_3D('',#9189,#7135,#7136);
#6362=AXIS2_PLACEMENT_3D('',#9190,#7137,#7138);
#6363=AXIS2_PLACEMENT_3D('',#9210,#7139,#7140);
#6364=AXIS2_PLACEMENT_3D('',#9289,#7141,#7142);
#6365=AXIS2_PLACEMENT_3D('',#9363,#7143,#7144);
#6366=AXIS2_PLACEMENT_3D('',#9376,#7145,#7146);
#6367=AXIS2_PLACEMENT_3D('',#9385,#7151,#7152);
#6368=AXIS2_PLACEMENT_3D('',#9388,#7154,#7155);
#6369=AXIS2_PLACEMENT_3D('',#9389,#7156,#7157);
#6370=AXIS2_PLACEMENT_3D('',#9392,#7159,#7160);
#6371=AXIS2_PLACEMENT_3D('',#9393,#7161,#7162);
#6372=AXIS2_PLACEMENT_3D('',#9396,#7164,#7165);
#6373=AXIS2_PLACEMENT_3D('',#9397,#7166,#7167);
#6374=AXIS2_PLACEMENT_3D('',#9400,#7169,#7170);
#6375=AXIS2_PLACEMENT_3D('',#9401,#7171,#7172);
#6376=AXIS2_PLACEMENT_3D('',#9410,#7177,#7178);
#6377=AXIS2_PLACEMENT_3D('',#9412,#7179,#7180);
#6378=AXIS2_PLACEMENT_3D('',#9415,#7182,#7183);
#6379=AXIS2_PLACEMENT_3D('',#9416,#7184,#7185);
#6380=AXIS2_PLACEMENT_3D('',#9422,#7189,#7190);
#6381=AXIS2_PLACEMENT_3D('',#9424,#7191,#7192);
#6382=AXIS2_PLACEMENT_3D('',#9427,#7194,#7195);
#6383=AXIS2_PLACEMENT_3D('',#9428,#7196,#7197);
#6384=AXIS2_PLACEMENT_3D('',#9434,#7201,#7202);
#6385=AXIS2_PLACEMENT_3D('',#9436,#7203,#7204);
#6386=AXIS2_PLACEMENT_3D('',#9439,#7206,#7207);
#6387=AXIS2_PLACEMENT_3D('',#9440,#7208,#7209);
#6388=AXIS2_PLACEMENT_3D('',#9446,#7213,#7214);
#6389=AXIS2_PLACEMENT_3D('',#9447,#7215,#7216);
#6390=AXIS2_PLACEMENT_3D('',#9448,#7217,#7218);
#6391=AXIS2_PLACEMENT_3D('',#9449,#7219,#7220);
#6392=AXIS2_PLACEMENT_3D('',#9458,#7225,#7226);
#6393=AXIS2_PLACEMENT_3D('',#9464,#7230,#7231);
#6394=AXIS2_PLACEMENT_3D('',#9468,#7234,#7235);
#6395=AXIS2_PLACEMENT_3D('',#9472,#7238,#7239);
#6396=AXIS2_PLACEMENT_3D('',#9482,#7245,#7246);
#6397=AXIS2_PLACEMENT_3D('',#9484,#7247,#7248);
#6398=AXIS2_PLACEMENT_3D('',#9485,#7249,#7250);
#6399=AXIS2_PLACEMENT_3D('',#9487,#7251,#7252);
#6400=AXIS2_PLACEMENT_3D('',#9488,#7253,#7254);
#6401=AXIS2_PLACEMENT_3D('',#9490,#7255,#7256);
#6402=AXIS2_PLACEMENT_3D('',#9491,#7257,#7258);
#6403=AXIS2_PLACEMENT_3D('',#9497,#7262,#7263);
#6404=AXIS2_PLACEMENT_3D('',#9501,#7266,#7267);
#6405=AXIS2_PLACEMENT_3D('',#9505,#7270,#7271);
#6406=AXIS2_PLACEMENT_3D('',#9507,#7273,#7274);
#6407=AXIS2_PLACEMENT_3D('',#9513,#7278,#7279);
#6408=AXIS2_PLACEMENT_3D('',#9517,#7282,#7283);
#6409=AXIS2_PLACEMENT_3D('',#9521,#7286,#7287);
#6410=AXIS2_PLACEMENT_3D('',#9523,#7289,#7290);
#6411=AXIS2_PLACEMENT_3D('',#9526,#7292,#7293);
#6412=AXIS2_PLACEMENT_3D('',#9527,#7294,#7295);
#6413=AXIS2_PLACEMENT_3D('',#9530,#7297,#7298);
#6414=AXIS2_PLACEMENT_3D('',#9531,#7299,#7300);
#6415=AXIS2_PLACEMENT_3D('',#9534,#7302,#7303);
#6416=AXIS2_PLACEMENT_3D('',#9535,#7304,#7305);
#6417=AXIS2_PLACEMENT_3D('',#9537,#7306,#7307);
#6418=AXIS2_PLACEMENT_3D('',#9538,#7308,#7309);
#6419=AXIS2_PLACEMENT_3D('',#9541,#7311,#7312);
#6420=AXIS2_PLACEMENT_3D('',#9542,#7313,#7314);
#6421=AXIS2_PLACEMENT_3D('',#9551,#7319,#7320);
#6422=AXIS2_PLACEMENT_3D('',#9553,#7321,#7322);
#6423=AXIS2_PLACEMENT_3D('',#9556,#7324,#7325);
#6424=AXIS2_PLACEMENT_3D('',#9557,#7326,#7327);
#6425=AXIS2_PLACEMENT_3D('',#9566,#7332,#7333);
#6426=AXIS2_PLACEMENT_3D('',#9568,#7334,#7335);
#6427=AXIS2_PLACEMENT_3D('',#9570,#7336,#7337);
#6428=AXIS2_PLACEMENT_3D('',#9572,#7339,#7340);
#6429=AXIS2_PLACEMENT_3D('',#9574,#7341,#7342);
#6430=AXIS2_PLACEMENT_3D('',#9577,#7344,#7345);
#6431=AXIS2_PLACEMENT_3D('',#9579,#7346,#7347);
#6432=AXIS2_PLACEMENT_3D('',#9582,#7349,#7350);
#6433=AXIS2_PLACEMENT_3D('',#9608,#7363,#7364);
#6434=AXIS2_PLACEMENT_3D('',#9609,#7365,#7366);
#6435=AXIS2_PLACEMENT_3D('',#9611,#7367,#7368);
#6436=AXIS2_PLACEMENT_3D('',#9614,#7370,#7371);
#6437=AXIS2_PLACEMENT_3D('',#9615,#7372,#7373);
#6438=AXIS2_PLACEMENT_3D('',#9617,#7374,#7375);
#6439=AXIS2_PLACEMENT_3D('',#9618,#7376,#7377);
#6440=AXIS2_PLACEMENT_3D('',#9620,#7378,#7379);
#6441=AXIS2_PLACEMENT_3D('',#9623,#7381,#7382);
#6442=AXIS2_PLACEMENT_3D('',#9624,#7383,#7384);
#6443=AXIS2_PLACEMENT_3D('',#9626,#7385,#7386);
#6444=AXIS2_PLACEMENT_3D('',#9627,#7387,#7388);
#6445=AXIS2_PLACEMENT_3D('',#9629,#7389,#7390);
#6446=AXIS2_PLACEMENT_3D('',#9632,#7392,#7393);
#6447=AXIS2_PLACEMENT_3D('',#9633,#7394,#7395);
#6448=AXIS2_PLACEMENT_3D('',#9635,#7396,#7397);
#6449=AXIS2_PLACEMENT_3D('',#9636,#7398,#7399);
#6450=AXIS2_PLACEMENT_3D('',#9638,#7400,#7401);
#6451=AXIS2_PLACEMENT_3D('',#9641,#7403,#7404);
#6452=AXIS2_PLACEMENT_3D('',#9642,#7405,#7406);
#6453=AXIS2_PLACEMENT_3D('',#9644,#7407,#7408);
#6454=AXIS2_PLACEMENT_3D('',#9645,#7409,#7410);
#6455=AXIS2_PLACEMENT_3D('',#9647,#7411,#7412);
#6456=AXIS2_PLACEMENT_3D('',#9648,#7413,#7414);
#6457=AXIS2_PLACEMENT_3D('',#9650,#7415,#7416);
#6458=AXIS2_PLACEMENT_3D('',#9651,#7417,#7418);
#6459=AXIS2_PLACEMENT_3D('',#9653,#7419,#7420);
#6460=AXIS2_PLACEMENT_3D('',#9654,#7421,#7422);
#6461=AXIS2_PLACEMENT_3D('',#9656,#7423,#7424);
#6462=AXIS2_PLACEMENT_3D('',#9657,#7425,#7426);
#6463=AXIS2_PLACEMENT_3D('',#9660,#7428,#7429);
#6464=AXIS2_PLACEMENT_3D('',#9661,#7430,#7431);
#6465=AXIS2_PLACEMENT_3D('',#9665,#7433,#7434);
#6466=AXIS2_PLACEMENT_3D('',#9667,#7436,#7437);
#6467=AXIS2_PLACEMENT_3D('',#9671,#7440,#7441);
#6468=AXIS2_PLACEMENT_3D('',#9675,#7443,#7444);
#6469=AXIS2_PLACEMENT_3D('',#9679,#7446,#7447);
#6470=AXIS2_PLACEMENT_3D('',#9682,#7449,#7450);
#6471=AXIS2_PLACEMENT_3D('',#9731,#7475,#7476);
#6472=AXIS2_PLACEMENT_3D('',#9733,#7478,#7479);
#6473=AXIS2_PLACEMENT_3D('',#9735,#7481,#7482);
#6474=AXIS2_PLACEMENT_3D('',#9737,#7484,#7485);
#6475=AXIS2_PLACEMENT_3D('',#9739,#7487,#7488);
#6476=AXIS2_PLACEMENT_3D('',#9741,#7490,#7491);
#6477=AXIS2_PLACEMENT_3D('',#9742,#7492,#7493);
#6478=AXIS2_PLACEMENT_3D('',#9744,#7495,#7496);
#6479=AXIS2_PLACEMENT_3D('',#9746,#7498,#7499);
#6480=AXIS2_PLACEMENT_3D('',#9748,#7501,#7502);
#6481=AXIS2_PLACEMENT_3D('',#9750,#7504,#7505);
#6482=AXIS2_PLACEMENT_3D('',#9759,#7510,#7511);
#6483=AXIS2_PLACEMENT_3D('',#9768,#7516,#7517);
#6484=AXIS2_PLACEMENT_3D('',#9777,#7522,#7523);
#6485=AXIS2_PLACEMENT_3D('',#9780,#7526,#7527);
#6486=AXIS2_PLACEMENT_3D('',#9783,#7530,#7531);
#6487=AXIS2_PLACEMENT_3D('',#9786,#7534,#7535);
#6488=AXIS2_PLACEMENT_3D('',#9790,#7539,#7540);
#6489=AXIS2_PLACEMENT_3D('',#9792,#7542,#7543);
#6490=AXIS2_PLACEMENT_3D('',#9795,#7546,#7547);
#6491=AXIS2_PLACEMENT_3D('',#9799,#7551,#7552);
#6492=AXIS2_PLACEMENT_3D('',#9801,#7554,#7555);
#6493=AXIS2_PLACEMENT_3D('',#9804,#7558,#7559);
#6494=AXIS2_PLACEMENT_3D('',#9807,#7562,#7563);
#6495=AXIS2_PLACEMENT_3D('',#9810,#7566,#7567);
#6496=AXIS2_PLACEMENT_3D('',#9813,#7570,#7571);
#6497=AXIS2_PLACEMENT_3D('',#9814,#7572,#7573);
#6498=AXIS2_PLACEMENT_3D('',#9815,#7574,#7575);
#6499=AXIS2_PLACEMENT_3D('',#9816,#7576,#7577);
#6500=AXIS2_PLACEMENT_3D('',#9817,#7578,#7579);
#6501=AXIS2_PLACEMENT_3D('',#9818,#7580,#7581);
#6502=AXIS2_PLACEMENT_3D('',#9819,#7582,#7583);
#6503=AXIS2_PLACEMENT_3D('',#9820,#7584,#7585);
#6504=AXIS2_PLACEMENT_3D('',#9829,#7590,#7591);
#6505=AXIS2_PLACEMENT_3D('',#9835,#7595,#7596);
#6506=AXIS2_PLACEMENT_3D('',#9844,#7601,#7602);
#6507=AXIS2_PLACEMENT_3D('',#9850,#7606,#7607);
#6508=AXIS2_PLACEMENT_3D('',#9856,#7611,#7612);
#6509=AXIS2_PLACEMENT_3D('',#9859,#7615,#7616);
#6510=AXIS2_PLACEMENT_3D('',#9862,#7619,#7620);
#6511=AXIS2_PLACEMENT_3D('',#9871,#7625,#7626);
#6512=AXIS2_PLACEMENT_3D('',#9877,#7630,#7631);
#6513=AXIS2_PLACEMENT_3D('',#9883,#7635,#7636);
#6514=AXIS2_PLACEMENT_3D('',#9889,#7640,#7641);
#6515=AXIS2_PLACEMENT_3D('',#9895,#7645,#7646);
#6516=AXIS2_PLACEMENT_3D('',#9901,#7650,#7651);
#6517=AXIS2_PLACEMENT_3D('',#9907,#7655,#7656);
#6518=AXIS2_PLACEMENT_3D('',#9910,#7659,#7660);
#6519=AXIS2_PLACEMENT_3D('',#9919,#7665,#7666);
#6520=AXIS2_PLACEMENT_3D('',#9925,#7670,#7671);
#6521=AXIS2_PLACEMENT_3D('',#9931,#7675,#7676);
#6522=AXIS2_PLACEMENT_3D('',#9937,#7680,#7681);
#6523=AXIS2_PLACEMENT_3D('',#9943,#7685,#7686);
#6524=AXIS2_PLACEMENT_3D('',#9949,#7690,#7691);
#6525=AXIS2_PLACEMENT_3D('',#9955,#7695,#7696);
#6526=AXIS2_PLACEMENT_3D('',#9958,#7699,#7700);
#6527=AXIS2_PLACEMENT_3D('',#9960,#7701,#7702);
#6528=AXIS2_PLACEMENT_3D('',#9963,#7704,#7705);
#6529=AXIS2_PLACEMENT_3D('',#9964,#7706,#7707);
#6530=AXIS2_PLACEMENT_3D('',#9973,#7712,#7713);
#6531=AXIS2_PLACEMENT_3D('',#9979,#7717,#7718);
#6532=AXIS2_PLACEMENT_3D('',#9988,#7723,#7724);
#6533=AXIS2_PLACEMENT_3D('',#9991,#7727,#7728);
#6534=AXIS2_PLACEMENT_3D('',#10000,#7733,#7734);
#6535=AXIS2_PLACEMENT_3D('',#10003,#7737,#7738);
#6536=AXIS2_PLACEMENT_3D('',#10009,#7742,#7743);
#6537=AXIS2_PLACEMENT_3D('',#10012,#7746,#7747);
#6538=AXIS2_PLACEMENT_3D('',#10021,#7752,#7753);
#6539=AXIS2_PLACEMENT_3D('',#10027,#7757,#7758);
#6540=AXIS2_PLACEMENT_3D('',#10033,#7762,#7763);
#6541=AXIS2_PLACEMENT_3D('',#10039,#7767,#7768);
#6542=AXIS2_PLACEMENT_3D('',#10045,#7772,#7773);
#6543=AXIS2_PLACEMENT_3D('',#10051,#7777,#7778);
#6544=AXIS2_PLACEMENT_3D('',#10057,#7782,#7783);
#6545=AXIS2_PLACEMENT_3D('',#10060,#7786,#7787);
#6546=AXIS2_PLACEMENT_3D('',#10069,#7792,#7793);
#6547=AXIS2_PLACEMENT_3D('',#10075,#7797,#7798);
#6548=AXIS2_PLACEMENT_3D('',#10081,#7802,#7803);
#6549=AXIS2_PLACEMENT_3D('',#10087,#7807,#7808);
#6550=AXIS2_PLACEMENT_3D('',#10093,#7812,#7813);
#6551=AXIS2_PLACEMENT_3D('',#10099,#7817,#7818);
#6552=AXIS2_PLACEMENT_3D('',#10105,#7822,#7823);
#6553=AXIS2_PLACEMENT_3D('',#10107,#7825,#7826);
#6554=AXIS2_PLACEMENT_3D('',#10109,#7828,#7829);
#6555=AXIS2_PLACEMENT_3D('',#10110,#7830,#7831);
#6556=AXIS2_PLACEMENT_3D('',#10111,#7832,#7833);
#6557=AXIS2_PLACEMENT_3D('',#10120,#7838,#7839);
#6558=AXIS2_PLACEMENT_3D('',#10126,#7843,#7844);
#6559=AXIS2_PLACEMENT_3D('',#10132,#7848,#7849);
#6560=AXIS2_PLACEMENT_3D('',#10135,#7852,#7853);
#6561=AXIS2_PLACEMENT_3D('',#10136,#7854,#7855);
#6562=AXIS2_PLACEMENT_3D('',#10137,#7856,#7857);
#6563=AXIS2_PLACEMENT_3D('',#10138,#7858,#7859);
#6564=AXIS2_PLACEMENT_3D('',#10147,#7864,#7865);
#6565=AXIS2_PLACEMENT_3D('',#10153,#7869,#7870);
#6566=AXIS2_PLACEMENT_3D('',#10159,#7874,#7875);
#6567=AXIS2_PLACEMENT_3D('',#10161,#7876,#7877);
#6568=AXIS2_PLACEMENT_3D('',#10163,#7878,#7879);
#6569=AXIS2_PLACEMENT_3D('',#10165,#7881,#7882);
#6570=AXIS2_PLACEMENT_3D('',#10171,#7886,#7887);
#6571=AXIS2_PLACEMENT_3D('',#10172,#7888,#7889);
#6572=AXIS2_PLACEMENT_3D('',#10173,#7890,#7891);
#6573=AXIS2_PLACEMENT_3D('',#10174,#7892,#7893);
#6574=AXIS2_PLACEMENT_3D('',#10175,#7894,#7895);
#6575=AXIS2_PLACEMENT_3D('',#10184,#7900,#7901);
#6576=AXIS2_PLACEMENT_3D('',#10190,#7905,#7906);
#6577=AXIS2_PLACEMENT_3D('',#10193,#7909,#7910);
#6578=AXIS2_PLACEMENT_3D('',#10194,#7911,#7912);
#6579=AXIS2_PLACEMENT_3D('',#10196,#7913,#7914);
#6580=AXIS2_PLACEMENT_3D('',#10199,#7916,#7917);
#6581=AXIS2_PLACEMENT_3D('',#10200,#7918,#7919);
#6582=AXIS2_PLACEMENT_3D('',#10202,#7920,#7921);
#6583=AXIS2_PLACEMENT_3D('',#10205,#7923,#7924);
#6584=AXIS2_PLACEMENT_3D('',#10206,#7925,#7926);
#6585=AXIS2_PLACEMENT_3D('',#10215,#7931,#7932);
#6586=AXIS2_PLACEMENT_3D('',#10221,#7936,#7937);
#6587=AXIS2_PLACEMENT_3D('',#10234,#7944,#7945);
#6588=AXIS2_PLACEMENT_3D('',#10235,#7946,#7947);
#6589=AXIS2_PLACEMENT_3D('',#10239,#7950,#7951);
#6590=AXIS2_PLACEMENT_3D('',#10243,#7954,#7955);
#6591=AXIS2_PLACEMENT_3D('',#10249,#7959,#7960);
#6592=AXIS2_PLACEMENT_3D('',#10251,#7962,#7963);
#6593=AXIS2_PLACEMENT_3D('',#10255,#7966,#7967);
#6594=AXIS2_PLACEMENT_3D('',#10258,#7969,#7970);
#6595=AXIS2_PLACEMENT_3D('',#10259,#7971,#7972);
#6596=AXIS2_PLACEMENT_3D('',#10260,#7973,#7974);
#6597=AXIS2_PLACEMENT_3D('',#10269,#7979,#7980);
#6598=AXIS2_PLACEMENT_3D('',#10275,#7984,#7985);
#6599=AXIS2_PLACEMENT_3D('',#10281,#7989,#7990);
#6600=AXIS2_PLACEMENT_3D('',#10284,#7993,#7994);
#6601=AXIS2_PLACEMENT_3D('',#10285,#7995,#7996);
#6602=AXIS2_PLACEMENT_3D('',#10287,#7998,#7999);
#6603=AXIS2_PLACEMENT_3D('',#10288,#8000,#8001);
#6604=AXIS2_PLACEMENT_3D('',#10289,#8002,#8003);
#6605=AXIS2_PLACEMENT_3D('',#10298,#8008,#8009);
#6606=AXIS2_PLACEMENT_3D('',#10304,#8013,#8014);
#6607=AXIS2_PLACEMENT_3D('',#10310,#8018,#8019);
#6608=AXIS2_PLACEMENT_3D('',#10316,#8023,#8024);
#6609=AXIS2_PLACEMENT_3D('',#10319,#8027,#8028);
#6610=AXIS2_PLACEMENT_3D('',#10320,#8029,#8030);
#6611=AXIS2_PLACEMENT_3D('',#10323,#8031,#8032);
#6612=AXIS2_PLACEMENT_3D('',#10327,#8034,#8035);
#6613=AXIS2_PLACEMENT_3D('',#10329,#8037,#8038);
#6614=AXIS2_PLACEMENT_3D('',#10335,#8042,#8043);
#6615=AXIS2_PLACEMENT_3D('',#10337,#8044,#8045);
#6616=AXIS2_PLACEMENT_3D('',#10339,#8046,#8047);
#6617=AXIS2_PLACEMENT_3D('',#10341,#8049,#8050);
#6618=AXIS2_PLACEMENT_3D('',#10345,#8054,#8055);
#6619=AXIS2_PLACEMENT_3D('',#10348,#8058,#8059);
#6620=AXIS2_PLACEMENT_3D('',#10349,#8060,#8061);
#6621=AXIS2_PLACEMENT_3D('',#10351,#8062,#8063);
#6622=AXIS2_PLACEMENT_3D('',#10354,#8065,#8066);
#6623=AXIS2_PLACEMENT_3D('',#10355,#8067,#8068);
#6624=AXIS2_PLACEMENT_3D('',#10357,#8069,#8070);
#6625=AXIS2_PLACEMENT_3D('',#10360,#8072,#8073);
#6626=AXIS2_PLACEMENT_3D('',#10361,#8074,#8075);
#6627=AXIS2_PLACEMENT_3D('',#10370,#8080,#8081);
#6628=AXIS2_PLACEMENT_3D('',#10376,#8085,#8086);
#6629=AXIS2_PLACEMENT_3D('',#10389,#8093,#8094);
#6630=AXIS2_PLACEMENT_3D('',#10390,#8095,#8096);
#6631=AXIS2_PLACEMENT_3D('',#10394,#8099,#8100);
#6632=AXIS2_PLACEMENT_3D('',#10398,#8103,#8104);
#6633=AXIS2_PLACEMENT_3D('',#10404,#8108,#8109);
#6634=AXIS2_PLACEMENT_3D('',#10406,#8111,#8112);
#6635=AXIS2_PLACEMENT_3D('',#10410,#8115,#8116);
#6636=AXIS2_PLACEMENT_3D('',#10413,#8118,#8119);
#6637=AXIS2_PLACEMENT_3D('',#10414,#8120,#8121);
#6638=AXIS2_PLACEMENT_3D('',#10415,#8122,#8123);
#6639=AXIS2_PLACEMENT_3D('',#10424,#8128,#8129);
#6640=AXIS2_PLACEMENT_3D('',#10430,#8133,#8134);
#6641=AXIS2_PLACEMENT_3D('',#10436,#8138,#8139);
#6642=AXIS2_PLACEMENT_3D('',#10439,#8142,#8143);
#6643=AXIS2_PLACEMENT_3D('',#10440,#8144,#8145);
#6644=AXIS2_PLACEMENT_3D('',#10442,#8147,#8148);
#6645=AXIS2_PLACEMENT_3D('',#10443,#8149,#8150);
#6646=AXIS2_PLACEMENT_3D('',#10444,#8151,#8152);
#6647=AXIS2_PLACEMENT_3D('',#10445,#8153,#8154);
#6648=AXIS2_PLACEMENT_3D('',#10446,#8155,#8156);
#6649=AXIS2_PLACEMENT_3D('',#10447,#8157,#8158);
#6650=AXIS2_PLACEMENT_3D('',#10448,#8159,#8160);
#6651=AXIS2_PLACEMENT_3D('',#10449,#8161,#8162);
#6652=AXIS2_PLACEMENT_3D('',#10450,#8163,#8164);
#6653=DIRECTION('axis',(0.,0.,1.));
#6654=DIRECTION('refdir',(1.,0.,0.));
#6655=DIRECTION('axis',(0.,0.,1.));
#6656=DIRECTION('refdir',(1.,0.,0.));
#6657=DIRECTION('center_axis',(0.,1.,0.));
#6658=DIRECTION('ref_axis',(0.,0.,1.));
#6659=DIRECTION('',(-2.77555756156289E-16,0.,-1.));
#6660=DIRECTION('',(1.,0.,0.));
#6661=DIRECTION('',(0.,0.,-1.));
#6662=DIRECTION('',(1.,0.,0.));
#6663=DIRECTION('center_axis',(0.,0.,1.));
#6664=DIRECTION('ref_axis',(0.,-1.,0.));
#6665=DIRECTION('',(0.,1.,0.));
#6666=DIRECTION('',(1.,0.,0.));
#6667=DIRECTION('',(0.,1.,0.));
#6668=DIRECTION('center_axis',(0.,0.,-1.));
#6669=DIRECTION('ref_axis',(0.,1.,0.));
#6670=DIRECTION('',(0.,-1.,0.));
#6671=DIRECTION('',(0.,-1.,0.));
#6672=DIRECTION('',(1.,0.,0.));
#6673=DIRECTION('center_axis',(0.,-1.,0.));
#6674=DIRECTION('ref_axis',(0.,0.,-1.));
#6675=DIRECTION('',(2.77555756156289E-16,0.,1.));
#6676=DIRECTION('',(0.,0.,1.));
#6677=DIRECTION('center_axis',(0.,1.,0.));
#6678=DIRECTION('ref_axis',(0.,0.,1.));
#6679=DIRECTION('',(0.,0.,1.));
#6680=DIRECTION('',(1.,0.,0.));
#6681=DIRECTION('',(0.,0.,1.));
#6682=DIRECTION('',(1.,0.,0.));
#6683=DIRECTION('center_axis',(0.,0.,-1.));
#6684=DIRECTION('ref_axis',(0.,1.,0.));
#6685=DIRECTION('',(0.,1.,0.));
#6686=DIRECTION('',(1.,0.,0.));
#6687=DIRECTION('',(0.,1.,0.));
#6688=DIRECTION('center_axis',(0.,0.,1.));
#6689=DIRECTION('ref_axis',(0.,-1.,0.));
#6690=DIRECTION('',(0.,-1.,0.));
#6691=DIRECTION('',(0.,-1.,0.));
#6692=DIRECTION('',(1.,0.,0.));
#6693=DIRECTION('center_axis',(1.,0.,0.));
#6694=DIRECTION('ref_axis',(0.,0.,-1.));
#6695=DIRECTION('',(0.,0.,-1.));
#6696=DIRECTION('center_axis',(0.,1.,0.));
#6697=DIRECTION('ref_axis',(1.,0.,0.));
#6698=DIRECTION('center_axis',(0.,1.,0.));
#6699=DIRECTION('ref_axis',(1.,0.,0.));
#6700=DIRECTION('',(0.,1.,0.));
#6701=DIRECTION('center_axis',(0.,1.,0.));
#6702=DIRECTION('ref_axis',(1.,0.,0.));
#6703=DIRECTION('center_axis',(0.,-1.,0.));
#6704=DIRECTION('ref_axis',(0.,0.,-1.));
#6705=DIRECTION('center_axis',(0.,-1.,0.));
#6706=DIRECTION('ref_axis',(-1.,0.,0.));
#6707=DIRECTION('center_axis',(0.,1.,0.));
#6708=DIRECTION('ref_axis',(1.,0.,0.));
#6709=DIRECTION('center_axis',(0.,1.,0.));
#6710=DIRECTION('ref_axis',(1.,0.,0.));
#6711=DIRECTION('',(0.,1.,0.));
#6712=DIRECTION('center_axis',(0.,1.,0.));
#6713=DIRECTION('ref_axis',(1.,0.,0.));
#6714=DIRECTION('center_axis',(0.,-1.,0.));
#6715=DIRECTION('ref_axis',(0.,0.,-1.));
#6716=DIRECTION('center_axis',(0.,-1.,0.));
#6717=DIRECTION('ref_axis',(-1.,0.,0.));
#6718=DIRECTION('center_axis',(0.,1.,0.));
#6719=DIRECTION('ref_axis',(1.,0.,0.));
#6720=DIRECTION('center_axis',(0.,1.,0.));
#6721=DIRECTION('ref_axis',(1.,0.,0.));
#6722=DIRECTION('',(0.,1.,0.));
#6723=DIRECTION('center_axis',(0.,1.,0.));
#6724=DIRECTION('ref_axis',(1.,0.,0.));
#6725=DIRECTION('center_axis',(0.,-1.,0.));
#6726=DIRECTION('ref_axis',(0.,0.,-1.));
#6727=DIRECTION('center_axis',(0.,-1.,0.));
#6728=DIRECTION('ref_axis',(-1.,0.,0.));
#6729=DIRECTION('center_axis',(0.,1.,0.));
#6730=DIRECTION('ref_axis',(1.,0.,0.));
#6731=DIRECTION('center_axis',(0.,1.,0.));
#6732=DIRECTION('ref_axis',(1.,0.,0.));
#6733=DIRECTION('',(0.,1.,0.));
#6734=DIRECTION('center_axis',(0.,1.,0.));
#6735=DIRECTION('ref_axis',(1.,0.,0.));
#6736=DIRECTION('center_axis',(0.,-1.,0.));
#6737=DIRECTION('ref_axis',(0.,0.,-1.));
#6738=DIRECTION('center_axis',(0.,-1.,0.));
#6739=DIRECTION('ref_axis',(-1.,0.,0.));
#6740=DIRECTION('center_axis',(0.,-1.,0.));
#6741=DIRECTION('ref_axis',(1.,0.,0.));
#6742=DIRECTION('center_axis',(0.,-1.,0.));
#6743=DIRECTION('ref_axis',(1.,0.,0.));
#6744=DIRECTION('',(0.,-1.,0.));
#6745=DIRECTION('center_axis',(0.,-1.,0.));
#6746=DIRECTION('ref_axis',(1.,0.,0.));
#6747=DIRECTION('center_axis',(0.,1.,0.));
#6748=DIRECTION('ref_axis',(0.,0.,1.));
#6749=DIRECTION('center_axis',(0.,1.,0.));
#6750=DIRECTION('ref_axis',(-1.,0.,0.));
#6751=DIRECTION('center_axis',(0.,-1.,0.));
#6752=DIRECTION('ref_axis',(1.,0.,0.));
#6753=DIRECTION('center_axis',(0.,-1.,0.));
#6754=DIRECTION('ref_axis',(1.,0.,0.));
#6755=DIRECTION('',(0.,-1.,0.));
#6756=DIRECTION('center_axis',(0.,-1.,0.));
#6757=DIRECTION('ref_axis',(1.,0.,0.));
#6758=DIRECTION('center_axis',(0.,1.,0.));
#6759=DIRECTION('ref_axis',(0.,0.,1.));
#6760=DIRECTION('center_axis',(0.,1.,0.));
#6761=DIRECTION('ref_axis',(-1.,0.,0.));
#6762=DIRECTION('center_axis',(0.,-1.,0.));
#6763=DIRECTION('ref_axis',(1.,0.,0.));
#6764=DIRECTION('center_axis',(0.,-1.,0.));
#6765=DIRECTION('ref_axis',(1.,0.,0.));
#6766=DIRECTION('',(0.,-1.,0.));
#6767=DIRECTION('center_axis',(0.,-1.,0.));
#6768=DIRECTION('ref_axis',(1.,0.,0.));
#6769=DIRECTION('center_axis',(0.,1.,0.));
#6770=DIRECTION('ref_axis',(0.,0.,1.));
#6771=DIRECTION('center_axis',(0.,1.,0.));
#6772=DIRECTION('ref_axis',(-1.,0.,0.));
#6773=DIRECTION('center_axis',(0.,-1.,0.));
#6774=DIRECTION('ref_axis',(1.,0.,0.));
#6775=DIRECTION('center_axis',(0.,-1.,0.));
#6776=DIRECTION('ref_axis',(1.,0.,0.));
#6777=DIRECTION('',(0.,-1.,0.));
#6778=DIRECTION('center_axis',(0.,-1.,0.));
#6779=DIRECTION('ref_axis',(1.,0.,0.));
#6780=DIRECTION('center_axis',(0.,1.,0.));
#6781=DIRECTION('ref_axis',(0.,0.,1.));
#6782=DIRECTION('center_axis',(0.,1.,0.));
#6783=DIRECTION('ref_axis',(-1.,0.,0.));
#6784=DIRECTION('',(0.,1.,0.));
#6785=DIRECTION('',(0.,1.,0.));
#6786=DIRECTION('',(0.,1.,0.));
#6787=DIRECTION('',(0.,1.,0.));
#6788=DIRECTION('',(0.,1.,0.));
#6789=DIRECTION('',(0.,1.,0.));
#6790=DIRECTION('',(0.,1.,0.));
#6791=DIRECTION('',(0.,1.,0.));
#6792=DIRECTION('center_axis',(0.,0.,-1.));
#6793=DIRECTION('ref_axis',(-1.,0.,0.));
#6794=DIRECTION('',(-1.,0.,0.));
#6795=DIRECTION('',(0.,1.,0.));
#6796=DIRECTION('',(-1.,0.,0.));
#6797=DIRECTION('center_axis',(1.,0.,0.));
#6798=DIRECTION('ref_axis',(0.,0.,-1.));
#6799=DIRECTION('',(0.,0.,-1.));
#6800=DIRECTION('',(0.,1.,0.));
#6801=DIRECTION('',(0.,0.,-1.));
#6802=DIRECTION('',(0.,1.,0.));
#6803=DIRECTION('',(0.,1.,0.));
#6804=DIRECTION('',(0.,1.,0.));
#6805=DIRECTION('',(0.,1.,0.));
#6806=DIRECTION('',(0.,1.,0.));
#6807=DIRECTION('',(0.,1.,0.));
#6808=DIRECTION('',(0.,1.,0.));
#6809=DIRECTION('',(0.,1.,0.));
#6810=DIRECTION('center_axis',(0.,0.,1.));
#6811=DIRECTION('ref_axis',(1.,0.,0.));
#6812=DIRECTION('',(1.,0.,0.));
#6813=DIRECTION('',(0.,1.,0.));
#6814=DIRECTION('',(1.,0.,0.));
#6815=DIRECTION('center_axis',(-1.,0.,0.));
#6816=DIRECTION('ref_axis',(0.,0.,1.));
#6817=DIRECTION('',(0.,0.,1.));
#6818=DIRECTION('',(0.,1.,0.));
#6819=DIRECTION('',(0.,0.,1.));
#6820=DIRECTION('center_axis',(0.,1.,0.));
#6821=DIRECTION('ref_axis',(0.,0.,1.));
#6822=DIRECTION('',(0.,1.,0.));
#6823=DIRECTION('',(0.,1.,0.));
#6824=DIRECTION('center_axis',(0.,0.,1.));
#6825=DIRECTION('ref_axis',(1.,0.,0.));
#6826=DIRECTION('',(-1.,0.,0.));
#6827=DIRECTION('',(-1.,0.,0.));
#6828=DIRECTION('',(0.,1.,0.));
#6829=DIRECTION('center_axis',(-1.,0.,0.));
#6830=DIRECTION('ref_axis',(0.,0.,1.));
#6831=DIRECTION('',(0.,0.,-1.));
#6832=DIRECTION('',(0.,0.,-1.));
#6833=DIRECTION('',(0.,1.,0.));
#6834=DIRECTION('center_axis',(0.,0.,-1.));
#6835=DIRECTION('ref_axis',(-1.,0.,0.));
#6836=DIRECTION('',(1.,0.,0.));
#6837=DIRECTION('',(1.,0.,0.));
#6838=DIRECTION('',(0.,1.,0.));
#6839=DIRECTION('',(0.,1.,0.));
#6840=DIRECTION('',(0.,1.,0.));
#6841=DIRECTION('',(0.,1.,0.));
#6842=DIRECTION('',(0.,1.,0.));
#6843=DIRECTION('center_axis',(0.,0.,1.));
#6844=DIRECTION('ref_axis',(1.,0.,0.));
#6845=DIRECTION('',(-1.,0.,0.));
#6846=DIRECTION('',(-1.,0.,0.));
#6847=DIRECTION('',(0.,1.,0.));
#6848=DIRECTION('center_axis',(-1.,0.,0.));
#6849=DIRECTION('ref_axis',(0.,0.,1.));
#6850=DIRECTION('',(0.,0.,-1.));
#6851=DIRECTION('',(0.,0.,-1.));
#6852=DIRECTION('',(0.,1.,0.));
#6853=DIRECTION('center_axis',(0.,0.,-1.));
#6854=DIRECTION('ref_axis',(-1.,0.,0.));
#6855=DIRECTION('',(1.,0.,0.));
#6856=DIRECTION('',(1.,0.,0.));
#6857=DIRECTION('',(0.,1.,0.));
#6858=DIRECTION('',(0.,1.,0.));
#6859=DIRECTION('',(0.,1.,0.));
#6860=DIRECTION('',(0.,1.,0.));
#6861=DIRECTION('',(0.,1.,0.));
#6862=DIRECTION('center_axis',(1.,0.,0.));
#6863=DIRECTION('ref_axis',(0.,0.,-1.));
#6864=DIRECTION('',(0.,0.,-1.));
#6865=DIRECTION('',(0.,1.,0.));
#6866=DIRECTION('',(0.,0.,-1.));
#6867=DIRECTION('',(0.,1.,0.));
#6868=DIRECTION('',(0.,1.,0.));
#6869=DIRECTION('',(0.,1.,0.));
#6870=DIRECTION('center_axis',(0.,0.,1.));
#6871=DIRECTION('ref_axis',(1.,0.,0.));
#6872=DIRECTION('',(1.,0.,0.));
#6873=DIRECTION('',(0.,1.,0.));
#6874=DIRECTION('',(1.,0.,0.));
#6875=DIRECTION('center_axis',(-1.,0.,0.));
#6876=DIRECTION('ref_axis',(0.,0.,1.));
#6877=DIRECTION('',(0.,0.,1.));
#6878=DIRECTION('',(0.,1.,0.));
#6879=DIRECTION('',(0.,0.,1.));
#6880=DIRECTION('center_axis',(0.,0.,-1.));
#6881=DIRECTION('ref_axis',(-1.,0.,0.));
#6882=DIRECTION('',(-1.,0.,0.));
#6883=DIRECTION('',(0.,1.,0.));
#6884=DIRECTION('',(-1.,0.,0.));
#6885=DIRECTION('',(0.,1.,0.));
#6886=DIRECTION('center_axis',(0.,-1.,0.));
#6887=DIRECTION('ref_axis',(0.,0.,-1.));
#6888=DIRECTION('center_axis',(1.,0.,0.));
#6889=DIRECTION('ref_axis',(0.,0.,-1.));
#6890=DIRECTION('',(0.,0.,-1.));
#6891=DIRECTION('',(0.,1.,0.));
#6892=DIRECTION('',(0.,0.,-1.));
#6893=DIRECTION('',(0.,1.,0.));
#6894=DIRECTION('center_axis',(0.,0.,1.));
#6895=DIRECTION('ref_axis',(1.,0.,0.));
#6896=DIRECTION('',(1.,0.,0.));
#6897=DIRECTION('',(0.,1.,0.));
#6898=DIRECTION('',(1.,0.,0.));
#6899=DIRECTION('center_axis',(-1.,0.,0.));
#6900=DIRECTION('ref_axis',(0.,0.,1.));
#6901=DIRECTION('',(0.,0.,1.));
#6902=DIRECTION('',(0.,1.,0.));
#6903=DIRECTION('',(0.,0.,1.));
#6904=DIRECTION('center_axis',(0.,0.,-1.));
#6905=DIRECTION('ref_axis',(-1.,0.,0.));
#6906=DIRECTION('',(-1.,0.,0.));
#6907=DIRECTION('',(-1.,0.,0.));
#6908=DIRECTION('center_axis',(0.,1.,0.));
#6909=DIRECTION('ref_axis',(0.,0.,1.));
#6910=DIRECTION('center_axis',(1.,0.,0.));
#6911=DIRECTION('ref_axis',(0.,0.,-1.));
#6912=DIRECTION('',(0.,0.,-1.));
#6913=DIRECTION('',(0.,1.,0.));
#6914=DIRECTION('',(0.,0.,-1.));
#6915=DIRECTION('',(0.,1.,0.));
#6916=DIRECTION('center_axis',(0.,0.,1.));
#6917=DIRECTION('ref_axis',(1.,0.,0.));
#6918=DIRECTION('',(1.,0.,0.));
#6919=DIRECTION('',(0.,1.,0.));
#6920=DIRECTION('',(1.,0.,0.));
#6921=DIRECTION('center_axis',(-1.,0.,0.));
#6922=DIRECTION('ref_axis',(0.,0.,1.));
#6923=DIRECTION('',(0.,0.,1.));
#6924=DIRECTION('',(0.,1.,0.));
#6925=DIRECTION('',(0.,0.,1.));
#6926=DIRECTION('center_axis',(0.,0.,-1.));
#6927=DIRECTION('ref_axis',(-1.,0.,0.));
#6928=DIRECTION('',(-1.,0.,0.));
#6929=DIRECTION('',(-1.,0.,0.));
#6930=DIRECTION('center_axis',(0.,1.,0.));
#6931=DIRECTION('ref_axis',(0.,0.,1.));
#6932=DIRECTION('center_axis',(0.,1.,0.));
#6933=DIRECTION('ref_axis',(0.,0.,1.));
#6934=DIRECTION('center_axis',(0.,1.,0.));
#6935=DIRECTION('ref_axis',(0.707106781186548,0.,-0.707106781186547));
#6936=DIRECTION('',(2.77555756156289E-16,0.,1.));
#6937=DIRECTION('center_axis',(0.,1.,0.));
#6938=DIRECTION('ref_axis',(0.707106781186547,0.,0.707106781186548));
#6939=DIRECTION('',(-1.,0.,0.));
#6940=DIRECTION('center_axis',(0.,1.,0.));
#6941=DIRECTION('ref_axis',(-0.707106781186547,0.,0.707106781186548));
#6942=DIRECTION('',(2.08166817117217E-16,0.,-1.));
#6943=DIRECTION('center_axis',(0.,1.,0.));
#6944=DIRECTION('ref_axis',(-0.707106781186547,0.,-0.707106781186548));
#6945=DIRECTION('',(-1.,0.,0.));
#6946=DIRECTION('center_axis',(0.,1.,0.));
#6947=DIRECTION('ref_axis',(0.,0.,1.));
#6948=DIRECTION('center_axis',(0.,-1.,0.));
#6949=DIRECTION('ref_axis',(0.707106781186548,0.,-0.707106781186547));
#6950=DIRECTION('',(0.,1.,0.));
#6951=DIRECTION('center_axis',(0.,-1.,0.));
#6952=DIRECTION('ref_axis',(0.707106781186548,0.,-0.707106781186547));
#6953=DIRECTION('',(0.,-1.,0.));
#6954=DIRECTION('center_axis',(0.,1.,0.));
#6955=DIRECTION('ref_axis',(0.,0.,1.));
#6956=DIRECTION('center_axis',(1.,0.,-2.77555756156289E-16));
#6957=DIRECTION('ref_axis',(2.77555756156289E-16,0.,1.));
#6958=DIRECTION('',(-2.77555756156289E-16,0.,-1.));
#6959=DIRECTION('',(0.,1.,0.));
#6960=DIRECTION('center_axis',(0.,-1.,0.));
#6961=DIRECTION('ref_axis',(0.707106781186547,0.,0.707106781186548));
#6962=DIRECTION('center_axis',(0.,-1.,0.));
#6963=DIRECTION('ref_axis',(0.707106781186547,0.,0.707106781186548));
#6964=DIRECTION('',(0.,-1.,0.));
#6965=DIRECTION('center_axis',(0.,-1.,0.));
#6966=DIRECTION('ref_axis',(-0.707106781186547,0.,-0.707106781186548));
#6967=DIRECTION('',(0.,1.,0.));
#6968=DIRECTION('center_axis',(0.,-1.,0.));
#6969=DIRECTION('ref_axis',(-0.707106781186547,0.,-0.707106781186548));
#6970=DIRECTION('',(0.,-1.,0.));
#6971=DIRECTION('center_axis',(-1.,0.,-2.08166817117217E-16));
#6972=DIRECTION('ref_axis',(2.08166817117217E-16,0.,-1.));
#6973=DIRECTION('',(0.,-1.,0.));
#6974=DIRECTION('',(-2.08166817117217E-16,0.,1.));
#6975=DIRECTION('center_axis',(0.,-1.,0.));
#6976=DIRECTION('ref_axis',(-0.707106781186547,0.,0.707106781186548));
#6977=DIRECTION('',(0.,1.,0.));
#6978=DIRECTION('center_axis',(0.,-1.,0.));
#6979=DIRECTION('ref_axis',(-0.707106781186547,0.,0.707106781186548));
#6980=DIRECTION('center_axis',(0.,-1.,0.));
#6981=DIRECTION('ref_axis',(-1.,0.,0.));
#6982=DIRECTION('',(0.,1.,0.));
#6983=DIRECTION('center_axis',(0.,-1.,0.));
#6984=DIRECTION('ref_axis',(-1.,0.,0.));
#6985=DIRECTION('',(0.,1.,0.));
#6986=DIRECTION('center_axis',(0.,-1.,0.));
#6987=DIRECTION('ref_axis',(-1.,0.,0.));
#6988=DIRECTION('',(0.,1.,0.));
#6989=DIRECTION('center_axis',(0.,-1.,0.));
#6990=DIRECTION('ref_axis',(-1.,0.,0.));
#6991=DIRECTION('',(0.,1.,0.));
#6992=DIRECTION('center_axis',(0.,-1.,0.));
#6993=DIRECTION('ref_axis',(0.,0.,1.));
#6994=DIRECTION('',(-1.,-7.16272919113004E-16,0.));
#6995=DIRECTION('',(0.,0.,-1.));
#6996=DIRECTION('',(1.,7.16272919113004E-16,0.));
#6997=DIRECTION('',(0.,0.,-1.));
#6998=DIRECTION('center_axis',(0.,1.,0.));
#6999=DIRECTION('ref_axis',(0.,0.,1.));
#7000=DIRECTION('',(-1.,0.,-8.88178419700124E-16));
#7001=DIRECTION('',(1.,0.,0.));
#7002=DIRECTION('',(-1.,0.,0.));
#7003=DIRECTION('',(0.,0.,-1.));
#7004=DIRECTION('',(1.,0.,0.));
#7005=DIRECTION('',(-2.96059473233375E-16,0.,1.));
#7006=DIRECTION('',(1.,0.,0.));
#7007=DIRECTION('',(0.,0.,-1.));
#7008=DIRECTION('',(1.,0.,0.));
#7009=DIRECTION('',(0.,0.,1.));
#7010=DIRECTION('',(-1.,0.,0.));
#7011=DIRECTION('',(0.,0.,-1.));
#7012=DIRECTION('',(-1.,0.,0.));
#7013=DIRECTION('',(-2.96059473233375E-16,0.,1.));
#7014=DIRECTION('center_axis',(0.,0.,-1.));
#7015=DIRECTION('ref_axis',(-1.,0.,0.));
#7016=DIRECTION('',(0.,-1.,0.));
#7017=DIRECTION('',(1.,0.,0.));
#7018=DIRECTION('',(0.,1.,0.));
#7019=DIRECTION('center_axis',(0.,0.,1.));
#7020=DIRECTION('ref_axis',(-7.93016446160825E-16,1.,0.));
#7021=DIRECTION('',(1.,3.58136459556502E-16,0.));
#7022=DIRECTION('center_axis',(0.,0.,1.));
#7023=DIRECTION('ref_axis',(0.,-1.,0.));
#7024=DIRECTION('center_axis',(3.58136459556502E-16,-1.,0.));
#7025=DIRECTION('ref_axis',(-1.,-3.58136459556502E-16,0.));
#7026=DIRECTION('',(0.,0.,-1.));
#7027=DIRECTION('',(-1.,-3.58136459556502E-16,0.));
#7028=DIRECTION('',(0.,0.,-1.));
#7029=DIRECTION('center_axis',(0.,0.,-1.));
#7030=DIRECTION('ref_axis',(0.,-1.,0.));
#7031=DIRECTION('center_axis',(0.,0.,-1.));
#7032=DIRECTION('ref_axis',(0.,-1.,0.));
#7033=DIRECTION('center_axis',(0.,0.,-1.));
#7034=DIRECTION('ref_axis',(-7.93016446160825E-16,1.,0.));
#7035=DIRECTION('center_axis',(0.,0.,-1.));
#7036=DIRECTION('ref_axis',(-7.93016446160825E-16,1.,0.));
#7037=DIRECTION('center_axis',(0.,0.,1.));
#7038=DIRECTION('ref_axis',(1.,0.,0.));
#7039=DIRECTION('',(0.,1.,0.));
#7040=DIRECTION('',(1.,0.,0.));
#7041=DIRECTION('',(0.,-1.,0.));
#7042=DIRECTION('center_axis',(0.,0.,-1.));
#7043=DIRECTION('ref_axis',(-1.,0.,0.));
#7044=DIRECTION('',(0.,-1.,0.));
#7045=DIRECTION('',(0.,1.,0.));
#7046=DIRECTION('',(-1.,0.,0.));
#7047=DIRECTION('center_axis',(1.,0.,0.));
#7048=DIRECTION('ref_axis',(0.,0.,-1.));
#7049=DIRECTION('',(0.,0.,1.));
#7050=DIRECTION('',(0.,-1.,0.));
#7051=DIRECTION('center_axis',(-1.,0.,-2.96059473233375E-16));
#7052=DIRECTION('ref_axis',(-2.96059473233375E-16,0.,1.));
#7053=DIRECTION('',(0.,1.,0.));
#7054=DIRECTION('',(2.96059473233375E-16,0.,-1.));
#7055=DIRECTION('center_axis',(-1.,0.,-2.96059473233375E-16));
#7056=DIRECTION('ref_axis',(-2.96059473233375E-16,0.,1.));
#7057=DIRECTION('',(2.96059473233375E-16,0.,-1.));
#7058=DIRECTION('center_axis',(1.,0.,0.));
#7059=DIRECTION('ref_axis',(0.,0.,-1.));
#7060=DIRECTION('',(0.,1.,0.));
#7061=DIRECTION('',(0.,0.,1.));
#7062=DIRECTION('center_axis',(0.,0.,1.));
#7063=DIRECTION('ref_axis',(1.,0.,0.));
#7064=DIRECTION('',(-1.,0.,0.));
#7065=DIRECTION('',(0.,1.,0.));
#7066=DIRECTION('center_axis',(0.,1.,0.));
#7067=DIRECTION('ref_axis',(0.,0.,1.));
#7068=DIRECTION('',(1.,0.,0.));
#7069=DIRECTION('',(0.,0.,-1.));
#7070=DIRECTION('',(0.,0.,-1.));
#7071=DIRECTION('',(-1.,0.,0.));
#7072=DIRECTION('',(0.,0.,1.));
#7073=DIRECTION('center_axis',(0.,0.,-1.));
#7074=DIRECTION('ref_axis',(-1.,0.,0.));
#7075=DIRECTION('',(0.,1.,0.));
#7076=DIRECTION('center_axis',(0.,0.,1.));
#7077=DIRECTION('ref_axis',(1.,0.,0.));
#7078=DIRECTION('center_axis',(0.,0.,1.));
#7079=DIRECTION('ref_axis',(1.,0.,0.));
#7080=DIRECTION('',(0.,1.,0.));
#7081=DIRECTION('center_axis',(-1.,0.,0.));
#7082=DIRECTION('ref_axis',(0.,0.,1.));
#7083=DIRECTION('center_axis',(1.,0.,0.));
#7084=DIRECTION('ref_axis',(0.,0.,-1.));
#7085=DIRECTION('center_axis',(0.,0.,-1.));
#7086=DIRECTION('ref_axis',(-1.,0.,0.));
#7087=DIRECTION('axis',(0.,0.,1.));
#7088=DIRECTION('refdir',(1.,0.,0.));
#7089=DIRECTION('center_axis',(0.,-1.,0.));
#7090=DIRECTION('ref_axis',(1.,0.,0.));
#7091=DIRECTION('center_axis',(0.,-1.,0.));
#7092=DIRECTION('ref_axis',(1.,0.,0.));
#7093=DIRECTION('',(0.,-1.,0.));
#7094=DIRECTION('center_axis',(0.,-1.,0.));
#7095=DIRECTION('ref_axis',(1.,0.,0.));
#7096=DIRECTION('center_axis',(0.,1.,0.));
#7097=DIRECTION('ref_axis',(0.,0.,1.));
#7098=DIRECTION('center_axis',(0.,1.,0.));
#7099=DIRECTION('ref_axis',(-1.,0.,0.));
#7100=DIRECTION('center_axis',(0.,-1.,0.));
#7101=DIRECTION('ref_axis',(1.,0.,0.));
#7102=DIRECTION('center_axis',(0.,-1.,0.));
#7103=DIRECTION('ref_axis',(1.,0.,0.));
#7104=DIRECTION('',(0.,-1.,0.));
#7105=DIRECTION('center_axis',(0.,-1.,0.));
#7106=DIRECTION('ref_axis',(1.,0.,0.));
#7107=DIRECTION('center_axis',(0.,1.,0.));
#7108=DIRECTION('ref_axis',(0.,0.,1.));
#7109=DIRECTION('center_axis',(0.,1.,0.));
#7110=DIRECTION('ref_axis',(-1.,0.,0.));
#7111=DIRECTION('center_axis',(0.,-1.,0.));
#7112=DIRECTION('ref_axis',(1.,0.,0.));
#7113=DIRECTION('center_axis',(0.,-1.,0.));
#7114=DIRECTION('ref_axis',(1.,0.,0.));
#7115=DIRECTION('',(0.,-1.,0.));
#7116=DIRECTION('center_axis',(0.,-1.,0.));
#7117=DIRECTION('ref_axis',(1.,0.,0.));
#7118=DIRECTION('center_axis',(0.,1.,0.));
#7119=DIRECTION('ref_axis',(0.,0.,1.));
#7120=DIRECTION('center_axis',(0.,1.,0.));
#7121=DIRECTION('ref_axis',(-1.,0.,0.));
#7122=DIRECTION('center_axis',(0.,-1.,0.));
#7123=DIRECTION('ref_axis',(1.,0.,0.));
#7124=DIRECTION('center_axis',(0.,-1.,0.));
#7125=DIRECTION('ref_axis',(1.,0.,0.));
#7126=DIRECTION('',(0.,-1.,0.));
#7127=DIRECTION('center_axis',(0.,-1.,0.));
#7128=DIRECTION('ref_axis',(1.,0.,0.));
#7129=DIRECTION('center_axis',(0.,1.,0.));
#7130=DIRECTION('ref_axis',(0.,0.,1.));
#7131=DIRECTION('center_axis',(0.,1.,0.));
#7132=DIRECTION('ref_axis',(-1.,0.,0.));
#7133=DIRECTION('center_axis',(0.,1.,0.));
#7134=DIRECTION('ref_axis',(0.,0.,1.));
#7135=DIRECTION('center_axis',(0.,1.,0.));
#7136=DIRECTION('ref_axis',(1.,0.,0.));
#7137=DIRECTION('center_axis',(0.,1.,0.));
#7138=DIRECTION('ref_axis',(0.,0.,1.));
#7139=DIRECTION('center_axis',(0.,-1.,0.));
#7140=DIRECTION('ref_axis',(0.,0.,1.));
#7141=DIRECTION('center_axis',(0.,-1.,1.11194030797887E-15));
#7142=DIRECTION('ref_axis',(1.,0.,0.));
#7143=DIRECTION('center_axis',(0.,1.,0.));
#7144=DIRECTION('ref_axis',(1.,0.,0.));
#7145=DIRECTION('center_axis',(-1.,0.,0.));
#7146=DIRECTION('ref_axis',(0.,0.,-1.));
#7147=DIRECTION('',(0.,0.,-1.));
#7148=DIRECTION('',(0.,-1.,0.));
#7149=DIRECTION('',(0.,0.,-1.));
#7150=DIRECTION('',(0.,-1.,0.));
#7151=DIRECTION('center_axis',(0.,1.,0.));
#7152=DIRECTION('ref_axis',(-1.,0.,0.));
#7153=DIRECTION('',(0.,-1.,0.));
#7154=DIRECTION('center_axis',(0.,1.,0.));
#7155=DIRECTION('ref_axis',(-1.,0.,0.));
#7156=DIRECTION('center_axis',(0.,1.,0.));
#7157=DIRECTION('ref_axis',(-1.,0.,0.));
#7158=DIRECTION('',(0.,-1.,0.));
#7159=DIRECTION('center_axis',(0.,1.,0.));
#7160=DIRECTION('ref_axis',(-1.,0.,0.));
#7161=DIRECTION('center_axis',(0.,1.,0.));
#7162=DIRECTION('ref_axis',(-1.,0.,0.));
#7163=DIRECTION('',(0.,-1.,0.));
#7164=DIRECTION('center_axis',(0.,1.,0.));
#7165=DIRECTION('ref_axis',(-1.,0.,0.));
#7166=DIRECTION('center_axis',(0.,1.,0.));
#7167=DIRECTION('ref_axis',(-1.,0.,0.));
#7168=DIRECTION('',(0.,-1.,0.));
#7169=DIRECTION('center_axis',(0.,1.,0.));
#7170=DIRECTION('ref_axis',(-1.,0.,0.));
#7171=DIRECTION('center_axis',(1.,0.,0.));
#7172=DIRECTION('ref_axis',(0.,0.,-1.));
#7173=DIRECTION('',(0.,-1.,0.));
#7174=DIRECTION('',(0.,0.,1.));
#7175=DIRECTION('',(0.,1.,0.));
#7176=DIRECTION('',(0.,0.,1.));
#7177=DIRECTION('center_axis',(0.,1.,0.));
#7178=DIRECTION('ref_axis',(0.707106781186548,0.,0.707106781186548));
#7179=DIRECTION('center_axis',(0.,-1.,0.));
#7180=DIRECTION('ref_axis',(0.707106781186548,0.,0.707106781186548));
#7181=DIRECTION('',(0.,-1.,0.));
#7182=DIRECTION('center_axis',(0.,1.,0.));
#7183=DIRECTION('ref_axis',(0.707106781186548,0.,0.707106781186548));
#7184=DIRECTION('center_axis',(0.,0.,1.));
#7185=DIRECTION('ref_axis',(1.,0.,0.));
#7186=DIRECTION('',(-1.,0.,4.34294161978908E-31));
#7187=DIRECTION('',(0.,1.,0.));
#7188=DIRECTION('',(-1.,0.,4.34294161978908E-31));
#7189=DIRECTION('center_axis',(0.,1.,0.));
#7190=DIRECTION('ref_axis',(-0.707106781186547,0.,0.707106781186548));
#7191=DIRECTION('center_axis',(0.,-1.,0.));
#7192=DIRECTION('ref_axis',(-0.707106781186547,0.,0.707106781186548));
#7193=DIRECTION('',(0.,-1.,0.));
#7194=DIRECTION('center_axis',(0.,1.,0.));
#7195=DIRECTION('ref_axis',(-0.707106781186547,0.,0.707106781186548));
#7196=DIRECTION('center_axis',(-1.,0.,0.));
#7197=DIRECTION('ref_axis',(0.,0.,1.));
#7198=DIRECTION('',(0.,1.,0.));
#7199=DIRECTION('',(0.,0.,-1.));
#7200=DIRECTION('',(0.,0.,-1.));
#7201=DIRECTION('center_axis',(0.,1.,0.));
#7202=DIRECTION('ref_axis',(-0.707106781186547,0.,-0.707106781186547));
#7203=DIRECTION('center_axis',(0.,-1.,0.));
#7204=DIRECTION('ref_axis',(-0.707106781186547,0.,-0.707106781186547));
#7205=DIRECTION('',(0.,-1.,0.));
#7206=DIRECTION('center_axis',(0.,1.,0.));
#7207=DIRECTION('ref_axis',(-0.707106781186547,0.,-0.707106781186547));
#7208=DIRECTION('center_axis',(0.,0.,-1.));
#7209=DIRECTION('ref_axis',(-1.,0.,0.));
#7210=DIRECTION('',(0.,1.,0.));
#7211=DIRECTION('',(-1.,0.,0.));
#7212=DIRECTION('',(1.,0.,0.));
#7213=DIRECTION('center_axis',(0.,1.,0.));
#7214=DIRECTION('ref_axis',(0.707106781186547,0.,-0.707106781186548));
#7215=DIRECTION('center_axis',(0.,-1.,0.));
#7216=DIRECTION('ref_axis',(0.707106781186547,0.,-0.707106781186548));
#7217=DIRECTION('center_axis',(0.,1.,0.));
#7218=DIRECTION('ref_axis',(0.707106781186547,0.,-0.707106781186548));
#7219=DIRECTION('center_axis',(0.,1.,0.));
#7220=DIRECTION('ref_axis',(0.,0.,1.));
#7221=DIRECTION('',(-1.,0.,-6.93889390390723E-18));
#7222=DIRECTION('',(1.98254111540207E-16,0.,1.));
#7223=DIRECTION('',(1.,0.,0.));
#7224=DIRECTION('',(-3.1720657846433E-16,0.,-1.));
#7225=DIRECTION('center_axis',(0.,-1.,0.));
#7226=DIRECTION('ref_axis',(0.,0.,-1.));
#7227=DIRECTION('',(-1.,0.,0.));
#7228=DIRECTION('',(2.90254385522917E-16,0.,1.));
#7229=DIRECTION('',(1.,0.,0.));
#7230=DIRECTION('center_axis',(0.,0.,-1.));
#7231=DIRECTION('ref_axis',(1.,0.,0.));
#7232=DIRECTION('',(1.,0.,0.));
#7233=DIRECTION('',(0.,-1.,0.));
#7234=DIRECTION('center_axis',(0.,0.,1.));
#7235=DIRECTION('ref_axis',(-1.,0.,0.));
#7236=DIRECTION('',(-1.,0.,0.));
#7237=DIRECTION('',(0.,1.,0.));
#7238=DIRECTION('center_axis',(0.,1.,0.));
#7239=DIRECTION('ref_axis',(0.,0.,1.));
#7240=DIRECTION('',(-2.90254385522917E-16,0.,-1.));
#7241=DIRECTION('',(1.,0.,0.));
#7242=DIRECTION('',(1.83676603338721E-16,0.,1.));
#7243=DIRECTION('',(-1.,0.,0.));
#7244=DIRECTION('',(-2.90254385522917E-16,0.,-1.));
#7245=DIRECTION('center_axis',(0.,1.,0.));
#7246=DIRECTION('ref_axis',(0.,0.,1.));
#7247=DIRECTION('center_axis',(0.,1.,0.));
#7248=DIRECTION('ref_axis',(1.,0.,0.));
#7249=DIRECTION('center_axis',(0.,1.,0.));
#7250=DIRECTION('ref_axis',(0.,0.,1.));
#7251=DIRECTION('center_axis',(0.,1.,0.));
#7252=DIRECTION('ref_axis',(1.,0.,0.));
#7253=DIRECTION('center_axis',(0.,1.,0.));
#7254=DIRECTION('ref_axis',(0.,0.,1.));
#7255=DIRECTION('center_axis',(0.,1.,0.));
#7256=DIRECTION('ref_axis',(1.,0.,0.));
#7257=DIRECTION('center_axis',(-1.,0.,1.98254111540207E-16));
#7258=DIRECTION('ref_axis',(1.98254111540207E-16,0.,1.));
#7259=DIRECTION('',(0.,1.,0.));
#7260=DIRECTION('',(1.98254111540207E-16,0.,1.));
#7261=DIRECTION('',(0.,1.,0.));
#7262=DIRECTION('center_axis',(0.,0.,1.));
#7263=DIRECTION('ref_axis',(1.,0.,0.));
#7264=DIRECTION('',(1.,0.,0.));
#7265=DIRECTION('',(0.,1.,0.));
#7266=DIRECTION('center_axis',(1.,0.,-3.1720657846433E-16));
#7267=DIRECTION('ref_axis',(-3.1720657846433E-16,0.,-1.));
#7268=DIRECTION('',(-3.1720657846433E-16,0.,-1.));
#7269=DIRECTION('',(0.,1.,0.));
#7270=DIRECTION('center_axis',(6.93889390390723E-18,0.,-1.));
#7271=DIRECTION('ref_axis',(-1.,0.,-6.93889390390723E-18));
#7272=DIRECTION('',(-1.,0.,-6.93889390390723E-18));
#7273=DIRECTION('center_axis',(0.,0.,-1.));
#7274=DIRECTION('ref_axis',(-1.,0.,0.));
#7275=DIRECTION('',(1.,0.,0.));
#7276=DIRECTION('',(0.,1.,0.));
#7277=DIRECTION('',(0.,1.,0.));
#7278=DIRECTION('center_axis',(1.,0.,-2.90254385522917E-16));
#7279=DIRECTION('ref_axis',(-2.90254385522917E-16,0.,-1.));
#7280=DIRECTION('',(2.90254385522917E-16,0.,1.));
#7281=DIRECTION('',(0.,1.,0.));
#7282=DIRECTION('center_axis',(0.,0.,1.));
#7283=DIRECTION('ref_axis',(1.,0.,0.));
#7284=DIRECTION('',(-1.,0.,0.));
#7285=DIRECTION('',(0.,1.,0.));
#7286=DIRECTION('center_axis',(-1.,0.,1.83676603338721E-16));
#7287=DIRECTION('ref_axis',(1.83676603338721E-16,0.,1.));
#7288=DIRECTION('',(-1.83676603338721E-16,0.,-1.));
#7289=DIRECTION('center_axis',(0.,1.,0.));
#7290=DIRECTION('ref_axis',(1.,0.,0.));
#7291=DIRECTION('',(0.,-1.,0.));
#7292=DIRECTION('center_axis',(0.,-1.,0.));
#7293=DIRECTION('ref_axis',(1.,0.,0.));
#7294=DIRECTION('center_axis',(0.,1.,0.));
#7295=DIRECTION('ref_axis',(1.,0.,0.));
#7296=DIRECTION('',(0.,-1.,0.));
#7297=DIRECTION('center_axis',(0.,-1.,0.));
#7298=DIRECTION('ref_axis',(1.,0.,0.));
#7299=DIRECTION('center_axis',(0.,1.,0.));
#7300=DIRECTION('ref_axis',(1.,0.,0.));
#7301=DIRECTION('',(0.,-1.,0.));
#7302=DIRECTION('center_axis',(0.,-1.,0.));
#7303=DIRECTION('ref_axis',(1.,0.,0.));
#7304=DIRECTION('center_axis',(0.,1.,0.));
#7305=DIRECTION('ref_axis',(0.,0.,1.));
#7306=DIRECTION('center_axis',(0.,-1.,0.));
#7307=DIRECTION('ref_axis',(1.,0.,0.));
#7308=DIRECTION('center_axis',(0.,1.,0.));
#7309=DIRECTION('ref_axis',(1.,0.,0.));
#7310=DIRECTION('',(0.,-1.,0.));
#7311=DIRECTION('axis',(0.,0.,1.));
#7312=DIRECTION('refdir',(1.,0.,0.));
#7313=DIRECTION('center_axis',(-1.,0.,0.));
#7314=DIRECTION('ref_axis',(0.,0.,1.));
#7315=DIRECTION('',(0.,0.,-1.));
#7316=DIRECTION('',(0.,1.,0.));
#7317=DIRECTION('',(0.,0.,1.));
#7318=DIRECTION('',(0.,1.,0.));
#7319=DIRECTION('center_axis',(0.,1.,0.));
#7320=DIRECTION('ref_axis',(0.,0.,1.));
#7321=DIRECTION('center_axis',(0.,1.,0.));
#7322=DIRECTION('ref_axis',(0.,0.,1.));
#7323=DIRECTION('',(0.,0.,-1.));
#7324=DIRECTION('center_axis',(0.,1.,0.));
#7325=DIRECTION('ref_axis',(1.,0.,1.99840144432539E-14));
#7326=DIRECTION('center_axis',(1.,0.,0.));
#7327=DIRECTION('ref_axis',(0.,0.,-1.));
#7328=DIRECTION('',(0.,0.,1.));
#7329=DIRECTION('',(0.,1.,0.));
#7330=DIRECTION('',(0.,0.,-1.));
#7331=DIRECTION('',(0.,1.,0.));
#7332=DIRECTION('center_axis',(0.,1.,0.));
#7333=DIRECTION('ref_axis',(0.,0.,1.));
#7334=DIRECTION('center_axis',(0.,1.,0.));
#7335=DIRECTION('ref_axis',(-1.,0.,0.));
#7336=DIRECTION('center_axis',(0.,1.,0.));
#7337=DIRECTION('ref_axis',(5.18104078158417E-14,0.,-1.));
#7338=DIRECTION('',(0.,0.,1.));
#7339=DIRECTION('center_axis',(0.,1.,0.));
#7340=DIRECTION('ref_axis',(0.,0.,1.));
#7341=DIRECTION('center_axis',(0.,-1.,0.));
#7342=DIRECTION('ref_axis',(1.,0.,1.99840144432539E-14));
#7343=DIRECTION('',(-1.,0.,1.64477485129653E-16));
#7344=DIRECTION('center_axis',(0.,-1.,0.));
#7345=DIRECTION('ref_axis',(5.18104078158433E-14,0.,-1.));
#7346=DIRECTION('center_axis',(0.,-1.,0.));
#7347=DIRECTION('ref_axis',(-1.,0.,0.));
#7348=DIRECTION('',(1.,0.,0.));
#7349=DIRECTION('center_axis',(0.,-1.,0.));
#7350=DIRECTION('ref_axis',(0.166666666666667,0.,0.986013297183269));
#7351=DIRECTION('',(0.,0.,1.));
#7352=DIRECTION('',(-1.,0.,0.));
#7353=DIRECTION('',(0.,0.,-1.));
#7354=DIRECTION('',(1.,0.,0.));
#7355=DIRECTION('',(0.,0.,-1.));
#7356=DIRECTION('',(1.,0.,0.));
#7357=DIRECTION('',(0.,0.,1.));
#7358=DIRECTION('',(-1.,0.,0.));
#7359=DIRECTION('',(0.,0.,-1.));
#7360=DIRECTION('',(1.,0.,0.));
#7361=DIRECTION('',(0.,0.,1.));
#7362=DIRECTION('',(-1.,0.,0.));
#7363=DIRECTION('center_axis',(0.,-1.,0.));
#7364=DIRECTION('ref_axis',(1.,0.,0.));
#7365=DIRECTION('center_axis',(0.,1.,0.));
#7366=DIRECTION('ref_axis',(1.,0.,0.));
#7367=DIRECTION('center_axis',(0.,1.,0.));
#7368=DIRECTION('ref_axis',(1.,0.,0.));
#7369=DIRECTION('',(0.,1.,0.));
#7370=DIRECTION('center_axis',(0.,1.,0.));
#7371=DIRECTION('ref_axis',(1.,0.,0.));
#7372=DIRECTION('center_axis',(0.,-1.,0.));
#7373=DIRECTION('ref_axis',(0.,0.,-1.));
#7374=DIRECTION('center_axis',(0.,-1.,0.));
#7375=DIRECTION('ref_axis',(-1.,0.,0.));
#7376=DIRECTION('center_axis',(0.,1.,0.));
#7377=DIRECTION('ref_axis',(1.,0.,0.));
#7378=DIRECTION('center_axis',(0.,1.,0.));
#7379=DIRECTION('ref_axis',(1.,0.,0.));
#7380=DIRECTION('',(0.,1.,0.));
#7381=DIRECTION('center_axis',(0.,1.,0.));
#7382=DIRECTION('ref_axis',(1.,0.,0.));
#7383=DIRECTION('center_axis',(0.,-1.,0.));
#7384=DIRECTION('ref_axis',(0.,0.,-1.));
#7385=DIRECTION('center_axis',(0.,-1.,0.));
#7386=DIRECTION('ref_axis',(-1.,0.,0.));
#7387=DIRECTION('center_axis',(0.,1.,0.));
#7388=DIRECTION('ref_axis',(1.,0.,0.));
#7389=DIRECTION('center_axis',(0.,1.,0.));
#7390=DIRECTION('ref_axis',(1.,0.,0.));
#7391=DIRECTION('',(0.,1.,0.));
#7392=DIRECTION('center_axis',(0.,1.,0.));
#7393=DIRECTION('ref_axis',(1.,0.,0.));
#7394=DIRECTION('center_axis',(0.,-1.,0.));
#7395=DIRECTION('ref_axis',(0.,0.,-1.));
#7396=DIRECTION('center_axis',(0.,-1.,0.));
#7397=DIRECTION('ref_axis',(-1.,0.,0.));
#7398=DIRECTION('center_axis',(0.,1.,0.));
#7399=DIRECTION('ref_axis',(1.,0.,0.));
#7400=DIRECTION('center_axis',(0.,1.,0.));
#7401=DIRECTION('ref_axis',(1.,0.,0.));
#7402=DIRECTION('',(0.,1.,0.));
#7403=DIRECTION('center_axis',(0.,1.,0.));
#7404=DIRECTION('ref_axis',(1.,0.,0.));
#7405=DIRECTION('center_axis',(0.,-1.,0.));
#7406=DIRECTION('ref_axis',(0.,0.,-1.));
#7407=DIRECTION('center_axis',(0.,-1.,0.));
#7408=DIRECTION('ref_axis',(-1.,0.,0.));
#7409=DIRECTION('center_axis',(0.,1.,0.));
#7410=DIRECTION('ref_axis',(0.,0.,1.));
#7411=DIRECTION('center_axis',(0.,-1.,0.));
#7412=DIRECTION('ref_axis',(-1.,0.,0.));
#7413=DIRECTION('center_axis',(0.,1.,0.));
#7414=DIRECTION('ref_axis',(0.,0.,1.));
#7415=DIRECTION('center_axis',(0.,-1.,0.));
#7416=DIRECTION('ref_axis',(-1.,0.,0.));
#7417=DIRECTION('center_axis',(0.,1.,0.));
#7418=DIRECTION('ref_axis',(0.,0.,1.));
#7419=DIRECTION('center_axis',(0.,-1.,0.));
#7420=DIRECTION('ref_axis',(-1.,0.,0.));
#7421=DIRECTION('center_axis',(0.,1.,0.));
#7422=DIRECTION('ref_axis',(0.,0.,1.));
#7423=DIRECTION('center_axis',(0.,-1.,0.));
#7424=DIRECTION('ref_axis',(-1.,0.,0.));
#7425=DIRECTION('center_axis',(0.,-1.,0.));
#7426=DIRECTION('ref_axis',(1.,0.,0.));
#7427=DIRECTION('',(0.,-1.,0.));
#7428=DIRECTION('center_axis',(0.,1.,0.));
#7429=DIRECTION('ref_axis',(1.,0.,0.));
#7430=DIRECTION('center_axis',(0.,1.,0.));
#7431=DIRECTION('ref_axis',(-0.707106781186547,0.,-0.707106781186547));
#7432=DIRECTION('',(0.,-1.,0.));
#7433=DIRECTION('center_axis',(0.,1.,0.));
#7434=DIRECTION('ref_axis',(-0.707106781186547,0.,-0.707106781186547));
#7435=DIRECTION('',(0.,1.,0.));
#7436=DIRECTION('center_axis',(-1.,0.,-2.77555756156289E-16));
#7437=DIRECTION('ref_axis',(-2.77555756156289E-16,0.,1.));
#7438=DIRECTION('',(2.77555756156289E-16,0.,-1.));
#7439=DIRECTION('',(0.,-1.,0.));
#7440=DIRECTION('center_axis',(0.,-1.,0.));
#7441=DIRECTION('ref_axis',(0.,0.,-1.));
#7442=DIRECTION('',(1.,0.,3.55271367880049E-15));
#7443=DIRECTION('center_axis',(0.,1.,0.));
#7444=DIRECTION('ref_axis',(0.707106781186548,0.,-0.707106781186547));
#7445=DIRECTION('',(-1.04083408558608E-16,0.,1.));
#7446=DIRECTION('center_axis',(0.,1.,0.));
#7447=DIRECTION('ref_axis',(0.707106781186547,0.,0.707106781186547));
#7448=DIRECTION('',(-1.,0.,2.46519032881566E-32));
#7449=DIRECTION('center_axis',(0.,1.,0.));
#7450=DIRECTION('ref_axis',(-0.707106781186548,0.,0.707106781186547));
#7451=DIRECTION('',(-1.,0.,0.));
#7452=DIRECTION('',(0.,0.,1.));
#7453=DIRECTION('',(1.,0.,-3.36431219583381E-16));
#7454=DIRECTION('',(0.,0.,-1.));
#7455=DIRECTION('',(-1.,0.,0.));
#7456=DIRECTION('',(0.,0.,1.));
#7457=DIRECTION('',(1.,0.,-3.36431219583381E-16));
#7458=DIRECTION('',(0.,0.,-1.));
#7459=DIRECTION('',(-1.,0.,0.));
#7460=DIRECTION('',(0.,0.,1.));
#7461=DIRECTION('',(1.,0.,0.));
#7462=DIRECTION('',(0.,0.,-1.));
#7463=DIRECTION('',(1.,0.,0.));
#7464=DIRECTION('',(0.,0.,-1.));
#7465=DIRECTION('',(-1.,0.,0.));
#7466=DIRECTION('',(0.,0.,1.));
#7467=DIRECTION('',(1.,0.,0.));
#7468=DIRECTION('',(0.,0.,-1.));
#7469=DIRECTION('',(-1.,0.,0.));
#7470=DIRECTION('',(0.,0.,1.));
#7471=DIRECTION('',(1.,0.,-3.36431219583381E-16));
#7472=DIRECTION('',(0.,0.,-1.));
#7473=DIRECTION('',(-1.,0.,0.));
#7474=DIRECTION('',(0.,0.,1.));
#7475=DIRECTION('center_axis',(-1.64477485129653E-16,0.,-1.));
#7476=DIRECTION('ref_axis',(-1.,0.,1.64477485129653E-16));
#7477=DIRECTION('',(0.,1.,0.));
#7478=DIRECTION('center_axis',(0.,1.,0.));
#7479=DIRECTION('ref_axis',(0.707106781186548,0.,-0.707106781186547));
#7480=DIRECTION('',(0.,-1.,0.));
#7481=DIRECTION('center_axis',(1.,0.,1.04083408558608E-16));
#7482=DIRECTION('ref_axis',(1.04083408558608E-16,0.,-1.));
#7483=DIRECTION('',(0.,1.,0.));
#7484=DIRECTION('center_axis',(0.,1.,0.));
#7485=DIRECTION('ref_axis',(0.707106781186547,0.,0.707106781186547));
#7486=DIRECTION('',(0.,-1.,0.));
#7487=DIRECTION('center_axis',(0.,0.,1.));
#7488=DIRECTION('ref_axis',(1.,0.,0.));
#7489=DIRECTION('',(0.,1.,0.));
#7490=DIRECTION('center_axis',(0.,1.,0.));
#7491=DIRECTION('ref_axis',(-0.707106781186548,0.,0.707106781186547));
#7492=DIRECTION('center_axis',(0.,1.,0.));
#7493=DIRECTION('ref_axis',(-1.,0.,0.));
#7494=DIRECTION('',(0.,-1.,0.));
#7495=DIRECTION('center_axis',(0.,1.,0.));
#7496=DIRECTION('ref_axis',(-1.,0.,0.));
#7497=DIRECTION('',(0.,-1.,0.));
#7498=DIRECTION('center_axis',(0.,1.,0.));
#7499=DIRECTION('ref_axis',(-1.,0.,0.));
#7500=DIRECTION('',(0.,-1.,0.));
#7501=DIRECTION('center_axis',(0.,1.,0.));
#7502=DIRECTION('ref_axis',(-1.,0.,0.));
#7503=DIRECTION('',(0.,-1.,0.));
#7504=DIRECTION('center_axis',(0.,-1.,0.));
#7505=DIRECTION('ref_axis',(0.,0.,-1.));
#7506=DIRECTION('',(0.,0.,-1.));
#7507=DIRECTION('',(-1.,0.,0.));
#7508=DIRECTION('',(0.,0.,1.));
#7509=DIRECTION('',(1.,0.,-3.36431219583381E-16));
#7510=DIRECTION('center_axis',(0.,-1.,0.));
#7511=DIRECTION('ref_axis',(0.,0.,-1.));
#7512=DIRECTION('',(0.,0.,-1.));
#7513=DIRECTION('',(-1.,0.,0.));
#7514=DIRECTION('',(0.,0.,1.));
#7515=DIRECTION('',(1.,0.,-3.36431219583381E-16));
#7516=DIRECTION('center_axis',(0.,-1.,0.));
#7517=DIRECTION('ref_axis',(0.,0.,-1.));
#7518=DIRECTION('',(0.,0.,-1.));
#7519=DIRECTION('',(-1.,0.,0.));
#7520=DIRECTION('',(0.,0.,1.));
#7521=DIRECTION('',(1.,0.,-3.36431219583381E-16));
#7522=DIRECTION('center_axis',(3.36431219583381E-16,0.,1.));
#7523=DIRECTION('ref_axis',(1.,0.,-3.36431219583381E-16));
#7524=DIRECTION('',(0.,1.,0.));
#7525=DIRECTION('',(0.,1.,0.));
#7526=DIRECTION('center_axis',(3.36431219583381E-16,0.,1.));
#7527=DIRECTION('ref_axis',(1.,0.,-3.36431219583381E-16));
#7528=DIRECTION('',(0.,1.,0.));
#7529=DIRECTION('',(0.,1.,0.));
#7530=DIRECTION('center_axis',(0.,0.,-1.));
#7531=DIRECTION('ref_axis',(-1.,0.,0.));
#7532=DIRECTION('',(0.,-1.,0.));
#7533=DIRECTION('',(0.,1.,0.));
#7534=DIRECTION('center_axis',(1.,0.,0.));
#7535=DIRECTION('ref_axis',(0.,0.,-1.));
#7536=DIRECTION('',(0.,1.,0.));
#7537=DIRECTION('',(0.,-1.,0.));
#7538=DIRECTION('',(0.,1.,0.));
#7539=DIRECTION('center_axis',(0.,0.,-1.));
#7540=DIRECTION('ref_axis',(-1.,0.,0.));
#7541=DIRECTION('',(0.,-1.,0.));
#7542=DIRECTION('center_axis',(-1.,0.,0.));
#7543=DIRECTION('ref_axis',(0.,0.,1.));
#7544=DIRECTION('',(0.,1.,0.));
#7545=DIRECTION('',(0.,1.,0.));
#7546=DIRECTION('center_axis',(1.,0.,0.));
#7547=DIRECTION('ref_axis',(0.,0.,-1.));
#7548=DIRECTION('',(0.,1.,0.));
#7549=DIRECTION('',(0.,-1.,0.));
#7550=DIRECTION('',(0.,1.,0.));
#7551=DIRECTION('center_axis',(0.,0.,-1.));
#7552=DIRECTION('ref_axis',(-1.,0.,0.));
#7553=DIRECTION('',(0.,-1.,0.));
#7554=DIRECTION('center_axis',(-1.,0.,0.));
#7555=DIRECTION('ref_axis',(0.,0.,1.));
#7556=DIRECTION('',(0.,1.,0.));
#7557=DIRECTION('',(0.,1.,0.));
#7558=DIRECTION('center_axis',(0.,0.,1.));
#7559=DIRECTION('ref_axis',(1.,0.,0.));
#7560=DIRECTION('',(0.,1.,0.));
#7561=DIRECTION('',(0.,1.,0.));
#7562=DIRECTION('center_axis',(1.,0.,0.));
#7563=DIRECTION('ref_axis',(0.,0.,-1.));
#7564=DIRECTION('',(0.,1.,0.));
#7565=DIRECTION('',(0.,-1.,0.));
#7566=DIRECTION('center_axis',(-1.,0.,0.));
#7567=DIRECTION('ref_axis',(0.,0.,1.));
#7568=DIRECTION('',(0.,1.,0.));
#7569=DIRECTION('',(0.,1.,0.));
#7570=DIRECTION('center_axis',(0.,0.,-1.));
#7571=DIRECTION('ref_axis',(-1.,0.,0.));
#7572=DIRECTION('center_axis',(0.,0.,1.));
#7573=DIRECTION('ref_axis',(1.,0.,0.));
#7574=DIRECTION('center_axis',(0.,0.,-1.));
#7575=DIRECTION('ref_axis',(-1.,0.,0.));
#7576=DIRECTION('center_axis',(0.,0.,1.));
#7577=DIRECTION('ref_axis',(1.,0.,0.));
#7578=DIRECTION('center_axis',(0.,0.,-1.));
#7579=DIRECTION('ref_axis',(-1.,0.,0.));
#7580=DIRECTION('center_axis',(3.36431219583381E-16,0.,1.));
#7581=DIRECTION('ref_axis',(1.,0.,-3.36431219583381E-16));
#7582=DIRECTION('axis',(0.,0.,1.));
#7583=DIRECTION('refdir',(1.,0.,0.));
#7584=DIRECTION('center_axis',(1.,0.,0.));
#7585=DIRECTION('ref_axis',(0.,0.,1.));
#7586=DIRECTION('',(0.,0.,1.));
#7587=DIRECTION('',(0.,-1.,0.));
#7588=DIRECTION('',(0.,0.,-1.));
#7589=DIRECTION('',(0.,-1.,0.));
#7590=DIRECTION('center_axis',(0.,0.,1.));
#7591=DIRECTION('ref_axis',(-1.,0.,0.));
#7592=DIRECTION('',(-1.,0.,0.));
#7593=DIRECTION('',(0.,-1.,0.));
#7594=DIRECTION('',(1.,0.,0.));
#7595=DIRECTION('center_axis',(-0.5,0.,-0.866025403784438));
#7596=DIRECTION('ref_axis',(0.866025403784438,0.,-0.5));
#7597=DIRECTION('',(0.866025403784438,0.,-0.5));
#7598=DIRECTION('',(0.,-1.,0.));
#7599=DIRECTION('',(-0.866025403784438,0.,0.5));
#7600=DIRECTION('',(0.,-1.,0.));
#7601=DIRECTION('center_axis',(1.,0.,0.));
#7602=DIRECTION('ref_axis',(0.,0.,1.));
#7603=DIRECTION('',(0.,0.,1.));
#7604=DIRECTION('',(0.,-1.,0.));
#7605=DIRECTION('',(0.,0.,-1.));
#7606=DIRECTION('center_axis',(-1.,0.,0.));
#7607=DIRECTION('ref_axis',(0.,0.,-1.));
#7608=DIRECTION('',(0.,0.,-1.));
#7609=DIRECTION('',(0.,-1.,0.));
#7610=DIRECTION('',(0.,0.,1.));
#7611=DIRECTION('center_axis',(0.,0.,-1.));
#7612=DIRECTION('ref_axis',(1.,0.,0.));
#7613=DIRECTION('',(1.,0.,0.));
#7614=DIRECTION('',(-1.,0.,0.));
#7615=DIRECTION('center_axis',(-0.5,0.,0.866025403784438));
#7616=DIRECTION('ref_axis',(-0.866025403784438,0.,-0.5));
#7617=DIRECTION('',(-0.866025403784438,0.,-0.5));
#7618=DIRECTION('',(0.866025403784438,0.,0.5));
#7619=DIRECTION('center_axis',(1.,0.,0.));
#7620=DIRECTION('ref_axis',(0.,0.,1.));
#7621=DIRECTION('',(0.,0.,1.));
#7622=DIRECTION('',(0.,-1.,0.));
#7623=DIRECTION('',(0.,0.,-1.));
#7624=DIRECTION('',(0.,-1.,0.));
#7625=DIRECTION('center_axis',(-0.5,0.,-0.866025403784438));
#7626=DIRECTION('ref_axis',(0.866025403784438,0.,-0.5));
#7627=DIRECTION('',(0.866025403784438,0.,-0.5));
#7628=DIRECTION('',(0.,-1.,0.));
#7629=DIRECTION('',(-0.866025403784438,0.,0.5));
#7630=DIRECTION('center_axis',(1.,0.,0.));
#7631=DIRECTION('ref_axis',(0.,0.,1.));
#7632=DIRECTION('',(0.,0.,1.));
#7633=DIRECTION('',(0.,-1.,0.));
#7634=DIRECTION('',(0.,0.,-1.));
#7635=DIRECTION('center_axis',(-0.5,0.,0.866025403784438));
#7636=DIRECTION('ref_axis',(-0.866025403784438,0.,-0.5));
#7637=DIRECTION('',(-0.866025403784438,0.,-0.5));
#7638=DIRECTION('',(0.,-1.,0.));
#7639=DIRECTION('',(0.866025403784438,0.,0.5));
#7640=DIRECTION('center_axis',(1.,0.,0.));
#7641=DIRECTION('ref_axis',(0.,0.,1.));
#7642=DIRECTION('',(0.,0.,1.));
#7643=DIRECTION('',(0.,-1.,0.));
#7644=DIRECTION('',(0.,0.,-1.));
#7645=DIRECTION('center_axis',(0.,0.,1.));
#7646=DIRECTION('ref_axis',(-1.,0.,0.));
#7647=DIRECTION('',(-1.,0.,0.));
#7648=DIRECTION('',(0.,-1.,0.));
#7649=DIRECTION('',(1.,0.,0.));
#7650=DIRECTION('center_axis',(-1.,0.,0.));
#7651=DIRECTION('ref_axis',(0.,0.,-1.));
#7652=DIRECTION('',(0.,0.,-1.));
#7653=DIRECTION('',(0.,-1.,0.));
#7654=DIRECTION('',(0.,0.,1.));
#7655=DIRECTION('center_axis',(0.,0.,-1.));
#7656=DIRECTION('ref_axis',(1.,0.,0.));
#7657=DIRECTION('',(1.,0.,0.));
#7658=DIRECTION('',(-1.,0.,0.));
#7659=DIRECTION('center_axis',(-1.,0.,0.));
#7660=DIRECTION('ref_axis',(0.,0.,-1.));
#7661=DIRECTION('',(0.,0.,-1.));
#7662=DIRECTION('',(0.,-1.,0.));
#7663=DIRECTION('',(0.,0.,1.));
#7664=DIRECTION('',(0.,-1.,0.));
#7665=DIRECTION('center_axis',(-4.44089209850061E-15,0.,1.));
#7666=DIRECTION('ref_axis',(-1.,0.,-4.44089209850061E-15));
#7667=DIRECTION('',(-1.,0.,-4.44089209850061E-15));
#7668=DIRECTION('',(1.,0.,4.44089209850061E-15));
#7669=DIRECTION('',(0.,-1.,0.));
#7670=DIRECTION('center_axis',(1.,0.,0.));
#7671=DIRECTION('ref_axis',(0.,0.,1.));
#7672=DIRECTION('',(0.,0.,1.));
#7673=DIRECTION('',(0.,0.,-1.));
#7674=DIRECTION('',(0.,-1.,0.));
#7675=DIRECTION('center_axis',(0.,0.,-1.));
#7676=DIRECTION('ref_axis',(1.,0.,0.));
#7677=DIRECTION('',(1.,0.,0.));
#7678=DIRECTION('',(-1.,0.,0.));
#7679=DIRECTION('',(0.,-1.,0.));
#7680=DIRECTION('center_axis',(-1.,0.,0.));
#7681=DIRECTION('ref_axis',(0.,0.,-1.));
#7682=DIRECTION('',(0.,0.,-1.));
#7683=DIRECTION('',(0.,0.,1.));
#7684=DIRECTION('',(0.,-1.,0.));
#7685=DIRECTION('center_axis',(0.500000000000001,0.,-0.866025403784438));
#7686=DIRECTION('ref_axis',(0.866025403784438,0.,0.500000000000001));
#7687=DIRECTION('',(0.866025403784438,0.,0.500000000000001));
#7688=DIRECTION('',(-0.866025403784438,0.,-0.500000000000001));
#7689=DIRECTION('',(0.,-1.,0.));
#7690=DIRECTION('center_axis',(-1.,0.,-2.22044604925031E-15));
#7691=DIRECTION('ref_axis',(2.22044604925031E-15,0.,-1.));
#7692=DIRECTION('',(2.22044604925031E-15,0.,-1.));
#7693=DIRECTION('',(-2.22044604925031E-15,0.,1.));
#7694=DIRECTION('',(0.,-1.,0.));
#7695=DIRECTION('center_axis',(0.500000000000001,0.,0.866025403784438));
#7696=DIRECTION('ref_axis',(-0.866025403784438,0.,0.500000000000001));
#7697=DIRECTION('',(-0.866025403784438,0.,0.500000000000001));
#7698=DIRECTION('',(0.866025403784438,0.,-0.500000000000001));
#7699=DIRECTION('center_axis',(0.,-1.,0.));
#7700=DIRECTION('ref_axis',(1.,0.,0.));
#7701=DIRECTION('center_axis',(0.,-1.,0.));
#7702=DIRECTION('ref_axis',(1.,0.,0.));
#7703=DIRECTION('',(0.,-1.,0.));
#7704=DIRECTION('center_axis',(0.,1.,0.));
#7705=DIRECTION('ref_axis',(1.,0.,0.));
#7706=DIRECTION('center_axis',(-0.707106781186548,0.,0.707106781186547));
#7707=DIRECTION('ref_axis',(0.707106781186547,0.,0.707106781186548));
#7708=DIRECTION('',(0.707106781186547,0.,0.707106781186548));
#7709=DIRECTION('',(0.,-1.,0.));
#7710=DIRECTION('',(0.707106781186547,0.,0.707106781186548));
#7711=DIRECTION('',(0.,1.,0.));
#7712=DIRECTION('center_axis',(1.,0.,0.));
#7713=DIRECTION('ref_axis',(0.,0.,-1.));
#7714=DIRECTION('',(0.,0.,-1.));
#7715=DIRECTION('',(0.,-1.,0.));
#7716=DIRECTION('',(0.,0.,-1.));
#7717=DIRECTION('center_axis',(0.707106781186548,0.,0.707106781186547));
#7718=DIRECTION('ref_axis',(0.707106781186547,0.,-0.707106781186548));
#7719=DIRECTION('',(0.707106781186547,0.,-0.707106781186548));
#7720=DIRECTION('',(0.,-1.,0.));
#7721=DIRECTION('',(0.707106781186547,0.,-0.707106781186548));
#7722=DIRECTION('',(0.,1.,0.));
#7723=DIRECTION('center_axis',(0.,0.,-1.));
#7724=DIRECTION('ref_axis',(-1.,0.,0.));
#7725=DIRECTION('',(-1.,0.,0.));
#7726=DIRECTION('',(-1.,0.,0.));
#7727=DIRECTION('center_axis',(0.707106781186549,0.,-0.707106781186546));
#7728=DIRECTION('ref_axis',(-0.707106781186546,0.,-0.707106781186549));
#7729=DIRECTION('',(-0.707106781186546,0.,-0.707106781186549));
#7730=DIRECTION('',(0.,-1.,0.));
#7731=DIRECTION('',(-0.707106781186546,0.,-0.707106781186549));
#7732=DIRECTION('',(0.,1.,0.));
#7733=DIRECTION('center_axis',(-1.,0.,0.));
#7734=DIRECTION('ref_axis',(0.,0.,1.));
#7735=DIRECTION('',(0.,0.,1.));
#7736=DIRECTION('',(0.,0.,1.));
#7737=DIRECTION('center_axis',(-0.707106781186548,0.,-0.707106781186547));
#7738=DIRECTION('ref_axis',(-0.707106781186547,0.,0.707106781186548));
#7739=DIRECTION('',(-0.707106781186547,0.,0.707106781186548));
#7740=DIRECTION('',(-0.707106781186547,0.,0.707106781186548));
#7741=DIRECTION('',(0.,1.,0.));
#7742=DIRECTION('center_axis',(0.,0.,1.));
#7743=DIRECTION('ref_axis',(1.,0.,0.));
#7744=DIRECTION('',(1.,0.,0.));
#7745=DIRECTION('',(1.,0.,0.));
#7746=DIRECTION('center_axis',(-0.707106781186547,0.,0.707106781186548));
#7747=DIRECTION('ref_axis',(0.707106781186548,0.,0.707106781186547));
#7748=DIRECTION('',(0.707106781186548,0.,0.707106781186547));
#7749=DIRECTION('',(0.,-1.,0.));
#7750=DIRECTION('',(0.707106781186548,0.,0.707106781186547));
#7751=DIRECTION('',(0.,1.,0.));
#7752=DIRECTION('center_axis',(1.,0.,0.));
#7753=DIRECTION('ref_axis',(0.,0.,-1.));
#7754=DIRECTION('',(0.,0.,-1.));
#7755=DIRECTION('',(0.,-1.,0.));
#7756=DIRECTION('',(0.,0.,-1.));
#7757=DIRECTION('center_axis',(-0.707106781186547,0.,-0.707106781186548));
#7758=DIRECTION('ref_axis',(-0.707106781186548,0.,0.707106781186547));
#7759=DIRECTION('',(-0.707106781186548,0.,0.707106781186547));
#7760=DIRECTION('',(-0.707106781186548,0.,0.707106781186547));
#7761=DIRECTION('',(0.,1.,0.));
#7762=DIRECTION('center_axis',(0.,0.,1.));
#7763=DIRECTION('ref_axis',(1.,0.,0.));
#7764=DIRECTION('',(1.,0.,0.));
#7765=DIRECTION('',(0.,-1.,0.));
#7766=DIRECTION('',(1.,0.,0.));
#7767=DIRECTION('center_axis',(0.707106781186548,0.,-0.707106781186548));
#7768=DIRECTION('ref_axis',(-0.707106781186548,0.,-0.707106781186548));
#7769=DIRECTION('',(-0.707106781186548,0.,-0.707106781186548));
#7770=DIRECTION('',(-0.707106781186548,0.,-0.707106781186548));
#7771=DIRECTION('',(0.,1.,0.));
#7772=DIRECTION('center_axis',(-1.,0.,0.));
#7773=DIRECTION('ref_axis',(0.,0.,1.));
#7774=DIRECTION('',(0.,0.,1.));
#7775=DIRECTION('',(0.,-1.,0.));
#7776=DIRECTION('',(0.,0.,1.));
#7777=DIRECTION('center_axis',(0.707106781186548,0.,0.707106781186548));
#7778=DIRECTION('ref_axis',(0.707106781186548,0.,-0.707106781186548));
#7779=DIRECTION('',(0.707106781186548,0.,-0.707106781186548));
#7780=DIRECTION('',(0.707106781186548,0.,-0.707106781186548));
#7781=DIRECTION('',(0.,1.,0.));
#7782=DIRECTION('center_axis',(0.,0.,-1.));
#7783=DIRECTION('ref_axis',(-1.,0.,0.));
#7784=DIRECTION('',(-1.,0.,0.));
#7785=DIRECTION('',(-1.,0.,0.));
#7786=DIRECTION('center_axis',(-0.707106781186548,0.,-0.707106781186548));
#7787=DIRECTION('ref_axis',(-0.707106781186548,0.,0.707106781186548));
#7788=DIRECTION('',(-0.707106781186548,0.,0.707106781186548));
#7789=DIRECTION('',(0.,-1.,0.));
#7790=DIRECTION('',(-0.707106781186548,0.,0.707106781186548));
#7791=DIRECTION('',(0.,1.,0.));
#7792=DIRECTION('center_axis',(1.,0.,0.));
#7793=DIRECTION('ref_axis',(0.,0.,-1.));
#7794=DIRECTION('',(0.,0.,-1.));
#7795=DIRECTION('',(0.,1.,0.));
#7796=DIRECTION('',(0.,0.,-1.));
#7797=DIRECTION('center_axis',(-0.707106781186547,0.,0.707106781186548));
#7798=DIRECTION('ref_axis',(0.707106781186548,0.,0.707106781186547));
#7799=DIRECTION('',(0.707106781186548,0.,0.707106781186547));
#7800=DIRECTION('',(0.,-1.,0.));
#7801=DIRECTION('',(0.707106781186548,0.,0.707106781186547));
#7802=DIRECTION('center_axis',(0.,0.,-1.));
#7803=DIRECTION('ref_axis',(-1.,0.,0.));
#7804=DIRECTION('',(-1.,0.,0.));
#7805=DIRECTION('',(0.,1.,0.));
#7806=DIRECTION('',(-1.,0.,0.));
#7807=DIRECTION('center_axis',(0.707106781186548,0.,0.707106781186548));
#7808=DIRECTION('ref_axis',(0.707106781186548,0.,-0.707106781186548));
#7809=DIRECTION('',(0.707106781186548,0.,-0.707106781186548));
#7810=DIRECTION('',(0.,-1.,0.));
#7811=DIRECTION('',(0.707106781186548,0.,-0.707106781186548));
#7812=DIRECTION('center_axis',(-1.,0.,0.));
#7813=DIRECTION('ref_axis',(0.,0.,1.));
#7814=DIRECTION('',(0.,0.,1.));
#7815=DIRECTION('',(0.,1.,0.));
#7816=DIRECTION('',(0.,0.,1.));
#7817=DIRECTION('center_axis',(0.707106781186548,0.,-0.707106781186547));
#7818=DIRECTION('ref_axis',(-0.707106781186547,0.,-0.707106781186548));
#7819=DIRECTION('',(-0.707106781186547,0.,-0.707106781186548));
#7820=DIRECTION('',(0.,-1.,0.));
#7821=DIRECTION('',(-0.707106781186547,0.,-0.707106781186548));
#7822=DIRECTION('center_axis',(0.,1.,0.));
#7823=DIRECTION('ref_axis',(0.,0.,1.));
#7824=DIRECTION('',(1.,0.,0.));
#7825=DIRECTION('center_axis',(0.,0.,1.));
#7826=DIRECTION('ref_axis',(1.,0.,0.));
#7827=DIRECTION('',(1.,0.,0.));
#7828=DIRECTION('center_axis',(0.,1.,0.));
#7829=DIRECTION('ref_axis',(0.,0.,1.));
#7830=DIRECTION('center_axis',(0.,1.,0.));
#7831=DIRECTION('ref_axis',(0.,0.,1.));
#7832=DIRECTION('center_axis',(-1.,0.,0.));
#7833=DIRECTION('ref_axis',(0.,0.,1.));
#7834=DIRECTION('',(0.,0.,1.));
#7835=DIRECTION('',(0.,1.,0.));
#7836=DIRECTION('',(0.,0.,1.));
#7837=DIRECTION('',(0.,1.,0.));
#7838=DIRECTION('center_axis',(0.,0.,-1.));
#7839=DIRECTION('ref_axis',(-1.,0.,0.));
#7840=DIRECTION('',(-1.,0.,0.));
#7841=DIRECTION('',(-1.,0.,0.));
#7842=DIRECTION('',(0.,1.,0.));
#7843=DIRECTION('center_axis',(1.,0.,0.));
#7844=DIRECTION('ref_axis',(0.,0.,-1.));
#7845=DIRECTION('',(0.,0.,-1.));
#7846=DIRECTION('',(0.,0.,-1.));
#7847=DIRECTION('',(0.,1.,0.));
#7848=DIRECTION('center_axis',(0.,0.,1.));
#7849=DIRECTION('ref_axis',(1.,0.,0.));
#7850=DIRECTION('',(1.,0.,0.));
#7851=DIRECTION('',(1.,0.,0.));
#7852=DIRECTION('center_axis',(0.,1.,0.));
#7853=DIRECTION('ref_axis',(0.,0.,1.));
#7854=DIRECTION('center_axis',(0.,1.,0.));
#7855=DIRECTION('ref_axis',(0.,0.,1.));
#7856=DIRECTION('axis',(0.,0.,1.));
#7857=DIRECTION('refdir',(1.,0.,0.));
#7858=DIRECTION('center_axis',(-3.70074341541719E-16,0.,-1.));
#7859=DIRECTION('ref_axis',(-1.,0.,3.70074341541719E-16));
#7860=DIRECTION('',(1.,0.,-3.70074341541719E-16));
#7861=DIRECTION('',(0.,1.,0.));
#7862=DIRECTION('',(-1.,0.,3.70074341541719E-16));
#7863=DIRECTION('',(0.,1.,0.));
#7864=DIRECTION('center_axis',(1.,0.,-1.5419764230905E-16));
#7865=DIRECTION('ref_axis',(-1.5419764230905E-16,0.,-1.));
#7866=DIRECTION('',(1.5419764230905E-16,0.,1.));
#7867=DIRECTION('',(-1.5419764230905E-16,0.,-1.));
#7868=DIRECTION('',(0.,1.,0.));
#7869=DIRECTION('center_axis',(3.70074341541719E-16,0.,1.));
#7870=DIRECTION('ref_axis',(1.,0.,-3.70074341541719E-16));
#7871=DIRECTION('',(-1.,0.,3.70074341541719E-16));
#7872=DIRECTION('',(1.,0.,-3.70074341541719E-16));
#7873=DIRECTION('',(0.,1.,0.));
#7874=DIRECTION('center_axis',(0.,1.,0.));
#7875=DIRECTION('ref_axis',(1.,0.,0.));
#7876=DIRECTION('center_axis',(0.,-1.,0.));
#7877=DIRECTION('ref_axis',(1.,0.,0.));
#7878=DIRECTION('center_axis',(0.,1.,0.));
#7879=DIRECTION('ref_axis',(1.,0.,0.));
#7880=DIRECTION('',(0.,1.,0.));
#7881=DIRECTION('center_axis',(-1.,0.,0.));
#7882=DIRECTION('ref_axis',(0.,0.,1.));
#7883=DIRECTION('',(0.,0.,-1.));
#7884=DIRECTION('',(0.,0.,1.));
#7885=DIRECTION('',(0.,-1.,0.));
#7886=DIRECTION('center_axis',(0.,1.,0.));
#7887=DIRECTION('ref_axis',(1.,0.,0.));
#7888=DIRECTION('center_axis',(0.,-1.,0.));
#7889=DIRECTION('ref_axis',(1.,0.,0.));
#7890=DIRECTION('center_axis',(0.,1.,0.));
#7891=DIRECTION('ref_axis',(1.,0.,0.));
#7892=DIRECTION('center_axis',(0.,1.,0.));
#7893=DIRECTION('ref_axis',(0.,0.,1.));
#7894=DIRECTION('center_axis',(0.5,0.,-0.866025403784439));
#7895=DIRECTION('ref_axis',(-0.866025403784439,0.,-0.5));
#7896=DIRECTION('',(0.866025403784439,0.,0.5));
#7897=DIRECTION('',(0.,1.,0.));
#7898=DIRECTION('',(-0.866025403784439,0.,-0.5));
#7899=DIRECTION('',(0.,1.,0.));
#7900=DIRECTION('center_axis',(0.5,0.,0.866025403784439));
#7901=DIRECTION('ref_axis',(0.866025403784439,0.,-0.5));
#7902=DIRECTION('',(-0.866025403784439,0.,0.5));
#7903=DIRECTION('',(0.866025403784439,0.,-0.5));
#7904=DIRECTION('',(0.,1.,0.));
#7905=DIRECTION('center_axis',(-1.,0.,4.62592926927149E-16));
#7906=DIRECTION('ref_axis',(4.62592926927149E-16,0.,1.));
#7907=DIRECTION('',(-4.62592926927149E-16,0.,-1.));
#7908=DIRECTION('',(4.62592926927149E-16,0.,1.));
#7909=DIRECTION('center_axis',(0.,1.,0.));
#7910=DIRECTION('ref_axis',(0.,0.,1.));
#7911=DIRECTION('center_axis',(0.,-1.,0.));
#7912=DIRECTION('ref_axis',(1.,0.,0.));
#7913=DIRECTION('center_axis',(0.,-1.,0.));
#7914=DIRECTION('ref_axis',(1.,0.,0.));
#7915=DIRECTION('',(0.,-1.,0.));
#7916=DIRECTION('center_axis',(0.,1.,0.));
#7917=DIRECTION('ref_axis',(1.,0.,0.));
#7918=DIRECTION('center_axis',(0.,-1.,0.));
#7919=DIRECTION('ref_axis',(1.,0.,0.));
#7920=DIRECTION('center_axis',(0.,-1.,0.));
#7921=DIRECTION('ref_axis',(1.,0.,0.));
#7922=DIRECTION('',(0.,-1.,0.));
#7923=DIRECTION('center_axis',(0.,1.,0.));
#7924=DIRECTION('ref_axis',(1.,0.,0.));
#7925=DIRECTION('center_axis',(-0.707106781186548,0.,-0.707106781186547));
#7926=DIRECTION('ref_axis',(-0.707106781186547,0.,0.707106781186548));
#7927=DIRECTION('',(0.707106781186547,0.,-0.707106781186548));
#7928=DIRECTION('',(0.,1.,0.));
#7929=DIRECTION('',(0.707106781186547,0.,-0.707106781186548));
#7930=DIRECTION('',(0.,1.,0.));
#7931=DIRECTION('center_axis',(-1.,0.,1.38777878078145E-16));
#7932=DIRECTION('ref_axis',(1.38777878078145E-16,0.,1.));
#7933=DIRECTION('',(-1.38777878078145E-16,0.,-1.));
#7934=DIRECTION('',(0.,-1.,0.));
#7935=DIRECTION('',(-1.38777878078145E-16,0.,-1.));
#7936=DIRECTION('center_axis',(0.,1.,0.));
#7937=DIRECTION('ref_axis',(0.,0.,1.));
#7938=DIRECTION('',(1.,0.,1.48029736616688E-16));
#7939=DIRECTION('',(0.707106781186548,0.,0.707106781186547));
#7940=DIRECTION('',(4.16333634234434E-16,0.,1.));
#7941=DIRECTION('',(-0.707106781186547,0.,0.707106781186548));
#7942=DIRECTION('',(-1.,0.,0.));
#7943=DIRECTION('',(-0.707106781186547,0.,-0.707106781186548));
#7944=DIRECTION('center_axis',(0.,1.,0.));
#7945=DIRECTION('ref_axis',(-1.,0.,0.));
#7946=DIRECTION('center_axis',(-0.707106781186548,0.,0.707106781186547));
#7947=DIRECTION('ref_axis',(0.707106781186547,0.,0.707106781186548));
#7948=DIRECTION('',(-0.707106781186547,0.,-0.707106781186548));
#7949=DIRECTION('',(0.,-1.,0.));
#7950=DIRECTION('center_axis',(0.,0.,1.));
#7951=DIRECTION('ref_axis',(1.,0.,0.));
#7952=DIRECTION('',(0.,1.,0.));
#7953=DIRECTION('',(-1.,0.,0.));
#7954=DIRECTION('center_axis',(0.707106781186547,0.,-0.707106781186548));
#7955=DIRECTION('ref_axis',(-0.707106781186548,0.,-0.707106781186547));
#7956=DIRECTION('',(0.707106781186548,0.,0.707106781186547));
#7957=DIRECTION('',(0.,1.,0.));
#7958=DIRECTION('',(0.,1.,0.));
#7959=DIRECTION('center_axis',(1.48029736616688E-16,0.,-1.));
#7960=DIRECTION('ref_axis',(-1.,0.,-1.48029736616688E-16));
#7961=DIRECTION('',(1.,0.,1.48029736616688E-16));
#7962=DIRECTION('center_axis',(0.707106781186548,0.,0.707106781186547));
#7963=DIRECTION('ref_axis',(0.707106781186547,0.,-0.707106781186548));
#7964=DIRECTION('',(-0.707106781186547,0.,0.707106781186548));
#7965=DIRECTION('',(0.,1.,0.));
#7966=DIRECTION('center_axis',(0.,1.,0.));
#7967=DIRECTION('ref_axis',(-1.,0.,0.));
#7968=DIRECTION('',(0.,-1.,0.));
#7969=DIRECTION('center_axis',(0.,1.,0.));
#7970=DIRECTION('ref_axis',(-1.,0.,0.));
#7971=DIRECTION('center_axis',(0.,1.,0.));
#7972=DIRECTION('ref_axis',(0.,0.,1.));
#7973=DIRECTION('center_axis',(0.,0.,1.));
#7974=DIRECTION('ref_axis',(1.,0.,0.));
#7975=DIRECTION('',(-1.,0.,0.));
#7976=DIRECTION('',(0.,1.,0.));
#7977=DIRECTION('',(-1.,0.,0.));
#7978=DIRECTION('',(0.,-1.,0.));
#7979=DIRECTION('center_axis',(1.,0.,-9.25185853854297E-17));
#7980=DIRECTION('ref_axis',(-9.25185853854297E-17,0.,-1.));
#7981=DIRECTION('',(9.25185853854297E-17,0.,1.));
#7982=DIRECTION('',(0.,1.,0.));
#7983=DIRECTION('',(9.25185853854297E-17,0.,1.));
#7984=DIRECTION('center_axis',(-1.,0.,0.));
#7985=DIRECTION('ref_axis',(0.,0.,1.));
#7986=DIRECTION('',(0.,0.,-1.));
#7987=DIRECTION('',(0.,0.,-1.));
#7988=DIRECTION('',(0.,1.,0.));
#7989=DIRECTION('center_axis',(2.77555756156289E-16,0.,-1.));
#7990=DIRECTION('ref_axis',(-1.,0.,-2.77555756156289E-16));
#7991=DIRECTION('',(1.,0.,2.77555756156289E-16));
#7992=DIRECTION('',(1.,0.,2.77555756156289E-16));
#7993=DIRECTION('center_axis',(0.,1.,0.));
#7994=DIRECTION('ref_axis',(0.,0.,1.));
#7995=DIRECTION('center_axis',(1.,0.,-4.16333634234434E-16));
#7996=DIRECTION('ref_axis',(-4.16333634234434E-16,0.,-1.));
#7997=DIRECTION('',(4.16333634234434E-16,0.,1.));
#7998=DIRECTION('center_axis',(0.,1.,0.));
#7999=DIRECTION('ref_axis',(0.,0.,1.));
#8000=DIRECTION('axis',(0.,0.,1.));
#8001=DIRECTION('refdir',(1.,0.,0.));
#8002=DIRECTION('center_axis',(1.,0.,0.));
#8003=DIRECTION('ref_axis',(0.,0.,-1.));
#8004=DIRECTION('',(0.,1.,0.));
#8005=DIRECTION('',(0.,0.,-1.));
#8006=DIRECTION('',(0.,1.,0.));
#8007=DIRECTION('',(0.,0.,1.));
#8008=DIRECTION('center_axis',(1.44560289664734E-15,0.,1.));
#8009=DIRECTION('ref_axis',(1.,0.,-1.44560289664734E-15));
#8010=DIRECTION('',(-1.,0.,1.44560289664734E-15));
#8011=DIRECTION('',(1.,0.,-1.44560289664734E-15));
#8012=DIRECTION('',(0.,1.,0.));
#8013=DIRECTION('center_axis',(-1.,0.,5.78241158658935E-16));
#8014=DIRECTION('ref_axis',(5.78241158658935E-16,0.,1.));
#8015=DIRECTION('',(-5.78241158658935E-16,0.,-1.));
#8016=DIRECTION('',(5.78241158658935E-16,0.,1.));
#8017=DIRECTION('',(0.,1.,0.));
#8018=DIRECTION('center_axis',(5.78241158658937E-15,0.,-1.));
#8019=DIRECTION('ref_axis',(-1.,0.,-5.78241158658937E-15));
#8020=DIRECTION('',(1.,0.,5.78241158658937E-15));
#8021=DIRECTION('',(-1.,0.,-5.78241158658937E-15));
#8022=DIRECTION('',(0.,1.,0.));
#8023=DIRECTION('center_axis',(1.,0.,0.));
#8024=DIRECTION('ref_axis',(0.,0.,-1.));
#8025=DIRECTION('',(0.,0.,1.));
#8026=DIRECTION('',(0.,0.,-1.));
#8027=DIRECTION('center_axis',(0.,1.,0.));
#8028=DIRECTION('ref_axis',(0.,0.,1.));
#8029=DIRECTION('center_axis',(0.,1.,0.));
#8030=DIRECTION('ref_axis',(1.,0.,0.));
#8031=DIRECTION('center_axis',(0.,-1.,0.));
#8032=DIRECTION('ref_axis',(1.,0.,0.));
#8033=DIRECTION('',(0.,1.,0.));
#8034=DIRECTION('center_axis',(0.,1.,0.));
#8035=DIRECTION('ref_axis',(1.,0.,0.));
#8036=DIRECTION('',(0.,1.,0.));
#8037=DIRECTION('center_axis',(1.,0.,-4.33680868994201E-16));
#8038=DIRECTION('ref_axis',(-4.33680868994201E-16,0.,-1.));
#8039=DIRECTION('',(4.33680868994201E-16,0.,1.));
#8040=DIRECTION('',(-4.33680868994201E-16,0.,-1.));
#8041=DIRECTION('',(0.,1.,0.));
#8042=DIRECTION('center_axis',(0.,1.,0.));
#8043=DIRECTION('ref_axis',(1.,0.,0.));
#8044=DIRECTION('center_axis',(0.,-1.,0.));
#8045=DIRECTION('ref_axis',(1.,0.,0.));
#8046=DIRECTION('center_axis',(0.,1.,0.));
#8047=DIRECTION('ref_axis',(1.,0.,0.));
#8048=DIRECTION('',(0.,1.,0.));
#8049=DIRECTION('center_axis',(-0.500000000000001,0.,0.866025403784438));
#8050=DIRECTION('ref_axis',(0.866025403784438,0.,0.500000000000001));
#8051=DIRECTION('',(-0.866025403784438,0.,-0.500000000000001));
#8052=DIRECTION('',(0.866025403784438,0.,0.500000000000001));
#8053=DIRECTION('',(0.,1.,0.));
#8054=DIRECTION('center_axis',(-0.500000000000002,0.,-0.866025403784438));
#8055=DIRECTION('ref_axis',(-0.866025403784438,0.,0.500000000000002));
#8056=DIRECTION('',(0.866025403784438,0.,-0.500000000000002));
#8057=DIRECTION('',(-0.866025403784438,0.,0.500000000000002));
#8058=DIRECTION('center_axis',(0.,1.,0.));
#8059=DIRECTION('ref_axis',(0.,0.,1.));
#8060=DIRECTION('center_axis',(0.,-1.,0.));
#8061=DIRECTION('ref_axis',(1.,0.,0.));
#8062=DIRECTION('center_axis',(0.,-1.,0.));
#8063=DIRECTION('ref_axis',(1.,0.,0.));
#8064=DIRECTION('',(0.,-1.,0.));
#8065=DIRECTION('center_axis',(0.,1.,0.));
#8066=DIRECTION('ref_axis',(1.,0.,0.));
#8067=DIRECTION('center_axis',(0.,-1.,0.));
#8068=DIRECTION('ref_axis',(1.,0.,0.));
#8069=DIRECTION('center_axis',(0.,-1.,0.));
#8070=DIRECTION('ref_axis',(1.,0.,0.));
#8071=DIRECTION('',(0.,-1.,0.));
#8072=DIRECTION('center_axis',(0.,1.,0.));
#8073=DIRECTION('ref_axis',(1.,0.,0.));
#8074=DIRECTION('center_axis',(-0.707106781186548,0.,-0.707106781186547));
#8075=DIRECTION('ref_axis',(-0.707106781186547,0.,0.707106781186548));
#8076=DIRECTION('',(0.707106781186547,0.,-0.707106781186548));
#8077=DIRECTION('',(0.,1.,0.));
#8078=DIRECTION('',(0.707106781186547,0.,-0.707106781186548));
#8079=DIRECTION('',(0.,1.,0.));
#8080=DIRECTION('center_axis',(-1.,0.,1.38777878078145E-16));
#8081=DIRECTION('ref_axis',(1.38777878078145E-16,0.,1.));
#8082=DIRECTION('',(-1.38777878078145E-16,0.,-1.));
#8083=DIRECTION('',(0.,-1.,0.));
#8084=DIRECTION('',(-1.38777878078145E-16,0.,-1.));
#8085=DIRECTION('center_axis',(0.,1.,0.));
#8086=DIRECTION('ref_axis',(0.,0.,1.));
#8087=DIRECTION('',(1.,0.,1.48029736616688E-16));
#8088=DIRECTION('',(0.707106781186548,0.,0.707106781186547));
#8089=DIRECTION('',(4.16333634234434E-16,0.,1.));
#8090=DIRECTION('',(-0.707106781186547,0.,0.707106781186548));
#8091=DIRECTION('',(-1.,0.,0.));
#8092=DIRECTION('',(-0.707106781186547,0.,-0.707106781186548));
#8093=DIRECTION('center_axis',(0.,1.,0.));
#8094=DIRECTION('ref_axis',(-1.,0.,0.));
#8095=DIRECTION('center_axis',(-0.707106781186548,0.,0.707106781186547));
#8096=DIRECTION('ref_axis',(0.707106781186547,0.,0.707106781186548));
#8097=DIRECTION('',(-0.707106781186547,0.,-0.707106781186548));
#8098=DIRECTION('',(0.,-1.,0.));
#8099=DIRECTION('center_axis',(0.,0.,1.));
#8100=DIRECTION('ref_axis',(1.,0.,0.));
#8101=DIRECTION('',(0.,1.,0.));
#8102=DIRECTION('',(-1.,0.,0.));
#8103=DIRECTION('center_axis',(0.707106781186547,0.,-0.707106781186548));
#8104=DIRECTION('ref_axis',(-0.707106781186548,0.,-0.707106781186547));
#8105=DIRECTION('',(0.707106781186548,0.,0.707106781186547));
#8106=DIRECTION('',(0.,1.,0.));
#8107=DIRECTION('',(0.,1.,0.));
#8108=DIRECTION('center_axis',(1.48029736616688E-16,0.,-1.));
#8109=DIRECTION('ref_axis',(-1.,0.,-1.48029736616688E-16));
#8110=DIRECTION('',(1.,0.,1.48029736616688E-16));
#8111=DIRECTION('center_axis',(0.707106781186548,0.,0.707106781186547));
#8112=DIRECTION('ref_axis',(0.707106781186547,0.,-0.707106781186548));
#8113=DIRECTION('',(-0.707106781186547,0.,0.707106781186548));
#8114=DIRECTION('',(0.,1.,0.));
#8115=DIRECTION('center_axis',(0.,1.,0.));
#8116=DIRECTION('ref_axis',(-1.,0.,0.));
#8117=DIRECTION('',(0.,-1.,0.));
#8118=DIRECTION('center_axis',(0.,1.,0.));
#8119=DIRECTION('ref_axis',(-1.,0.,0.));
#8120=DIRECTION('center_axis',(0.,1.,0.));
#8121=DIRECTION('ref_axis',(0.,0.,1.));
#8122=DIRECTION('center_axis',(0.,0.,1.));
#8123=DIRECTION('ref_axis',(1.,0.,0.));
#8124=DIRECTION('',(-1.,0.,0.));
#8125=DIRECTION('',(0.,1.,0.));
#8126=DIRECTION('',(1.,0.,0.));
#8127=DIRECTION('',(0.,1.,0.));
#8128=DIRECTION('center_axis',(1.,0.,-2.77555756156289E-16));
#8129=DIRECTION('ref_axis',(-2.77555756156289E-16,0.,-1.));
#8130=DIRECTION('',(2.77555756156289E-16,0.,1.));
#8131=DIRECTION('',(0.,1.,0.));
#8132=DIRECTION('',(-2.77555756156289E-16,0.,-1.));
#8133=DIRECTION('center_axis',(-1.,0.,1.85037170770859E-16));
#8134=DIRECTION('ref_axis',(1.85037170770859E-16,0.,1.));
#8135=DIRECTION('',(-1.85037170770859E-16,0.,-1.));
#8136=DIRECTION('',(1.85037170770859E-16,0.,1.));
#8137=DIRECTION('',(0.,1.,0.));
#8138=DIRECTION('center_axis',(2.77555756156289E-16,0.,-1.));
#8139=DIRECTION('ref_axis',(-1.,0.,-2.77555756156289E-16));
#8140=DIRECTION('',(1.,0.,2.77555756156289E-16));
#8141=DIRECTION('',(-1.,0.,-2.77555756156289E-16));
#8142=DIRECTION('center_axis',(0.,1.,0.));
#8143=DIRECTION('ref_axis',(0.,0.,1.));
#8144=DIRECTION('center_axis',(1.,0.,-4.16333634234434E-16));
#8145=DIRECTION('ref_axis',(-4.16333634234434E-16,0.,-1.));
#8146=DIRECTION('',(4.16333634234434E-16,0.,1.));
#8147=DIRECTION('center_axis',(0.,1.,0.));
#8148=DIRECTION('ref_axis',(0.,0.,1.));
#8149=DIRECTION('',(5.55111512312579E-16,6.80011602582902E-16,1.));
#8150=DIRECTION('',(1.,-1.94289029309402E-16,-5.55111512312579E-16));
#8151=DIRECTION('',(-4.57517506302647E-15,-6.80011602582903E-16,-1.));
#8152=DIRECTION('',(-1.,1.94289029309404E-16,4.57517506302647E-15));
#8153=DIRECTION('',(5.5511151231258E-16,6.80011602582901E-16,1.));
#8154=DIRECTION('',(1.,-1.94289029309398E-16,-5.5511151231258E-16));
#8155=DIRECTION('',(-1.,1.5265566588596E-16,-7.43420888695226E-15));
#8156=DIRECTION('',(-7.43420888695226E-15,1.95888232851593E-15,1.));
#8157=DIRECTION('',(1.,-1.52655665885962E-16,3.46944695195361E-15));
#8158=DIRECTION('',(3.46944695195361E-15,-1.95888232851593E-15,-1.));
#8159=DIRECTION('',(-1.,1.52655665885963E-16,-3.82005333267838E-15));
#8160=DIRECTION('',(-3.82005333267838E-15,1.95888232851593E-15,1.));
#8161=DIRECTION('',(-1.,1.52655665885959E-16,-8.0124500456112E-15));
#8162=DIRECTION('',(-8.0124500456112E-15,1.95888232851593E-15,1.));
#8163=DIRECTION('center_axis',(0.,0.,1.));
#8164=DIRECTION('ref_axis',(1.,0.,0.));
#8165=CARTESIAN_POINT('',(0.,0.,0.));
#8166=CARTESIAN_POINT('',(0.,0.,0.));
#8167=CARTESIAN_POINT('Origin',(0.,4.05,-17.));
#8168=CARTESIAN_POINT('',(6.00000000000002,4.05,-13.));
#8169=CARTESIAN_POINT('',(6.00000000000002,4.05,-17.));
#8170=CARTESIAN_POINT('',(6.00000000000002,4.05,-24.));
#8171=CARTESIAN_POINT('',(5.,4.05,-13.));
#8172=CARTESIAN_POINT('',(0.,4.05,-13.));
#8173=CARTESIAN_POINT('',(5.,4.05,-17.));
#8174=CARTESIAN_POINT('',(5.,4.05,-17.));
#8175=CARTESIAN_POINT('',(0.,4.05,-17.));
#8176=CARTESIAN_POINT('Origin',(0.,4.05,-13.));
#8177=CARTESIAN_POINT('',(6.00000000000002,1.55,-13.));
#8178=CARTESIAN_POINT('',(6.00000000000002,5.675,-13.));
#8179=CARTESIAN_POINT('',(5.,1.55,-13.));
#8180=CARTESIAN_POINT('',(0.,1.55,-13.));
#8181=CARTESIAN_POINT('',(5.,4.05,-13.));
#8182=CARTESIAN_POINT('Origin',(0.,1.55,-17.));
#8183=CARTESIAN_POINT('',(6.00000000000002,1.55,-17.));
#8184=CARTESIAN_POINT('',(6.00000000000002,4.425,-17.));
#8185=CARTESIAN_POINT('',(5.,1.55,-17.));
#8186=CARTESIAN_POINT('',(5.,1.55,-17.));
#8187=CARTESIAN_POINT('',(0.,1.55,-17.));
#8188=CARTESIAN_POINT('Origin',(0.,1.55,-13.));
#8189=CARTESIAN_POINT('',(6.00000000000002,1.55,-22.));
#8190=CARTESIAN_POINT('',(5.,1.55,-13.));
#8191=CARTESIAN_POINT('Origin',(0.,4.6,-19.5));
#8192=CARTESIAN_POINT('',(0.,4.6,-19.5));
#8193=CARTESIAN_POINT('',(0.,4.6,-10.5));
#8194=CARTESIAN_POINT('',(0.,4.6,-24.75));
#8195=CARTESIAN_POINT('',(5.,4.6,-19.5));
#8196=CARTESIAN_POINT('',(0.,4.6,-19.5));
#8197=CARTESIAN_POINT('',(5.,4.6,-10.5));
#8198=CARTESIAN_POINT('',(5.,4.6,-10.5));
#8199=CARTESIAN_POINT('',(0.,4.6,-10.5));
#8200=CARTESIAN_POINT('Origin',(0.,1.,-19.5));
#8201=CARTESIAN_POINT('',(0.,1.,-19.5));
#8202=CARTESIAN_POINT('',(0.,0.5,-19.5));
#8203=CARTESIAN_POINT('',(5.,1.,-19.5));
#8204=CARTESIAN_POINT('',(0.,1.,-19.5));
#8205=CARTESIAN_POINT('',(5.,4.6,-19.5));
#8206=CARTESIAN_POINT('Origin',(0.,4.6,-10.5));
#8207=CARTESIAN_POINT('',(0.,1.,-10.5));
#8208=CARTESIAN_POINT('',(0.,2.3,-10.5));
#8209=CARTESIAN_POINT('',(5.,1.,-10.5));
#8210=CARTESIAN_POINT('',(5.,1.,-10.5));
#8211=CARTESIAN_POINT('',(0.,1.,-10.5));
#8212=CARTESIAN_POINT('Origin',(5.,2.8,-15.));
#8213=CARTESIAN_POINT('',(5.,1.,-30.));
#8214=CARTESIAN_POINT('Origin',(-55.2,0.,-5.000038269304));
#8215=CARTESIAN_POINT('',(-57.2,0.,-5.000038269304));
#8216=CARTESIAN_POINT('Origin',(-55.2,0.,-5.000038269304));
#8217=CARTESIAN_POINT('',(-57.2,1.,-5.000038269304));
#8218=CARTESIAN_POINT('',(-57.2,0.,-5.000038269304));
#8219=CARTESIAN_POINT('Origin',(-55.2,1.,-5.000038269304));
#8220=CARTESIAN_POINT('Origin',(-55.2,1.,-5.000038269304));
#8221=CARTESIAN_POINT('',(-53.5,1.,-5.000038269304));
#8222=CARTESIAN_POINT('Origin',(-55.2,1.,-5.000038269304));
#8223=CARTESIAN_POINT('Origin',(3.2,0.,-25.));
#8224=CARTESIAN_POINT('',(1.2,0.,-25.));
#8225=CARTESIAN_POINT('Origin',(3.2,0.,-25.));
#8226=CARTESIAN_POINT('',(1.2,1.,-25.));
#8227=CARTESIAN_POINT('',(1.2,0.,-25.));
#8228=CARTESIAN_POINT('Origin',(3.2,1.,-25.));
#8229=CARTESIAN_POINT('Origin',(3.2,1.,-25.));
#8230=CARTESIAN_POINT('',(4.9,1.,-25.));
#8231=CARTESIAN_POINT('Origin',(3.2,1.,-25.));
#8232=CARTESIAN_POINT('Origin',(3.2,0.,-5.));
#8233=CARTESIAN_POINT('',(1.2,0.,-5.));
#8234=CARTESIAN_POINT('Origin',(3.2,0.,-5.));
#8235=CARTESIAN_POINT('',(1.2,1.,-5.));
#8236=CARTESIAN_POINT('',(1.2,0.,-5.));
#8237=CARTESIAN_POINT('Origin',(3.2,1.,-5.));
#8238=CARTESIAN_POINT('Origin',(3.2,1.,-5.));
#8239=CARTESIAN_POINT('',(4.9,1.,-5.));
#8240=CARTESIAN_POINT('Origin',(3.2,1.,-5.));
#8241=CARTESIAN_POINT('Origin',(-55.2,0.,-24.999961730696));
#8242=CARTESIAN_POINT('',(-57.2,0.,-24.999961730696));
#8243=CARTESIAN_POINT('Origin',(-55.2,0.,-24.999961730696));
#8244=CARTESIAN_POINT('',(-57.2,1.,-24.999961730696));
#8245=CARTESIAN_POINT('',(-57.2,0.,-24.999961730696));
#8246=CARTESIAN_POINT('Origin',(-55.2,1.,-24.999961730696));
#8247=CARTESIAN_POINT('Origin',(-55.2,1.,-24.999961730696));
#8248=CARTESIAN_POINT('',(-53.5,1.,-24.999961730696));
#8249=CARTESIAN_POINT('Origin',(-55.2,1.,-24.999961730696));
#8250=CARTESIAN_POINT('Origin',(3.2,7.3,-5.));
#8251=CARTESIAN_POINT('',(1.15,7.3,-5.));
#8252=CARTESIAN_POINT('Origin',(3.2,7.3,-5.));
#8253=CARTESIAN_POINT('',(1.15,6.3,-5.));
#8254=CARTESIAN_POINT('',(1.15,7.3,-5.));
#8255=CARTESIAN_POINT('Origin',(3.2,6.3,-5.));
#8256=CARTESIAN_POINT('Origin',(3.2,6.3,-5.));
#8257=CARTESIAN_POINT('',(4.9,6.3,-5.));
#8258=CARTESIAN_POINT('Origin',(3.2,6.3,-5.));
#8259=CARTESIAN_POINT('Origin',(-55.2,7.3,-24.999961730696));
#8260=CARTESIAN_POINT('',(-57.25,7.3,-24.999961730696));
#8261=CARTESIAN_POINT('Origin',(-55.2,7.3,-24.999961730696));
#8262=CARTESIAN_POINT('',(-57.25,6.3,-24.999961730696));
#8263=CARTESIAN_POINT('',(-57.25,7.3,-24.999961730696));
#8264=CARTESIAN_POINT('Origin',(-55.2,6.3,-24.999961730696));
#8265=CARTESIAN_POINT('Origin',(-55.2,6.3,-24.999961730696));
#8266=CARTESIAN_POINT('',(-53.5,6.3,-24.999961730696));
#8267=CARTESIAN_POINT('Origin',(-55.2,6.3,-24.999961730696));
#8268=CARTESIAN_POINT('Origin',(-55.2,7.3,-5.000038269304));
#8269=CARTESIAN_POINT('',(-57.25,7.3,-5.000038269304));
#8270=CARTESIAN_POINT('Origin',(-55.2,7.3,-5.000038269304));
#8271=CARTESIAN_POINT('',(-57.25,6.3,-5.000038269304));
#8272=CARTESIAN_POINT('',(-57.25,7.3,-5.000038269304));
#8273=CARTESIAN_POINT('Origin',(-55.2,6.3,-5.000038269304));
#8274=CARTESIAN_POINT('Origin',(-55.2,6.3,-5.000038269304));
#8275=CARTESIAN_POINT('',(-53.5,6.3,-5.000038269304));
#8276=CARTESIAN_POINT('Origin',(-55.2,6.3,-5.000038269304));
#8277=CARTESIAN_POINT('Origin',(3.2,7.3,-25.));
#8278=CARTESIAN_POINT('',(1.15,7.3,-25.));
#8279=CARTESIAN_POINT('Origin',(3.2,7.3,-25.));
#8280=CARTESIAN_POINT('',(1.15,6.3,-25.));
#8281=CARTESIAN_POINT('',(1.15,7.3,-25.));
#8282=CARTESIAN_POINT('Origin',(3.2,6.3,-25.));
#8283=CARTESIAN_POINT('Origin',(3.2,6.3,-25.));
#8284=CARTESIAN_POINT('',(4.9,6.3,-25.));
#8285=CARTESIAN_POINT('Origin',(3.2,6.3,-25.));
#8286=CARTESIAN_POINT('Ctrl Pts',(-5.49550974874603,0.,-28.9254398367353));
#8287=CARTESIAN_POINT('Ctrl Pts',(-5.49550974874603,0.4,-28.9254398367353));
#8288=CARTESIAN_POINT('Ctrl Pts',(-5.73456971633112,0.,-29.1442404850335));
#8289=CARTESIAN_POINT('Ctrl Pts',(-5.73456971633112,0.4,-29.1442404850335));
#8290=CARTESIAN_POINT('Ctrl Pts',(-6.34234929493728,0.,-29.3792485887612));
#8291=CARTESIAN_POINT('Ctrl Pts',(-6.34234929493728,0.4,-29.3792485887612));
#8292=CARTESIAN_POINT('Ctrl Pts',(-6.80020991082058,0.,-29.3792485887612));
#8293=CARTESIAN_POINT('Ctrl Pts',(-6.80020991082058,0.4,-29.3792485887612));
#8294=CARTESIAN_POINT('',(-5.49550974874603,0.,-28.9254398367353));
#8295=CARTESIAN_POINT('',(-6.80020991082058,0.,-29.3792485887612));
#8296=CARTESIAN_POINT('Ctrl Pts',(-5.49550974874603,0.,-28.9254398367353));
#8297=CARTESIAN_POINT('Ctrl Pts',(-5.73456971633112,0.,-29.1442404850335));
#8298=CARTESIAN_POINT('Ctrl Pts',(-6.34234929493728,0.,-29.3792485887612));
#8299=CARTESIAN_POINT('Ctrl Pts',(-6.80020991082058,0.,-29.3792485887612));
#8300=CARTESIAN_POINT('',(-5.49550974874603,0.4,-28.9254398367353));
#8301=CARTESIAN_POINT('',(-5.49550974874603,0.,-28.9254398367353));
#8302=CARTESIAN_POINT('',(-6.80020991082058,0.4,-29.3792485887612));
#8303=CARTESIAN_POINT('Ctrl Pts',(-5.49550974874603,0.4,-28.9254398367353));
#8304=CARTESIAN_POINT('Ctrl Pts',(-5.73456971633112,0.4,-29.1442404850335));
#8305=CARTESIAN_POINT('Ctrl Pts',(-6.34234929493728,0.4,-29.3792485887612));
#8306=CARTESIAN_POINT('Ctrl Pts',(-6.80020991082058,0.4,-29.3792485887612));
#8307=CARTESIAN_POINT('',(-6.80020991082058,0.,-29.3792485887612));
#8308=CARTESIAN_POINT('Ctrl Pts',(-5.0417009967201,0.,-27.8638515061032));
#8309=CARTESIAN_POINT('Ctrl Pts',(-5.0417009967201,0.4,-27.8638515061032));
#8310=CARTESIAN_POINT('Ctrl Pts',(-5.0417009967201,0.,-28.1596375676915));
#8311=CARTESIAN_POINT('Ctrl Pts',(-5.0417009967201,0.4,-28.1596375676915));
#8312=CARTESIAN_POINT('Ctrl Pts',(-5.28076096430519,0.,-28.7268985077239));
#8313=CARTESIAN_POINT('Ctrl Pts',(-5.28076096430519,0.4,-28.7268985077239));
#8314=CARTESIAN_POINT('Ctrl Pts',(-5.49550974874603,0.,-28.9254398367353));
#8315=CARTESIAN_POINT('Ctrl Pts',(-5.49550974874603,0.4,-28.9254398367353));
#8316=CARTESIAN_POINT('',(-5.0417009967201,0.,-27.8638515061032));
#8317=CARTESIAN_POINT('Ctrl Pts',(-5.0417009967201,0.,-27.8638515061032));
#8318=CARTESIAN_POINT('Ctrl Pts',(-5.0417009967201,0.,-28.1596375676915));
#8319=CARTESIAN_POINT('Ctrl Pts',(-5.28076096430519,0.,-28.7268985077239));
#8320=CARTESIAN_POINT('Ctrl Pts',(-5.49550974874603,0.,-28.9254398367353));
#8321=CARTESIAN_POINT('',(-5.0417009967201,0.4,-27.8638515061032));
#8322=CARTESIAN_POINT('',(-5.0417009967201,0.,-27.8638515061032));
#8323=CARTESIAN_POINT('Ctrl Pts',(-5.0417009967201,0.4,-27.8638515061032));
#8324=CARTESIAN_POINT('Ctrl Pts',(-5.0417009967201,0.4,-28.1596375676915));
#8325=CARTESIAN_POINT('Ctrl Pts',(-5.28076096430519,0.4,-28.7268985077239));
#8326=CARTESIAN_POINT('Ctrl Pts',(-5.49550974874603,0.4,-28.9254398367353));
#8327=CARTESIAN_POINT('Ctrl Pts',(-6.03440764177682,0.,-26.6037218464598));
#8328=CARTESIAN_POINT('Ctrl Pts',(-6.03440764177682,0.4,-26.6037218464598));
#8329=CARTESIAN_POINT('Ctrl Pts',(-5.51982093189027,0.,-26.7617445368974));
#8330=CARTESIAN_POINT('Ctrl Pts',(-5.51982093189027,0.4,-26.7617445368974));
#8331=CARTESIAN_POINT('Ctrl Pts',(-5.0417009967201,0.,-27.3978871625051));
#8332=CARTESIAN_POINT('Ctrl Pts',(-5.0417009967201,0.4,-27.3978871625051));
#8333=CARTESIAN_POINT('Ctrl Pts',(-5.0417009967201,0.,-27.8638515061032));
#8334=CARTESIAN_POINT('Ctrl Pts',(-5.0417009967201,0.4,-27.8638515061032));
#8335=CARTESIAN_POINT('',(-6.03440764177682,0.,-26.6037218464598));
#8336=CARTESIAN_POINT('Ctrl Pts',(-6.03440764177682,0.,-26.6037218464598));
#8337=CARTESIAN_POINT('Ctrl Pts',(-5.51982093189027,0.,-26.7617445368974));
#8338=CARTESIAN_POINT('Ctrl Pts',(-5.0417009967201,0.,-27.3978871625051));
#8339=CARTESIAN_POINT('Ctrl Pts',(-5.0417009967201,0.,-27.8638515061032));
#8340=CARTESIAN_POINT('',(-6.03440764177682,0.4,-26.6037218464598));
#8341=CARTESIAN_POINT('',(-6.03440764177682,0.,-26.6037218464598));
#8342=CARTESIAN_POINT('Ctrl Pts',(-6.03440764177682,0.4,-26.6037218464598));
#8343=CARTESIAN_POINT('Ctrl Pts',(-5.51982093189027,0.4,-26.7617445368974));
#8344=CARTESIAN_POINT('Ctrl Pts',(-5.0417009967201,0.4,-27.3978871625051));
#8345=CARTESIAN_POINT('Ctrl Pts',(-5.0417009967201,0.4,-27.8638515061032));
#8346=CARTESIAN_POINT('Ctrl Pts',(-7.05952919769254,0.,-26.3403506957304));
#8347=CARTESIAN_POINT('Ctrl Pts',(-7.05952919769254,0.4,-26.3403506957304));
#8348=CARTESIAN_POINT('Ctrl Pts',(-6.84883227710908,0.,-26.3970767897337));
#8349=CARTESIAN_POINT('Ctrl Pts',(-6.84883227710908,0.4,-26.3970767897337));
#8350=CARTESIAN_POINT('Ctrl Pts',(-6.23700083464554,0.,-26.5429438885991));
#8351=CARTESIAN_POINT('Ctrl Pts',(-6.23700083464554,0.4,-26.5429438885991));
#8352=CARTESIAN_POINT('Ctrl Pts',(-6.03440764177682,0.,-26.6037218464598));
#8353=CARTESIAN_POINT('Ctrl Pts',(-6.03440764177682,0.4,-26.6037218464598));
#8354=CARTESIAN_POINT('',(-7.05952919769254,0.,-26.3403506957304));
#8355=CARTESIAN_POINT('Ctrl Pts',(-7.05952919769254,0.,-26.3403506957304));
#8356=CARTESIAN_POINT('Ctrl Pts',(-6.84883227710908,0.,-26.3970767897337));
#8357=CARTESIAN_POINT('Ctrl Pts',(-6.23700083464554,0.,-26.5429438885991));
#8358=CARTESIAN_POINT('Ctrl Pts',(-6.03440764177682,0.,-26.6037218464598));
#8359=CARTESIAN_POINT('',(-7.05952919769254,0.4,-26.3403506957304));
#8360=CARTESIAN_POINT('',(-7.05952919769254,0.,-26.3403506957304));
#8361=CARTESIAN_POINT('Ctrl Pts',(-7.05952919769254,0.4,-26.3403506957304));
#8362=CARTESIAN_POINT('Ctrl Pts',(-6.84883227710908,0.4,-26.3970767897337));
#8363=CARTESIAN_POINT('Ctrl Pts',(-6.23700083464554,0.4,-26.5429438885991));
#8364=CARTESIAN_POINT('Ctrl Pts',(-6.03440764177682,0.4,-26.6037218464598));
#8365=CARTESIAN_POINT('Ctrl Pts',(-7.71187927872982,0.,-25.5623928351145));
#8366=CARTESIAN_POINT('Ctrl Pts',(-7.71187927872982,0.4,-25.5623928351145));
#8367=CARTESIAN_POINT('Ctrl Pts',(-7.71187927872982,0.,-25.8784382159897));
#8368=CARTESIAN_POINT('Ctrl Pts',(-7.71187927872982,0.4,-25.8784382159897));
#8369=CARTESIAN_POINT('Ctrl Pts',(-7.37557457856775,0.,-26.2552615547256));
#8370=CARTESIAN_POINT('Ctrl Pts',(-7.37557457856775,0.4,-26.2552615547256));
#8371=CARTESIAN_POINT('Ctrl Pts',(-7.05952919769254,0.,-26.3403506957304));
#8372=CARTESIAN_POINT('Ctrl Pts',(-7.05952919769254,0.4,-26.3403506957304));
#8373=CARTESIAN_POINT('',(-7.71187927872982,0.,-25.5623928351145));
#8374=CARTESIAN_POINT('Ctrl Pts',(-7.71187927872982,0.,-25.5623928351145));
#8375=CARTESIAN_POINT('Ctrl Pts',(-7.71187927872982,0.,-25.8784382159897));
#8376=CARTESIAN_POINT('Ctrl Pts',(-7.37557457856775,0.,-26.2552615547256));
#8377=CARTESIAN_POINT('Ctrl Pts',(-7.05952919769254,0.,-26.3403506957304));
#8378=CARTESIAN_POINT('',(-7.71187927872982,0.4,-25.5623928351145));
#8379=CARTESIAN_POINT('',(-7.71187927872982,0.,-25.5623928351145));
#8380=CARTESIAN_POINT('Ctrl Pts',(-7.71187927872982,0.4,-25.5623928351145));
#8381=CARTESIAN_POINT('Ctrl Pts',(-7.71187927872982,0.4,-25.8784382159897));
#8382=CARTESIAN_POINT('Ctrl Pts',(-7.37557457856775,0.4,-26.2552615547256));
#8383=CARTESIAN_POINT('Ctrl Pts',(-7.05952919769254,0.4,-26.3403506957304));
#8384=CARTESIAN_POINT('Ctrl Pts',(-6.67865399509935,0.,-24.7763312467839));
#8385=CARTESIAN_POINT('Ctrl Pts',(-6.67865399509935,0.4,-24.7763312467839));
#8386=CARTESIAN_POINT('Ctrl Pts',(-7.14056647484003,0.,-24.7763312467839));
#8387=CARTESIAN_POINT('Ctrl Pts',(-7.14056647484003,0.4,-24.7763312467839));
#8388=CARTESIAN_POINT('Ctrl Pts',(-7.71187927872982,0.,-25.209880679523));
#8389=CARTESIAN_POINT('Ctrl Pts',(-7.71187927872982,0.4,-25.209880679523));
#8390=CARTESIAN_POINT('Ctrl Pts',(-7.71187927872982,0.,-25.5623928351145));
#8391=CARTESIAN_POINT('Ctrl Pts',(-7.71187927872982,0.4,-25.5623928351145));
#8392=CARTESIAN_POINT('',(-6.67865399509935,0.,-24.7763312467839));
#8393=CARTESIAN_POINT('Ctrl Pts',(-6.67865399509935,0.,-24.7763312467839));
#8394=CARTESIAN_POINT('Ctrl Pts',(-7.14056647484003,0.,-24.7763312467839));
#8395=CARTESIAN_POINT('Ctrl Pts',(-7.71187927872982,0.,-25.209880679523));
#8396=CARTESIAN_POINT('Ctrl Pts',(-7.71187927872982,0.,-25.5623928351145));
#8397=CARTESIAN_POINT('',(-6.67865399509935,0.4,-24.7763312467839));
#8398=CARTESIAN_POINT('',(-6.67865399509935,0.,-24.7763312467839));
#8399=CARTESIAN_POINT('Ctrl Pts',(-6.67865399509935,0.4,-24.7763312467839));
#8400=CARTESIAN_POINT('Ctrl Pts',(-7.14056647484003,0.4,-24.7763312467839));
#8401=CARTESIAN_POINT('Ctrl Pts',(-7.71187927872982,0.4,-25.209880679523));
#8402=CARTESIAN_POINT('Ctrl Pts',(-7.71187927872982,0.4,-25.5623928351145));
#8403=CARTESIAN_POINT('Ctrl Pts',(-5.28481282816256,0.,-25.3192810036721));
#8404=CARTESIAN_POINT('Ctrl Pts',(-5.28481282816256,0.4,-25.3192810036721));
#8405=CARTESIAN_POINT('Ctrl Pts',(-5.52387279574765,0.,-25.1004803553739));
#8406=CARTESIAN_POINT('Ctrl Pts',(-5.52387279574765,0.4,-25.1004803553739));
#8407=CARTESIAN_POINT('Ctrl Pts',(-6.26941574550454,0.,-24.7763312467839));
#8408=CARTESIAN_POINT('Ctrl Pts',(-6.26941574550454,0.4,-24.7763312467839));
#8409=CARTESIAN_POINT('Ctrl Pts',(-6.67865399509935,0.,-24.7763312467839));
#8410=CARTESIAN_POINT('Ctrl Pts',(-6.67865399509935,0.4,-24.7763312467839));
#8411=CARTESIAN_POINT('',(-5.28481282816256,0.,-25.3192810036721));
#8412=CARTESIAN_POINT('Ctrl Pts',(-5.28481282816256,0.,-25.3192810036721));
#8413=CARTESIAN_POINT('Ctrl Pts',(-5.52387279574765,0.,-25.1004803553739));
#8414=CARTESIAN_POINT('Ctrl Pts',(-6.26941574550454,0.,-24.7763312467839));
#8415=CARTESIAN_POINT('Ctrl Pts',(-6.67865399509935,0.,-24.7763312467839));
#8416=CARTESIAN_POINT('',(-5.28481282816256,0.4,-25.3192810036721));
#8417=CARTESIAN_POINT('',(-5.28481282816256,0.,-25.3192810036721));
#8418=CARTESIAN_POINT('Ctrl Pts',(-5.28481282816256,0.4,-25.3192810036721));
#8419=CARTESIAN_POINT('Ctrl Pts',(-5.52387279574765,0.4,-25.1004803553739));
#8420=CARTESIAN_POINT('Ctrl Pts',(-6.26941574550454,0.4,-24.7763312467839));
#8421=CARTESIAN_POINT('Ctrl Pts',(-6.67865399509935,0.4,-24.7763312467839));
#8422=CARTESIAN_POINT('Origin',(-5.23619046187407,0.,-25.3192810036721));
#8423=CARTESIAN_POINT('',(-5.23619046187407,0.,-25.3192810036721));
#8424=CARTESIAN_POINT('',(-15.618095230937,0.,-25.3192810036721));
#8425=CARTESIAN_POINT('',(-5.23619046187407,0.4,-25.3192810036721));
#8426=CARTESIAN_POINT('',(-5.23619046187407,0.,-25.3192810036721));
#8427=CARTESIAN_POINT('',(-5.23619046187407,0.4,-25.3192810036721));
#8428=CARTESIAN_POINT('Origin',(-5.23619046187407,0.,-24.5251156876267));
#8429=CARTESIAN_POINT('',(-5.23619046187407,0.,-24.5251156876267));
#8430=CARTESIAN_POINT('',(-5.23619046187407,0.,-19.7625578438133));
#8431=CARTESIAN_POINT('',(-5.23619046187407,0.4,-24.5251156876267));
#8432=CARTESIAN_POINT('',(-5.23619046187407,0.,-24.5251156876267));
#8433=CARTESIAN_POINT('',(-5.23619046187407,0.4,-24.5251156876267));
#8434=CARTESIAN_POINT('Ctrl Pts',(-6.72322449753047,0.,-24.2009665790367));
#8435=CARTESIAN_POINT('Ctrl Pts',(-6.72322449753047,0.4,-24.2009665790367));
#8436=CARTESIAN_POINT('Ctrl Pts',(-6.30183065636353,0.,-24.2009665790367));
#8437=CARTESIAN_POINT('Ctrl Pts',(-6.30183065636353,0.4,-24.2009665790367));
#8438=CARTESIAN_POINT('Ctrl Pts',(-5.55628770660664,0.,-24.3670929971891));
#8439=CARTESIAN_POINT('Ctrl Pts',(-5.55628770660664,0.4,-24.3670929971891));
#8440=CARTESIAN_POINT('Ctrl Pts',(-5.23619046187407,0.,-24.5251156876267));
#8441=CARTESIAN_POINT('Ctrl Pts',(-5.23619046187407,0.4,-24.5251156876267));
#8442=CARTESIAN_POINT('',(-6.72322449753047,0.,-24.2009665790367));
#8443=CARTESIAN_POINT('Ctrl Pts',(-6.72322449753047,0.,-24.2009665790367));
#8444=CARTESIAN_POINT('Ctrl Pts',(-6.30183065636353,0.,-24.2009665790367));
#8445=CARTESIAN_POINT('Ctrl Pts',(-5.55628770660664,0.,-24.3670929971891));
#8446=CARTESIAN_POINT('Ctrl Pts',(-5.23619046187407,0.,-24.5251156876267));
#8447=CARTESIAN_POINT('',(-6.72322449753047,0.4,-24.2009665790367));
#8448=CARTESIAN_POINT('',(-6.72322449753047,0.,-24.2009665790367));
#8449=CARTESIAN_POINT('Ctrl Pts',(-6.72322449753047,0.4,-24.2009665790367));
#8450=CARTESIAN_POINT('Ctrl Pts',(-6.30183065636353,0.4,-24.2009665790367));
#8451=CARTESIAN_POINT('Ctrl Pts',(-5.55628770660664,0.4,-24.3670929971891));
#8452=CARTESIAN_POINT('Ctrl Pts',(-5.23619046187407,0.4,-24.5251156876267));
#8453=CARTESIAN_POINT('Ctrl Pts',(-8.40474799834084,0.,-25.6312745206899));
#8454=CARTESIAN_POINT('Ctrl Pts',(-8.40474799834084,0.4,-25.6312745206899));
#8455=CARTESIAN_POINT('Ctrl Pts',(-8.40474799834084,0.,-25.0234949420837));
#8456=CARTESIAN_POINT('Ctrl Pts',(-8.40474799834084,0.4,-25.0234949420837));
#8457=CARTESIAN_POINT('Ctrl Pts',(-7.45661185571523,0.,-24.2009665790367));
#8458=CARTESIAN_POINT('Ctrl Pts',(-7.45661185571523,0.4,-24.2009665790367));
#8459=CARTESIAN_POINT('Ctrl Pts',(-6.72322449753047,0.,-24.2009665790367));
#8460=CARTESIAN_POINT('Ctrl Pts',(-6.72322449753047,0.4,-24.2009665790367));
#8461=CARTESIAN_POINT('',(-8.40474799834084,0.,-25.6312745206899));
#8462=CARTESIAN_POINT('Ctrl Pts',(-8.40474799834084,0.,-25.6312745206899));
#8463=CARTESIAN_POINT('Ctrl Pts',(-8.40474799834084,0.,-25.0234949420837));
#8464=CARTESIAN_POINT('Ctrl Pts',(-7.45661185571523,0.,-24.2009665790367));
#8465=CARTESIAN_POINT('Ctrl Pts',(-6.72322449753047,0.,-24.2009665790367));
#8466=CARTESIAN_POINT('',(-8.40474799834084,0.4,-25.6312745206899));
#8467=CARTESIAN_POINT('',(-8.40474799834084,0.,-25.6312745206899));
#8468=CARTESIAN_POINT('Ctrl Pts',(-8.40474799834084,0.4,-25.6312745206899));
#8469=CARTESIAN_POINT('Ctrl Pts',(-8.40474799834084,0.4,-25.0234949420837));
#8470=CARTESIAN_POINT('Ctrl Pts',(-7.45661185571523,0.4,-24.2009665790367));
#8471=CARTESIAN_POINT('Ctrl Pts',(-6.72322449753047,0.4,-24.2009665790367));
#8472=CARTESIAN_POINT('Ctrl Pts',(-8.08059888975089,0.,-26.5348401608844));
#8473=CARTESIAN_POINT('Ctrl Pts',(-8.08059888975089,0.4,-26.5348401608844));
#8474=CARTESIAN_POINT('Ctrl Pts',(-8.23456971633112,0.,-26.368713742732));
#8475=CARTESIAN_POINT('Ctrl Pts',(-8.23456971633112,0.4,-26.368713742732));
#8476=CARTESIAN_POINT('Ctrl Pts',(-8.40474799834084,0.,-25.9230087184209));
#8477=CARTESIAN_POINT('Ctrl Pts',(-8.40474799834084,0.4,-25.9230087184209));
#8478=CARTESIAN_POINT('Ctrl Pts',(-8.40474799834084,0.,-25.6312745206899));
#8479=CARTESIAN_POINT('Ctrl Pts',(-8.40474799834084,0.4,-25.6312745206899));
#8480=CARTESIAN_POINT('',(-8.08059888975089,0.,-26.5348401608844));
#8481=CARTESIAN_POINT('Ctrl Pts',(-8.08059888975089,0.,-26.5348401608844));
#8482=CARTESIAN_POINT('Ctrl Pts',(-8.23456971633112,0.,-26.368713742732));
#8483=CARTESIAN_POINT('Ctrl Pts',(-8.40474799834084,0.,-25.9230087184209));
#8484=CARTESIAN_POINT('Ctrl Pts',(-8.40474799834084,0.,-25.6312745206899));
#8485=CARTESIAN_POINT('',(-8.08059888975089,0.4,-26.5348401608844));
#8486=CARTESIAN_POINT('',(-8.08059888975089,0.,-26.5348401608844));
#8487=CARTESIAN_POINT('Ctrl Pts',(-8.08059888975089,0.4,-26.5348401608844));
#8488=CARTESIAN_POINT('Ctrl Pts',(-8.23456971633112,0.4,-26.368713742732));
#8489=CARTESIAN_POINT('Ctrl Pts',(-8.40474799834084,0.4,-25.9230087184209));
#8490=CARTESIAN_POINT('Ctrl Pts',(-8.40474799834084,0.4,-25.6312745206899));
#8491=CARTESIAN_POINT('Ctrl Pts',(-7.25401866284651,0.,-26.9764933213382));
#8492=CARTESIAN_POINT('Ctrl Pts',(-7.25401866284651,0.4,-26.9764933213382));
#8493=CARTESIAN_POINT('Ctrl Pts',(-7.51333794971848,0.,-26.9076116357628));
#8494=CARTESIAN_POINT('Ctrl Pts',(-7.51333794971848,0.4,-26.9076116357628));
#8495=CARTESIAN_POINT('Ctrl Pts',(-7.92257619931329,0.,-26.7009665790367));
#8496=CARTESIAN_POINT('Ctrl Pts',(-7.92257619931329,0.4,-26.7009665790367));
#8497=CARTESIAN_POINT('Ctrl Pts',(-8.08059888975089,0.,-26.5348401608844));
#8498=CARTESIAN_POINT('Ctrl Pts',(-8.08059888975089,0.4,-26.5348401608844));
#8499=CARTESIAN_POINT('',(-7.25401866284651,0.,-26.9764933213382));
#8500=CARTESIAN_POINT('Ctrl Pts',(-7.25401866284651,0.,-26.9764933213382));
#8501=CARTESIAN_POINT('Ctrl Pts',(-7.51333794971848,0.,-26.9076116357628));
#8502=CARTESIAN_POINT('Ctrl Pts',(-7.92257619931329,0.,-26.7009665790367));
#8503=CARTESIAN_POINT('Ctrl Pts',(-8.08059888975089,0.,-26.5348401608844));
#8504=CARTESIAN_POINT('',(-7.25401866284651,0.4,-26.9764933213382));
#8505=CARTESIAN_POINT('',(-7.25401866284651,0.,-26.9764933213382));
#8506=CARTESIAN_POINT('Ctrl Pts',(-7.25401866284651,0.4,-26.9764933213382));
#8507=CARTESIAN_POINT('Ctrl Pts',(-7.51333794971848,0.4,-26.9076116357628));
#8508=CARTESIAN_POINT('Ctrl Pts',(-7.92257619931329,0.4,-26.7009665790367));
#8509=CARTESIAN_POINT('Ctrl Pts',(-8.08059888975089,0.4,-26.5348401608844));
#8510=CARTESIAN_POINT('Ctrl Pts',(-6.35045302265203,0.,-27.2033976973512));
#8511=CARTESIAN_POINT('Ctrl Pts',(-6.35045302265203,0.4,-27.2033976973512));
#8512=CARTESIAN_POINT('Ctrl Pts',(-6.58140926252237,0.,-27.1385678756332));
#8513=CARTESIAN_POINT('Ctrl Pts',(-6.58140926252237,0.4,-27.1385678756332));
#8514=CARTESIAN_POINT('Ctrl Pts',(-6.96633632897293,0.,-27.0494268707709));
#8515=CARTESIAN_POINT('Ctrl Pts',(-6.96633632897293,0.4,-27.0494268707709));
#8516=CARTESIAN_POINT('Ctrl Pts',(-7.25401866284651,0.,-26.9764933213382));
#8517=CARTESIAN_POINT('Ctrl Pts',(-7.25401866284651,0.4,-26.9764933213382));
#8518=CARTESIAN_POINT('',(-6.35045302265203,0.,-27.2033976973512));
#8519=CARTESIAN_POINT('Ctrl Pts',(-6.35045302265203,0.,-27.2033976973512));
#8520=CARTESIAN_POINT('Ctrl Pts',(-6.58140926252237,0.,-27.1385678756332));
#8521=CARTESIAN_POINT('Ctrl Pts',(-6.96633632897293,0.,-27.0494268707709));
#8522=CARTESIAN_POINT('Ctrl Pts',(-7.25401866284651,0.,-26.9764933213382));
#8523=CARTESIAN_POINT('',(-6.35045302265203,0.4,-27.2033976973512));
#8524=CARTESIAN_POINT('',(-6.35045302265203,0.,-27.2033976973512));
#8525=CARTESIAN_POINT('Ctrl Pts',(-6.35045302265203,0.4,-27.2033976973512));
#8526=CARTESIAN_POINT('Ctrl Pts',(-6.58140926252237,0.4,-27.1385678756332));
#8527=CARTESIAN_POINT('Ctrl Pts',(-6.96633632897293,0.4,-27.0494268707709));
#8528=CARTESIAN_POINT('Ctrl Pts',(-7.25401866284651,0.4,-26.9764933213382));
#8529=CARTESIAN_POINT('Ctrl Pts',(-5.73456971633112,0.,-27.9691999663949));
#8530=CARTESIAN_POINT('Ctrl Pts',(-5.73456971633112,0.4,-27.9691999663949));
#8531=CARTESIAN_POINT('Ctrl Pts',(-5.73456971633112,0.,-27.6693620409492));
#8532=CARTESIAN_POINT('Ctrl Pts',(-5.73456971633112,0.4,-27.6693620409492));
#8533=CARTESIAN_POINT('Ctrl Pts',(-6.03035577791945,0.,-27.2965905660708));
#8534=CARTESIAN_POINT('Ctrl Pts',(-6.03035577791945,0.4,-27.2965905660708));
#8535=CARTESIAN_POINT('Ctrl Pts',(-6.35045302265203,0.,-27.2033976973512));
#8536=CARTESIAN_POINT('Ctrl Pts',(-6.35045302265203,0.4,-27.2033976973512));
#8537=CARTESIAN_POINT('',(-5.73456971633112,0.,-27.9691999663949));
#8538=CARTESIAN_POINT('Ctrl Pts',(-5.73456971633112,0.,-27.9691999663949));
#8539=CARTESIAN_POINT('Ctrl Pts',(-5.73456971633112,0.,-27.6693620409492));
#8540=CARTESIAN_POINT('Ctrl Pts',(-6.03035577791945,0.,-27.2965905660708));
#8541=CARTESIAN_POINT('Ctrl Pts',(-6.35045302265203,0.,-27.2033976973512));
#8542=CARTESIAN_POINT('',(-5.73456971633112,0.4,-27.9691999663949));
#8543=CARTESIAN_POINT('',(-5.73456971633112,0.,-27.9691999663949));
#8544=CARTESIAN_POINT('Ctrl Pts',(-5.73456971633112,0.4,-27.9691999663949));
#8545=CARTESIAN_POINT('Ctrl Pts',(-5.73456971633112,0.4,-27.6693620409492));
#8546=CARTESIAN_POINT('Ctrl Pts',(-6.03035577791945,0.4,-27.2965905660708));
#8547=CARTESIAN_POINT('Ctrl Pts',(-6.35045302265203,0.4,-27.2033976973512));
#8548=CARTESIAN_POINT('Ctrl Pts',(-6.84883227710908,0.,-28.8038839210141));
#8549=CARTESIAN_POINT('Ctrl Pts',(-6.84883227710908,0.4,-28.8038839210141));
#8550=CARTESIAN_POINT('Ctrl Pts',(-6.29777879250616,0.,-28.8038839210141));
#8551=CARTESIAN_POINT('Ctrl Pts',(-6.29777879250616,0.4,-28.8038839210141));
#8552=CARTESIAN_POINT('Ctrl Pts',(-5.73456971633112,0.,-28.3460233051307));
#8553=CARTESIAN_POINT('Ctrl Pts',(-5.73456971633112,0.4,-28.3460233051307));
#8554=CARTESIAN_POINT('Ctrl Pts',(-5.73456971633112,0.,-27.9691999663949));
#8555=CARTESIAN_POINT('Ctrl Pts',(-5.73456971633112,0.4,-27.9691999663949));
#8556=CARTESIAN_POINT('',(-6.84883227710908,0.,-28.8038839210141));
#8557=CARTESIAN_POINT('Ctrl Pts',(-6.84883227710908,0.,-28.8038839210141));
#8558=CARTESIAN_POINT('Ctrl Pts',(-6.29777879250616,0.,-28.8038839210141));
#8559=CARTESIAN_POINT('Ctrl Pts',(-5.73456971633112,0.,-28.3460233051307));
#8560=CARTESIAN_POINT('Ctrl Pts',(-5.73456971633112,0.,-27.9691999663949));
#8561=CARTESIAN_POINT('',(-6.84883227710908,0.4,-28.8038839210141));
#8562=CARTESIAN_POINT('',(-6.84883227710908,0.,-28.8038839210141));
#8563=CARTESIAN_POINT('Ctrl Pts',(-6.84883227710908,0.4,-28.8038839210141));
#8564=CARTESIAN_POINT('Ctrl Pts',(-6.29777879250616,0.4,-28.8038839210141));
#8565=CARTESIAN_POINT('Ctrl Pts',(-5.73456971633112,0.4,-28.3460233051307));
#8566=CARTESIAN_POINT('Ctrl Pts',(-5.73456971633112,0.4,-27.9691999663949));
#8567=CARTESIAN_POINT('Ctrl Pts',(-8.39259240676872,0.,-28.1555857038342));
#8568=CARTESIAN_POINT('Ctrl Pts',(-8.39259240676872,0.4,-28.1555857038342));
#8569=CARTESIAN_POINT('Ctrl Pts',(-8.06439143432139,0.,-28.4635273569946));
#8570=CARTESIAN_POINT('Ctrl Pts',(-8.06439143432139,0.4,-28.4635273569946));
#8571=CARTESIAN_POINT('Ctrl Pts',(-7.23375934355964,0.,-28.8038839210141));
#8572=CARTESIAN_POINT('Ctrl Pts',(-7.23375934355964,0.4,-28.8038839210141));
#8573=CARTESIAN_POINT('Ctrl Pts',(-6.84883227710908,0.,-28.8038839210141));
#8574=CARTESIAN_POINT('Ctrl Pts',(-6.84883227710908,0.4,-28.8038839210141));
#8575=CARTESIAN_POINT('',(-8.39259240676872,0.,-28.1555857038342));
#8576=CARTESIAN_POINT('Ctrl Pts',(-8.39259240676872,0.,-28.1555857038342));
#8577=CARTESIAN_POINT('Ctrl Pts',(-8.06439143432139,0.,-28.4635273569946));
#8578=CARTESIAN_POINT('Ctrl Pts',(-7.23375934355964,0.,-28.8038839210141));
#8579=CARTESIAN_POINT('Ctrl Pts',(-6.84883227710908,0.,-28.8038839210141));
#8580=CARTESIAN_POINT('',(-8.39259240676872,0.4,-28.1555857038342));
#8581=CARTESIAN_POINT('',(-8.39259240676872,0.,-28.1555857038342));
#8582=CARTESIAN_POINT('Ctrl Pts',(-8.39259240676872,0.4,-28.1555857038342));
#8583=CARTESIAN_POINT('Ctrl Pts',(-8.06439143432139,0.4,-28.4635273569946));
#8584=CARTESIAN_POINT('Ctrl Pts',(-7.23375934355964,0.4,-28.8038839210141));
#8585=CARTESIAN_POINT('Ctrl Pts',(-6.84883227710908,0.4,-28.8038839210141));
#8586=CARTESIAN_POINT('Origin',(-8.44121477305721,0.,-28.1555857038342));
#8587=CARTESIAN_POINT('',(-8.44121477305721,0.,-28.1555857038342));
#8588=CARTESIAN_POINT('',(-17.2206073865286,0.,-28.1555857038342));
#8589=CARTESIAN_POINT('',(-8.44121477305721,0.4,-28.1555857038342));
#8590=CARTESIAN_POINT('',(-8.44121477305721,0.,-28.1555857038342));
#8591=CARTESIAN_POINT('',(-8.44121477305721,0.4,-28.1555857038342));
#8592=CARTESIAN_POINT('Origin',(-8.44121477305721,0.,-28.9902696584533));
#8593=CARTESIAN_POINT('',(-8.44121477305721,0.,-28.9902696584533));
#8594=CARTESIAN_POINT('',(-8.44121477305721,0.,-21.9951348292266));
#8595=CARTESIAN_POINT('',(-8.44121477305721,0.4,-28.9902696584533));
#8596=CARTESIAN_POINT('',(-8.44121477305721,0.,-28.9902696584533));
#8597=CARTESIAN_POINT('',(-8.44121477305721,0.4,-28.9902696584533));
#8598=CARTESIAN_POINT('Ctrl Pts',(-6.80020991082058,0.,-29.3792485887612));
#8599=CARTESIAN_POINT('Ctrl Pts',(-6.80020991082058,0.4,-29.3792485887612));
#8600=CARTESIAN_POINT('Ctrl Pts',(-7.34315966770875,0.,-29.3792485887612));
#8601=CARTESIAN_POINT('Ctrl Pts',(-7.34315966770875,0.4,-29.3792485887612));
#8602=CARTESIAN_POINT('Ctrl Pts',(-8.10491007289514,0.,-29.1523442127483));
#8603=CARTESIAN_POINT('Ctrl Pts',(-8.10491007289514,0.4,-29.1523442127483));
#8604=CARTESIAN_POINT('Ctrl Pts',(-8.44121477305721,0.,-28.9902696584533));
#8605=CARTESIAN_POINT('Ctrl Pts',(-8.44121477305721,0.4,-28.9902696584533));
#8606=CARTESIAN_POINT('Ctrl Pts',(-6.80020991082058,0.,-29.3792485887612));
#8607=CARTESIAN_POINT('Ctrl Pts',(-7.34315966770875,0.,-29.3792485887612));
#8608=CARTESIAN_POINT('Ctrl Pts',(-8.10491007289514,0.,-29.1523442127483));
#8609=CARTESIAN_POINT('Ctrl Pts',(-8.44121477305721,0.,-28.9902696584533));
#8610=CARTESIAN_POINT('Ctrl Pts',(-6.80020991082058,0.4,-29.3792485887612));
#8611=CARTESIAN_POINT('Ctrl Pts',(-7.34315966770875,0.4,-29.3792485887612));
#8612=CARTESIAN_POINT('Ctrl Pts',(-8.10491007289514,0.4,-29.1523442127483));
#8613=CARTESIAN_POINT('Ctrl Pts',(-8.44121477305721,0.4,-28.9902696584533));
#8614=CARTESIAN_POINT('Origin',(-6.76748619561261,0.4,-26.8237199336761));
#8615=CARTESIAN_POINT('Ctrl Pts',(-13.027924659605,0.,-24.8573685239314));
#8616=CARTESIAN_POINT('Ctrl Pts',(-13.027924659605,0.4,-24.8573685239314));
#8617=CARTESIAN_POINT('Ctrl Pts',(-12.6754125040135,0.,-24.8573685239314));
#8618=CARTESIAN_POINT('Ctrl Pts',(-12.6754125040135,0.4,-24.8573685239314));
#8619=CARTESIAN_POINT('Ctrl Pts',(-12.2823817098481,0.,-24.8978871625051));
#8620=CARTESIAN_POINT('Ctrl Pts',(-12.2823817098481,0.4,-24.8978871625051));
#8621=CARTESIAN_POINT('Ctrl Pts',(-12.1203071555532,0.,-24.9870281673674));
#8622=CARTESIAN_POINT('Ctrl Pts',(-12.1203071555532,0.4,-24.9870281673674));
#8623=CARTESIAN_POINT('',(-12.1203071555532,0.,-24.9870281673674));
#8624=CARTESIAN_POINT('',(-13.027924659605,0.,-24.8573685239314));
#8625=CARTESIAN_POINT('Ctrl Pts',(-12.1203071555532,0.,-24.9870281673674));
#8626=CARTESIAN_POINT('Ctrl Pts',(-12.2823817098481,0.,-24.8978871625051));
#8627=CARTESIAN_POINT('Ctrl Pts',(-12.6754125040135,0.,-24.8573685239314));
#8628=CARTESIAN_POINT('Ctrl Pts',(-13.027924659605,0.,-24.8573685239314));
#8629=CARTESIAN_POINT('',(-12.1203071555532,0.4,-24.9870281673674));
#8630=CARTESIAN_POINT('',(-12.1203071555532,0.,-24.9870281673674));
#8631=CARTESIAN_POINT('',(-13.027924659605,0.4,-24.8573685239314));
#8632=CARTESIAN_POINT('Ctrl Pts',(-12.1203071555532,0.4,-24.9870281673674));
#8633=CARTESIAN_POINT('Ctrl Pts',(-12.2823817098481,0.4,-24.8978871625051));
#8634=CARTESIAN_POINT('Ctrl Pts',(-12.6754125040135,0.4,-24.8573685239314));
#8635=CARTESIAN_POINT('Ctrl Pts',(-13.027924659605,0.4,-24.8573685239314));
#8636=CARTESIAN_POINT('',(-13.027924659605,0.,-24.8573685239314));
#8637=CARTESIAN_POINT('Origin',(-13.6640672852128,0.,-24.8573685239314));
#8638=CARTESIAN_POINT('',(-13.6640672852128,0.,-24.8573685239314));
#8639=CARTESIAN_POINT('',(-19.8320336426064,0.,-24.8573685239314));
#8640=CARTESIAN_POINT('',(-13.6640672852128,0.4,-24.8573685239314));
#8641=CARTESIAN_POINT('',(-13.3211442990463,0.4,-24.8573685239314));
#8642=CARTESIAN_POINT('',(-13.6640672852128,0.,-24.8573685239314));
#8643=CARTESIAN_POINT('Origin',(-13.6640672852128,0.,-26.3200913764436));
#8644=CARTESIAN_POINT('',(-13.6640672852128,0.,-26.3200913764436));
#8645=CARTESIAN_POINT('',(-13.6640672852128,0.,-20.6600456882218));
#8646=CARTESIAN_POINT('',(-13.6640672852128,0.4,-26.3200913764436));
#8647=CARTESIAN_POINT('',(-13.6640672852128,0.4,-26.5535749961099));
#8648=CARTESIAN_POINT('',(-13.6640672852128,0.,-26.3200913764436));
#8649=CARTESIAN_POINT('Origin',(-12.9104206077412,0.,-26.3200913764436));
#8650=CARTESIAN_POINT('',(-12.9104206077412,0.,-26.3200913764436));
#8651=CARTESIAN_POINT('',(-19.4552103038706,0.,-26.3200913764436));
#8652=CARTESIAN_POINT('',(-12.9104206077412,0.4,-26.3200913764436));
#8653=CARTESIAN_POINT('',(-12.9443209603105,0.4,-26.3200913764436));
#8654=CARTESIAN_POINT('',(-12.9104206077412,0.,-26.3200913764436));
#8655=CARTESIAN_POINT('Ctrl Pts',(-12.1446183386974,0.,-26.1539649582912));
#8656=CARTESIAN_POINT('Ctrl Pts',(-12.1446183386974,0.4,-26.1539649582912));
#8657=CARTESIAN_POINT('Ctrl Pts',(-12.302641029135,0.,-26.2552615547256));
#8658=CARTESIAN_POINT('Ctrl Pts',(-12.302641029135,0.4,-26.2552615547256));
#8659=CARTESIAN_POINT('Ctrl Pts',(-12.5984270907233,0.,-26.3200913764436));
#8660=CARTESIAN_POINT('Ctrl Pts',(-12.5984270907233,0.4,-26.3200913764436));
#8661=CARTESIAN_POINT('Ctrl Pts',(-12.9104206077412,0.,-26.3200913764436));
#8662=CARTESIAN_POINT('Ctrl Pts',(-12.9104206077412,0.4,-26.3200913764436));
#8663=CARTESIAN_POINT('',(-12.1446183386974,0.,-26.1539649582912));
#8664=CARTESIAN_POINT('Ctrl Pts',(-12.9104206077412,0.,-26.3200913764436));
#8665=CARTESIAN_POINT('Ctrl Pts',(-12.5984270907233,0.,-26.3200913764436));
#8666=CARTESIAN_POINT('Ctrl Pts',(-12.302641029135,0.,-26.2552615547256));
#8667=CARTESIAN_POINT('Ctrl Pts',(-12.1446183386974,0.,-26.1539649582912));
#8668=CARTESIAN_POINT('',(-12.1446183386974,0.4,-26.1539649582912));
#8669=CARTESIAN_POINT('Ctrl Pts',(-12.9104206077412,0.4,-26.3200913764436));
#8670=CARTESIAN_POINT('Ctrl Pts',(-12.5984270907233,0.4,-26.3200913764436));
#8671=CARTESIAN_POINT('Ctrl Pts',(-12.302641029135,0.4,-26.2552615547256));
#8672=CARTESIAN_POINT('Ctrl Pts',(-12.1446183386974,0.4,-26.1539649582912));
#8673=CARTESIAN_POINT('',(-12.1446183386974,0.,-26.1539649582912));
#8674=CARTESIAN_POINT('Ctrl Pts',(-11.8650397325386,0.,-25.5097186049687));
#8675=CARTESIAN_POINT('Ctrl Pts',(-11.8650397325386,0.4,-25.5097186049687));
#8676=CARTESIAN_POINT('Ctrl Pts',(-11.8650397325386,0.,-25.7447267086964));
#8677=CARTESIAN_POINT('Ctrl Pts',(-11.8650397325386,0.4,-25.7447267086964));
#8678=CARTESIAN_POINT('Ctrl Pts',(-11.9906475121172,0.,-26.0567202257142));
#8679=CARTESIAN_POINT('Ctrl Pts',(-11.9906475121172,0.4,-26.0567202257142));
#8680=CARTESIAN_POINT('Ctrl Pts',(-12.1446183386974,0.,-26.1539649582912));
#8681=CARTESIAN_POINT('Ctrl Pts',(-12.1446183386974,0.4,-26.1539649582912));
#8682=CARTESIAN_POINT('',(-11.8650397325386,0.,-25.5097186049687));
#8683=CARTESIAN_POINT('Ctrl Pts',(-12.1446183386974,0.,-26.1539649582912));
#8684=CARTESIAN_POINT('Ctrl Pts',(-11.9906475121172,0.,-26.0567202257142));
#8685=CARTESIAN_POINT('Ctrl Pts',(-11.8650397325386,0.,-25.7447267086964));
#8686=CARTESIAN_POINT('Ctrl Pts',(-11.8650397325386,0.,-25.5097186049687));
#8687=CARTESIAN_POINT('',(-11.8650397325386,0.4,-25.5097186049687));
#8688=CARTESIAN_POINT('Ctrl Pts',(-12.1446183386974,0.4,-26.1539649582912));
#8689=CARTESIAN_POINT('Ctrl Pts',(-11.9906475121172,0.4,-26.0567202257142));
#8690=CARTESIAN_POINT('Ctrl Pts',(-11.8650397325386,0.4,-25.7447267086964));
#8691=CARTESIAN_POINT('Ctrl Pts',(-11.8650397325386,0.4,-25.5097186049687));
#8692=CARTESIAN_POINT('',(-11.8650397325386,0.,-25.5097186049687));
#8693=CARTESIAN_POINT('Ctrl Pts',(-12.1203071555532,0.,-24.9870281673674));
#8694=CARTESIAN_POINT('Ctrl Pts',(-12.1203071555532,0.4,-24.9870281673674));
#8695=CARTESIAN_POINT('Ctrl Pts',(-11.9865956482598,0.,-25.0640135806575));
#8696=CARTESIAN_POINT('Ctrl Pts',(-11.9865956482598,0.4,-25.0640135806575));
#8697=CARTESIAN_POINT('Ctrl Pts',(-11.8650397325386,0.,-25.3314365952442));
#8698=CARTESIAN_POINT('Ctrl Pts',(-11.8650397325386,0.4,-25.3314365952442));
#8699=CARTESIAN_POINT('Ctrl Pts',(-11.8650397325386,0.,-25.5097186049687));
#8700=CARTESIAN_POINT('Ctrl Pts',(-11.8650397325386,0.4,-25.5097186049687));
#8701=CARTESIAN_POINT('Ctrl Pts',(-11.8650397325386,0.,-25.5097186049687));
#8702=CARTESIAN_POINT('Ctrl Pts',(-11.8650397325386,0.,-25.3314365952442));
#8703=CARTESIAN_POINT('Ctrl Pts',(-11.9865956482598,0.,-25.0640135806575));
#8704=CARTESIAN_POINT('Ctrl Pts',(-12.1203071555532,0.,-24.9870281673674));
#8705=CARTESIAN_POINT('Ctrl Pts',(-11.8650397325386,0.4,-25.5097186049687));
#8706=CARTESIAN_POINT('Ctrl Pts',(-11.8650397325386,0.4,-25.3314365952442));
#8707=CARTESIAN_POINT('Ctrl Pts',(-11.9865956482598,0.4,-25.0640135806575));
#8708=CARTESIAN_POINT('Ctrl Pts',(-12.1203071555532,0.4,-24.9870281673674));
#8709=CARTESIAN_POINT('Ctrl Pts',(-12.9104206077412,0.,-26.8751967249038));
#8710=CARTESIAN_POINT('Ctrl Pts',(-12.9104206077412,0.4,-26.8751967249038));
#8711=CARTESIAN_POINT('Ctrl Pts',(-12.5660121798643,0.,-26.8751967249038));
#8712=CARTESIAN_POINT('Ctrl Pts',(-12.5660121798643,0.4,-26.8751967249038));
#8713=CARTESIAN_POINT('Ctrl Pts',(-12.1932407049859,0.,-26.9238190911923));
#8714=CARTESIAN_POINT('Ctrl Pts',(-12.1932407049859,0.4,-26.9238190911923));
#8715=CARTESIAN_POINT('Ctrl Pts',(-12.0352180145483,0.,-27.0048563683398));
#8716=CARTESIAN_POINT('Ctrl Pts',(-12.0352180145483,0.4,-27.0048563683398));
#8717=CARTESIAN_POINT('',(-12.0352180145483,0.,-27.0048563683398));
#8718=CARTESIAN_POINT('',(-12.9104206077412,0.,-26.8751967249038));
#8719=CARTESIAN_POINT('Ctrl Pts',(-12.0352180145483,0.,-27.0048563683398));
#8720=CARTESIAN_POINT('Ctrl Pts',(-12.1932407049859,0.,-26.9238190911923));
#8721=CARTESIAN_POINT('Ctrl Pts',(-12.5660121798643,0.,-26.8751967249038));
#8722=CARTESIAN_POINT('Ctrl Pts',(-12.9104206077412,0.,-26.8751967249038));
#8723=CARTESIAN_POINT('',(-12.0352180145483,0.4,-27.0048563683398));
#8724=CARTESIAN_POINT('',(-12.0352180145483,0.,-27.0048563683398));
#8725=CARTESIAN_POINT('',(-12.9104206077412,0.4,-26.8751967249038));
#8726=CARTESIAN_POINT('Ctrl Pts',(-12.0352180145483,0.4,-27.0048563683398));
#8727=CARTESIAN_POINT('Ctrl Pts',(-12.1932407049859,0.4,-26.9238190911923));
#8728=CARTESIAN_POINT('Ctrl Pts',(-12.5660121798643,0.4,-26.8751967249038));
#8729=CARTESIAN_POINT('Ctrl Pts',(-12.9104206077412,0.4,-26.8751967249038));
#8730=CARTESIAN_POINT('',(-12.9104206077412,0.,-26.8751967249038));
#8731=CARTESIAN_POINT('Origin',(-13.6640672852128,0.,-26.8751967249038));
#8732=CARTESIAN_POINT('',(-13.6640672852128,0.,-26.8751967249038));
#8733=CARTESIAN_POINT('',(-19.8320336426064,0.,-26.8751967249039));
#8734=CARTESIAN_POINT('',(-13.6640672852128,0.4,-26.8751967249038));
#8735=CARTESIAN_POINT('',(-13.3211442990463,0.4,-26.8751967249038));
#8736=CARTESIAN_POINT('',(-13.6640672852128,0.,-26.8751967249038));
#8737=CARTESIAN_POINT('Origin',(-13.6640672852128,0.,-28.7228466438666));
#8738=CARTESIAN_POINT('',(-13.6640672852128,0.,-28.7228466438666));
#8739=CARTESIAN_POINT('',(-13.6640672852128,0.,-21.8614233219333));
#8740=CARTESIAN_POINT('',(-13.6640672852128,0.4,-28.7228466438666));
#8741=CARTESIAN_POINT('',(-13.6640672852128,0.4,-27.7549526298214));
#8742=CARTESIAN_POINT('',(-13.6640672852128,0.,-28.7228466438666));
#8743=CARTESIAN_POINT('Origin',(-13.125169392182,0.,-28.7228466438666));
#8744=CARTESIAN_POINT('',(-13.125169392182,0.,-28.7228466438666));
#8745=CARTESIAN_POINT('',(-19.562584696091,0.,-28.7228466438666));
#8746=CARTESIAN_POINT('',(-13.125169392182,0.4,-28.7228466438666));
#8747=CARTESIAN_POINT('',(-13.0516953525309,0.4,-28.7228466438666));
#8748=CARTESIAN_POINT('',(-13.125169392182,0.,-28.7228466438666));
#8749=CARTESIAN_POINT('Ctrl Pts',(-11.9906475121172,0.,-28.5121497232831));
#8750=CARTESIAN_POINT('Ctrl Pts',(-11.9906475121172,0.4,-28.5121497232831));
#8751=CARTESIAN_POINT('Ctrl Pts',(-12.1851369772711,0.,-28.6418093667191));
#8752=CARTESIAN_POINT('Ctrl Pts',(-12.1851369772711,0.4,-28.6418093667191));
#8753=CARTESIAN_POINT('Ctrl Pts',(-12.6875680955856,0.,-28.7228466438666));
#8754=CARTESIAN_POINT('Ctrl Pts',(-12.6875680955856,0.4,-28.7228466438666));
#8755=CARTESIAN_POINT('Ctrl Pts',(-13.125169392182,0.,-28.7228466438666));
#8756=CARTESIAN_POINT('Ctrl Pts',(-13.125169392182,0.4,-28.7228466438666));
#8757=CARTESIAN_POINT('',(-11.9906475121172,0.,-28.5121497232831));
#8758=CARTESIAN_POINT('Ctrl Pts',(-13.125169392182,0.,-28.7228466438666));
#8759=CARTESIAN_POINT('Ctrl Pts',(-12.6875680955856,0.,-28.7228466438666));
#8760=CARTESIAN_POINT('Ctrl Pts',(-12.1851369772711,0.,-28.6418093667191));
#8761=CARTESIAN_POINT('Ctrl Pts',(-11.9906475121172,0.,-28.5121497232831));
#8762=CARTESIAN_POINT('',(-11.9906475121172,0.4,-28.5121497232831));
#8763=CARTESIAN_POINT('Ctrl Pts',(-13.125169392182,0.4,-28.7228466438666));
#8764=CARTESIAN_POINT('Ctrl Pts',(-12.6875680955856,0.4,-28.7228466438666));
#8765=CARTESIAN_POINT('Ctrl Pts',(-12.1851369772711,0.4,-28.6418093667191));
#8766=CARTESIAN_POINT('Ctrl Pts',(-11.9906475121172,0.4,-28.5121497232831));
#8767=CARTESIAN_POINT('',(-11.9906475121172,0.,-28.5121497232831));
#8768=CARTESIAN_POINT('Ctrl Pts',(-11.6300316288109,0.,-27.7828142289557));
#8769=CARTESIAN_POINT('Ctrl Pts',(-11.6300316288109,0.4,-27.7828142289557));
#8770=CARTESIAN_POINT('Ctrl Pts',(-11.6300316288109,0.,-28.046185379685));
#8771=CARTESIAN_POINT('Ctrl Pts',(-11.6300316288109,0.4,-28.046185379685));
#8772=CARTESIAN_POINT('Ctrl Pts',(-11.804261774678,0.,-28.3784382159897));
#8773=CARTESIAN_POINT('Ctrl Pts',(-11.804261774678,0.4,-28.3784382159897));
#8774=CARTESIAN_POINT('Ctrl Pts',(-11.9906475121172,0.,-28.5121497232831));
#8775=CARTESIAN_POINT('Ctrl Pts',(-11.9906475121172,0.4,-28.5121497232831));
#8776=CARTESIAN_POINT('',(-11.6300316288109,0.,-27.7828142289557));
#8777=CARTESIAN_POINT('Ctrl Pts',(-11.9906475121172,0.,-28.5121497232831));
#8778=CARTESIAN_POINT('Ctrl Pts',(-11.804261774678,0.,-28.3784382159897));
#8779=CARTESIAN_POINT('Ctrl Pts',(-11.6300316288109,0.,-28.046185379685));
#8780=CARTESIAN_POINT('Ctrl Pts',(-11.6300316288109,0.,-27.7828142289557));
#8781=CARTESIAN_POINT('',(-11.6300316288109,0.4,-27.7828142289557));
#8782=CARTESIAN_POINT('Ctrl Pts',(-11.9906475121172,0.4,-28.5121497232831));
#8783=CARTESIAN_POINT('Ctrl Pts',(-11.804261774678,0.4,-28.3784382159897));
#8784=CARTESIAN_POINT('Ctrl Pts',(-11.6300316288109,0.4,-28.046185379685));
#8785=CARTESIAN_POINT('Ctrl Pts',(-11.6300316288109,0.4,-27.7828142289557));
#8786=CARTESIAN_POINT('',(-11.6300316288109,0.,-27.7828142289557));
#8787=CARTESIAN_POINT('Ctrl Pts',(-12.0352180145483,0.,-27.0048563683398));
#8788=CARTESIAN_POINT('Ctrl Pts',(-12.0352180145483,0.4,-27.0048563683398));
#8789=CARTESIAN_POINT('Ctrl Pts',(-11.7921061831058,0.,-27.1345160117758));
#8790=CARTESIAN_POINT('Ctrl Pts',(-11.7921061831058,0.4,-27.1345160117758));
#8791=CARTESIAN_POINT('Ctrl Pts',(-11.6300316288109,0.,-27.4991837589395));
#8792=CARTESIAN_POINT('Ctrl Pts',(-11.6300316288109,0.4,-27.4991837589395));
#8793=CARTESIAN_POINT('Ctrl Pts',(-11.6300316288109,0.,-27.7828142289557));
#8794=CARTESIAN_POINT('Ctrl Pts',(-11.6300316288109,0.4,-27.7828142289557));
#8795=CARTESIAN_POINT('Ctrl Pts',(-11.6300316288109,0.,-27.7828142289557));
#8796=CARTESIAN_POINT('Ctrl Pts',(-11.6300316288109,0.,-27.4991837589395));
#8797=CARTESIAN_POINT('Ctrl Pts',(-11.7921061831058,0.,-27.1345160117758));
#8798=CARTESIAN_POINT('Ctrl Pts',(-12.0352180145483,0.,-27.0048563683398));
#8799=CARTESIAN_POINT('Ctrl Pts',(-11.6300316288109,0.4,-27.7828142289557));
#8800=CARTESIAN_POINT('Ctrl Pts',(-11.6300316288109,0.4,-27.4991837589395));
#8801=CARTESIAN_POINT('Ctrl Pts',(-11.7921061831058,0.4,-27.1345160117758));
#8802=CARTESIAN_POINT('Ctrl Pts',(-12.0352180145483,0.4,-27.0048563683398));
#8803=CARTESIAN_POINT('Ctrl Pts',(-11.8731434602533,0.,-26.5105289777402));
#8804=CARTESIAN_POINT('Ctrl Pts',(-11.8731434602533,0.4,-26.5105289777402));
#8805=CARTESIAN_POINT('Ctrl Pts',(-11.4274384359421,0.,-26.6320848934614));
#8806=CARTESIAN_POINT('Ctrl Pts',(-11.4274384359421,0.4,-26.6320848934614));
#8807=CARTESIAN_POINT('Ctrl Pts',(-10.9371629091998,0.,-27.2763312467839));
#8808=CARTESIAN_POINT('Ctrl Pts',(-10.9371629091998,0.4,-27.2763312467839));
#8809=CARTESIAN_POINT('Ctrl Pts',(-10.9371629091998,0.,-27.7544511819541));
#8810=CARTESIAN_POINT('Ctrl Pts',(-10.9371629091998,0.4,-27.7544511819541));
#8811=CARTESIAN_POINT('',(-11.8731434602533,0.,-26.5105289777402));
#8812=CARTESIAN_POINT('',(-10.9371629091998,0.,-27.7544511819541));
#8813=CARTESIAN_POINT('Ctrl Pts',(-11.8731434602533,0.,-26.5105289777402));
#8814=CARTESIAN_POINT('Ctrl Pts',(-11.4274384359421,0.,-26.6320848934614));
#8815=CARTESIAN_POINT('Ctrl Pts',(-10.9371629091998,0.,-27.2763312467839));
#8816=CARTESIAN_POINT('Ctrl Pts',(-10.9371629091998,0.,-27.7544511819541));
#8817=CARTESIAN_POINT('',(-11.8731434602533,0.4,-26.5105289777402));
#8818=CARTESIAN_POINT('',(-11.8731434602533,0.,-26.5105289777402));
#8819=CARTESIAN_POINT('',(-10.9371629091998,0.4,-27.7544511819541));
#8820=CARTESIAN_POINT('Ctrl Pts',(-11.8731434602533,0.4,-26.5105289777402));
#8821=CARTESIAN_POINT('Ctrl Pts',(-11.4274384359421,0.4,-26.6320848934614));
#8822=CARTESIAN_POINT('Ctrl Pts',(-10.9371629091998,0.4,-27.2763312467839));
#8823=CARTESIAN_POINT('Ctrl Pts',(-10.9371629091998,0.4,-27.7544511819541));
#8824=CARTESIAN_POINT('',(-10.9371629091998,0.,-27.7544511819541));
#8825=CARTESIAN_POINT('Origin',(-11.8731434602533,0.,-26.4862177945959));
#8826=CARTESIAN_POINT('',(-11.8731434602533,0.,-26.4862177945959));
#8827=CARTESIAN_POINT('',(-11.8731434602533,0.,-20.743108897298));
#8828=CARTESIAN_POINT('',(-11.8731434602533,0.4,-26.4862177945959));
#8829=CARTESIAN_POINT('',(-11.8731434602533,0.,-26.4862177945959));
#8830=CARTESIAN_POINT('',(-11.8731434602533,0.4,-26.4862177945959));
#8831=CARTESIAN_POINT('Ctrl Pts',(-11.1721710129276,0.,-25.4165257362491));
#8832=CARTESIAN_POINT('Ctrl Pts',(-11.1721710129276,0.4,-25.4165257362491));
#8833=CARTESIAN_POINT('Ctrl Pts',(-11.1721710129276,0.,-25.7690378918406));
#8834=CARTESIAN_POINT('Ctrl Pts',(-11.1721710129276,0.4,-25.7690378918406));
#8835=CARTESIAN_POINT('Ctrl Pts',(-11.544942487806,0.,-26.3281951041583));
#8836=CARTESIAN_POINT('Ctrl Pts',(-11.544942487806,0.4,-26.3281951041583));
#8837=CARTESIAN_POINT('Ctrl Pts',(-11.8731434602533,0.,-26.4862177945959));
#8838=CARTESIAN_POINT('Ctrl Pts',(-11.8731434602533,0.4,-26.4862177945959));
#8839=CARTESIAN_POINT('',(-11.1721710129276,0.,-25.4165257362491));
#8840=CARTESIAN_POINT('Ctrl Pts',(-11.1721710129276,0.,-25.4165257362491));
#8841=CARTESIAN_POINT('Ctrl Pts',(-11.1721710129276,0.,-25.7690378918406));
#8842=CARTESIAN_POINT('Ctrl Pts',(-11.544942487806,0.,-26.3281951041583));
#8843=CARTESIAN_POINT('Ctrl Pts',(-11.8731434602533,0.,-26.4862177945959));
#8844=CARTESIAN_POINT('',(-11.1721710129276,0.4,-25.4165257362491));
#8845=CARTESIAN_POINT('',(-11.1721710129276,0.,-25.4165257362491));
#8846=CARTESIAN_POINT('Ctrl Pts',(-11.1721710129276,0.4,-25.4165257362491));
#8847=CARTESIAN_POINT('Ctrl Pts',(-11.1721710129276,0.4,-25.7690378918406));
#8848=CARTESIAN_POINT('Ctrl Pts',(-11.544942487806,0.4,-26.3281951041583));
#8849=CARTESIAN_POINT('Ctrl Pts',(-11.8731434602533,0.4,-26.4862177945959));
#8850=CARTESIAN_POINT('Ctrl Pts',(-11.6908095866715,0.,-24.4927007767677));
#8851=CARTESIAN_POINT('Ctrl Pts',(-11.6908095866715,0.4,-24.4927007767677));
#8852=CARTESIAN_POINT('Ctrl Pts',(-11.4193347082274,0.,-24.6345160117758));
#8853=CARTESIAN_POINT('Ctrl Pts',(-11.4193347082274,0.4,-24.6345160117758));
#8854=CARTESIAN_POINT('Ctrl Pts',(-11.1721710129276,0.,-25.1004803553739));
#8855=CARTESIAN_POINT('Ctrl Pts',(-11.1721710129276,0.4,-25.1004803553739));
#8856=CARTESIAN_POINT('Ctrl Pts',(-11.1721710129276,0.,-25.4165257362491));
#8857=CARTESIAN_POINT('Ctrl Pts',(-11.1721710129276,0.4,-25.4165257362491));
#8858=CARTESIAN_POINT('',(-11.6908095866715,0.,-24.4927007767677));
#8859=CARTESIAN_POINT('Ctrl Pts',(-11.6908095866715,0.,-24.4927007767677));
#8860=CARTESIAN_POINT('Ctrl Pts',(-11.4193347082274,0.,-24.6345160117758));
#8861=CARTESIAN_POINT('Ctrl Pts',(-11.1721710129276,0.,-25.1004803553739));
#8862=CARTESIAN_POINT('Ctrl Pts',(-11.1721710129276,0.,-25.4165257362491));
#8863=CARTESIAN_POINT('',(-11.6908095866715,0.4,-24.4927007767677));
#8864=CARTESIAN_POINT('',(-11.6908095866715,0.,-24.4927007767677));
#8865=CARTESIAN_POINT('Ctrl Pts',(-11.6908095866715,0.4,-24.4927007767677));
#8866=CARTESIAN_POINT('Ctrl Pts',(-11.4193347082274,0.4,-24.6345160117758));
#8867=CARTESIAN_POINT('Ctrl Pts',(-11.1721710129276,0.4,-25.1004803553739));
#8868=CARTESIAN_POINT('Ctrl Pts',(-11.1721710129276,0.4,-25.4165257362491));
#8869=CARTESIAN_POINT('Ctrl Pts',(-13.0036134764608,0.,-24.290107583899));
#8870=CARTESIAN_POINT('Ctrl Pts',(-13.0036134764608,0.4,-24.290107583899));
#8871=CARTESIAN_POINT('Ctrl Pts',(-12.4687674472874,0.,-24.290107583899));
#8872=CARTESIAN_POINT('Ctrl Pts',(-12.4687674472874,0.4,-24.290107583899));
#8873=CARTESIAN_POINT('Ctrl Pts',(-11.9339214181139,0.,-24.3589892694743));
#8874=CARTESIAN_POINT('Ctrl Pts',(-11.9339214181139,0.4,-24.3589892694743));
#8875=CARTESIAN_POINT('Ctrl Pts',(-11.6908095866715,0.,-24.4927007767677));
#8876=CARTESIAN_POINT('Ctrl Pts',(-11.6908095866715,0.4,-24.4927007767677));
#8877=CARTESIAN_POINT('',(-13.0036134764608,0.,-24.290107583899));
#8878=CARTESIAN_POINT('Ctrl Pts',(-13.0036134764608,0.,-24.290107583899));
#8879=CARTESIAN_POINT('Ctrl Pts',(-12.4687674472874,0.,-24.290107583899));
#8880=CARTESIAN_POINT('Ctrl Pts',(-11.9339214181139,0.,-24.3589892694743));
#8881=CARTESIAN_POINT('Ctrl Pts',(-11.6908095866715,0.,-24.4927007767677));
#8882=CARTESIAN_POINT('',(-13.0036134764608,0.4,-24.290107583899));
#8883=CARTESIAN_POINT('',(-13.0036134764608,0.,-24.290107583899));
#8884=CARTESIAN_POINT('Ctrl Pts',(-13.0036134764608,0.4,-24.290107583899));
#8885=CARTESIAN_POINT('Ctrl Pts',(-12.4687674472874,0.4,-24.290107583899));
#8886=CARTESIAN_POINT('Ctrl Pts',(-11.9339214181139,0.4,-24.3589892694743));
#8887=CARTESIAN_POINT('Ctrl Pts',(-11.6908095866715,0.4,-24.4927007767677));
#8888=CARTESIAN_POINT('Origin',(-14.3285729578222,0.,-24.290107583899));
#8889=CARTESIAN_POINT('',(-14.3285729578222,0.,-24.290107583899));
#8890=CARTESIAN_POINT('',(-20.1642864789111,0.,-24.290107583899));
#8891=CARTESIAN_POINT('',(-14.3285729578222,0.4,-24.290107583899));
#8892=CARTESIAN_POINT('',(-14.3285729578222,0.,-24.290107583899));
#8893=CARTESIAN_POINT('',(-14.3285729578222,0.4,-24.290107583899));
#8894=CARTESIAN_POINT('Origin',(-14.3285729578222,0.,-29.290107583899));
#8895=CARTESIAN_POINT('',(-14.3285729578222,0.,-29.290107583899));
#8896=CARTESIAN_POINT('',(-14.3285729578222,0.,-22.1450537919495));
#8897=CARTESIAN_POINT('',(-14.3285729578222,0.4,-29.290107583899));
#8898=CARTESIAN_POINT('',(-14.3285729578222,0.,-29.290107583899));
#8899=CARTESIAN_POINT('',(-14.3285729578222,0.4,-29.290107583899));
#8900=CARTESIAN_POINT('Origin',(-12.8942131523117,0.,-29.290107583899));
#8901=CARTESIAN_POINT('',(-12.8942131523117,0.,-29.290107583899));
#8902=CARTESIAN_POINT('',(-19.4471065761558,0.,-29.290107583899));
#8903=CARTESIAN_POINT('',(-12.8942131523117,0.4,-29.290107583899));
#8904=CARTESIAN_POINT('',(-12.8942131523117,0.,-29.290107583899));
#8905=CARTESIAN_POINT('',(-12.8942131523117,0.4,-29.290107583899));
#8906=CARTESIAN_POINT('Ctrl Pts',(-11.4558014829438,0.,-28.8849211981615));
#8907=CARTESIAN_POINT('Ctrl Pts',(-11.4558014829438,0.4,-28.8849211981615));
#8908=CARTESIAN_POINT('Ctrl Pts',(-11.73943195296,0.,-29.1037218464598));
#8909=CARTESIAN_POINT('Ctrl Pts',(-11.73943195296,0.4,-29.1037218464598));
#8910=CARTESIAN_POINT('Ctrl Pts',(-12.3836783062825,0.,-29.290107583899));
#8911=CARTESIAN_POINT('Ctrl Pts',(-12.3836783062825,0.4,-29.290107583899));
#8912=CARTESIAN_POINT('Ctrl Pts',(-12.8942131523117,0.,-29.290107583899));
#8913=CARTESIAN_POINT('Ctrl Pts',(-12.8942131523117,0.4,-29.290107583899));
#8914=CARTESIAN_POINT('',(-11.4558014829438,0.,-28.8849211981615));
#8915=CARTESIAN_POINT('Ctrl Pts',(-11.4558014829438,0.,-28.8849211981615));
#8916=CARTESIAN_POINT('Ctrl Pts',(-11.73943195296,0.,-29.1037218464598));
#8917=CARTESIAN_POINT('Ctrl Pts',(-12.3836783062825,0.,-29.290107583899));
#8918=CARTESIAN_POINT('Ctrl Pts',(-12.8942131523117,0.,-29.290107583899));
#8919=CARTESIAN_POINT('',(-11.4558014829438,0.4,-28.8849211981615));
#8920=CARTESIAN_POINT('',(-11.4558014829438,0.,-28.8849211981615));
#8921=CARTESIAN_POINT('Ctrl Pts',(-11.4558014829438,0.4,-28.8849211981615));
#8922=CARTESIAN_POINT('Ctrl Pts',(-11.73943195296,0.4,-29.1037218464598));
#8923=CARTESIAN_POINT('Ctrl Pts',(-12.3836783062825,0.4,-29.290107583899));
#8924=CARTESIAN_POINT('Ctrl Pts',(-12.8942131523117,0.4,-29.290107583899));
#8925=CARTESIAN_POINT('Ctrl Pts',(-10.9371629091998,0.,-27.7544511819541));
#8926=CARTESIAN_POINT('Ctrl Pts',(-10.9371629091998,0.4,-27.7544511819541));
#8927=CARTESIAN_POINT('Ctrl Pts',(-10.9371629091998,0.,-28.1272226568325));
#8928=CARTESIAN_POINT('Ctrl Pts',(-10.9371629091998,0.4,-28.1272226568325));
#8929=CARTESIAN_POINT('Ctrl Pts',(-11.220793379216,0.,-28.6985354607223));
#8930=CARTESIAN_POINT('Ctrl Pts',(-11.220793379216,0.4,-28.6985354607223));
#8931=CARTESIAN_POINT('Ctrl Pts',(-11.4558014829438,0.,-28.8849211981615));
#8932=CARTESIAN_POINT('Ctrl Pts',(-11.4558014829438,0.4,-28.8849211981615));
#8933=CARTESIAN_POINT('Ctrl Pts',(-10.9371629091998,0.,-27.7544511819541));
#8934=CARTESIAN_POINT('Ctrl Pts',(-10.9371629091998,0.,-28.1272226568325));
#8935=CARTESIAN_POINT('Ctrl Pts',(-11.220793379216,0.,-28.6985354607223));
#8936=CARTESIAN_POINT('Ctrl Pts',(-11.4558014829438,0.,-28.8849211981615));
#8937=CARTESIAN_POINT('Ctrl Pts',(-10.9371629091998,0.4,-27.7544511819541));
#8938=CARTESIAN_POINT('Ctrl Pts',(-10.9371629091998,0.4,-28.1272226568325));
#8939=CARTESIAN_POINT('Ctrl Pts',(-11.220793379216,0.4,-28.6985354607223));
#8940=CARTESIAN_POINT('Ctrl Pts',(-11.4558014829438,0.4,-28.8849211981615));
#8941=CARTESIAN_POINT('Origin',(-12.9782213128797,0.4,-26.7870586157763));
#8942=CARTESIAN_POINT('Origin',(-9.3447804132517,0.,-28.3338677135586));
#8943=CARTESIAN_POINT('',(-9.3447804132517,0.,-28.3338677135586));
#8944=CARTESIAN_POINT('',(-9.3447804132517,0.,-29.290107583899));
#8945=CARTESIAN_POINT('',(-9.3447804132517,0.,-21.6669338567793));
#8946=CARTESIAN_POINT('',(-9.3447804132517,0.4,-28.3338677135586));
#8947=CARTESIAN_POINT('',(-9.3447804132517,0.,-28.3338677135586));
#8948=CARTESIAN_POINT('',(-9.3447804132517,0.4,-29.290107583899));
#8949=CARTESIAN_POINT('',(-9.3447804132517,0.4,-28.3338677135586));
#8950=CARTESIAN_POINT('',(-9.3447804132517,0.,-29.290107583899));
#8951=CARTESIAN_POINT('Origin',(-10.1470494570118,0.,-28.3338677135586));
#8952=CARTESIAN_POINT('',(-10.1470494570118,0.,-28.3338677135586));
#8953=CARTESIAN_POINT('',(-18.0735247285059,0.,-28.3338677135586));
#8954=CARTESIAN_POINT('',(-10.1470494570118,0.4,-28.3338677135586));
#8955=CARTESIAN_POINT('',(-10.1470494570118,0.,-28.3338677135586));
#8956=CARTESIAN_POINT('',(-10.1470494570118,0.4,-28.3338677135586));
#8957=CARTESIAN_POINT('Origin',(-10.1470494570118,0.,-29.290107583899));
#8958=CARTESIAN_POINT('',(-10.1470494570118,0.,-29.290107583899));
#8959=CARTESIAN_POINT('',(-10.1470494570118,0.,-22.1450537919495));
#8960=CARTESIAN_POINT('',(-10.1470494570118,0.4,-29.290107583899));
#8961=CARTESIAN_POINT('',(-10.1470494570118,0.,-29.290107583899));
#8962=CARTESIAN_POINT('',(-10.1470494570118,0.4,-29.290107583899));
#8963=CARTESIAN_POINT('Origin',(-9.3447804132517,0.,-29.290107583899));
#8964=CARTESIAN_POINT('',(-17.6723902066258,0.,-29.290107583899));
#8965=CARTESIAN_POINT('',(-9.3447804132517,0.4,-29.290107583899));
#8966=CARTESIAN_POINT('Origin',(-9.74591493513176,0.4,-28.8119876487288));
#8967=CARTESIAN_POINT('Origin',(-3.43311104534246,0.,-28.3338677135586));
#8968=CARTESIAN_POINT('',(-3.43311104534246,0.,-28.3338677135586));
#8969=CARTESIAN_POINT('',(-3.43311104534246,0.,-29.290107583899));
#8970=CARTESIAN_POINT('',(-3.43311104534247,0.,-21.6669338567793));
#8971=CARTESIAN_POINT('',(-3.43311104534246,0.4,-28.3338677135586));
#8972=CARTESIAN_POINT('',(-3.43311104534246,0.,-28.3338677135586));
#8973=CARTESIAN_POINT('',(-3.43311104534246,0.4,-29.290107583899));
#8974=CARTESIAN_POINT('',(-3.43311104534246,0.4,-28.3338677135586));
#8975=CARTESIAN_POINT('',(-3.43311104534246,0.,-29.290107583899));
#8976=CARTESIAN_POINT('Origin',(-4.23538008910259,0.,-28.3338677135586));
#8977=CARTESIAN_POINT('',(-4.23538008910259,0.,-28.3338677135586));
#8978=CARTESIAN_POINT('',(-15.1176900445513,0.,-28.3338677135586));
#8979=CARTESIAN_POINT('',(-4.23538008910259,0.4,-28.3338677135586));
#8980=CARTESIAN_POINT('',(-4.23538008910259,0.,-28.3338677135586));
#8981=CARTESIAN_POINT('',(-4.23538008910259,0.4,-28.3338677135586));
#8982=CARTESIAN_POINT('Origin',(-4.23538008910259,0.,-29.290107583899));
#8983=CARTESIAN_POINT('',(-4.23538008910259,0.,-29.290107583899));
#8984=CARTESIAN_POINT('',(-4.23538008910259,0.,-22.1450537919495));
#8985=CARTESIAN_POINT('',(-4.23538008910259,0.4,-29.290107583899));
#8986=CARTESIAN_POINT('',(-4.23538008910259,0.,-29.290107583899));
#8987=CARTESIAN_POINT('',(-4.23538008910259,0.4,-29.290107583899));
#8988=CARTESIAN_POINT('Origin',(-3.43311104534246,0.,-29.290107583899));
#8989=CARTESIAN_POINT('',(-14.7165555226712,0.,-29.290107583899));
#8990=CARTESIAN_POINT('',(-3.43311104534246,0.4,-29.290107583899));
#8991=CARTESIAN_POINT('Origin',(-3.83424556722253,0.4,-28.8119876487288));
#8992=CARTESIAN_POINT('Origin',(-26.,0.,-15.));
#8993=CARTESIAN_POINT('',(6.00000000000002,0.,-25.));
#8994=CARTESIAN_POINT('',(1.49880108324396E-14,0.,-31.));
#8995=CARTESIAN_POINT('Origin',(1.49880108324396E-14,0.,-25.));
#8996=CARTESIAN_POINT('',(6.00000000000002,0.,-5.));
#8997=CARTESIAN_POINT('',(6.00000000000002,0.,-23.));
#8998=CARTESIAN_POINT('',(2.66453525910038E-14,0.,1.));
#8999=CARTESIAN_POINT('Origin',(2.58126853225349E-14,0.,-5.));
#9000=CARTESIAN_POINT('',(-52.,0.,1.));
#9001=CARTESIAN_POINT('',(-39.5,0.,1.));
#9002=CARTESIAN_POINT('',(-58.,0.,-5.));
#9003=CARTESIAN_POINT('Origin',(-52.,0.,-5.));
#9004=CARTESIAN_POINT('',(-58.,0.,-25.));
#9005=CARTESIAN_POINT('',(-58.,0.,-7.));
#9006=CARTESIAN_POINT('',(-52.,0.,-31.));
#9007=CARTESIAN_POINT('Origin',(-52.,0.,-25.));
#9008=CARTESIAN_POINT('',(1.00000000000001,0.,-31.));
#9009=CARTESIAN_POINT('Origin',(-26.,0.,-15.));
#9010=CARTESIAN_POINT('Origin',(1.49880108324396E-14,3.65,-25.));
#9011=CARTESIAN_POINT('',(1.55431223447522E-14,7.3,-31.));
#9012=CARTESIAN_POINT('',(1.49880108324396E-14,3.65,-31.));
#9013=CARTESIAN_POINT('',(6.00000000000002,7.3,-25.));
#9014=CARTESIAN_POINT('Origin',(1.49880108324396E-14,7.3,-25.));
#9015=CARTESIAN_POINT('',(6.00000000000001,3.65,-25.));
#9016=CARTESIAN_POINT('Origin',(-26.,0.,-15.));
#9017=CARTESIAN_POINT('Origin',(6.00000000000001,7.3,-31.));
#9018=CARTESIAN_POINT('',(6.00000000000002,7.3,-5.));
#9019=CARTESIAN_POINT('',(6.00000000000002,7.3,1.));
#9020=CARTESIAN_POINT('',(6.00000000000002,3.65,-5.));
#9021=CARTESIAN_POINT('Origin',(2.58126853225349E-14,3.65,-5.));
#9022=CARTESIAN_POINT('',(2.66453525910038E-14,7.3,1.));
#9023=CARTESIAN_POINT('Origin',(2.58126853225349E-14,7.3,-5.));
#9024=CARTESIAN_POINT('',(2.58126853225349E-14,3.65,1.));
#9025=CARTESIAN_POINT('Origin',(-52.,3.65,-25.));
#9026=CARTESIAN_POINT('',(-58.,7.3,-25.));
#9027=CARTESIAN_POINT('',(-58.,3.65,-25.));
#9028=CARTESIAN_POINT('',(-52.,7.3,-31.));
#9029=CARTESIAN_POINT('Origin',(-52.,7.3,-25.));
#9030=CARTESIAN_POINT('',(-52.,3.65,-31.));
#9031=CARTESIAN_POINT('Origin',(-58.,7.3,1.));
#9032=CARTESIAN_POINT('',(-58.,7.3,-5.));
#9033=CARTESIAN_POINT('',(-58.,3.65,-5.));
#9034=CARTESIAN_POINT('',(-58.,7.3,-31.));
#9035=CARTESIAN_POINT('Origin',(-52.,3.65,-5.));
#9036=CARTESIAN_POINT('',(-52.,7.3,1.));
#9037=CARTESIAN_POINT('',(-52.,3.65,1.));
#9038=CARTESIAN_POINT('Origin',(-52.,7.3,-5.));
#9039=CARTESIAN_POINT('Origin',(3.2,7.3,-5.));
#9040=CARTESIAN_POINT('',(4.9,7.3,-5.));
#9041=CARTESIAN_POINT('Origin',(3.2,7.3,-25.));
#9042=CARTESIAN_POINT('',(4.9,7.3,-25.));
#9043=CARTESIAN_POINT('Origin',(-55.2,7.3,-5.000038269304));
#9044=CARTESIAN_POINT('',(-53.5,7.3,-5.000038269304));
#9045=CARTESIAN_POINT('Origin',(-55.2,7.3,-24.999961730696));
#9046=CARTESIAN_POINT('',(-53.5,7.3,-24.999961730696));
#9047=CARTESIAN_POINT('Origin',(-40.3,5.3,0.));
#9048=CARTESIAN_POINT('',(-40.2,5.3,0.));
#9049=CARTESIAN_POINT('',(-46.4,5.3,0.));
#9050=CARTESIAN_POINT('',(-23.2,5.30000000000002,0.));
#9051=CARTESIAN_POINT('',(-40.2,5.3,1.));
#9052=CARTESIAN_POINT('',(-40.2,5.3,1.));
#9053=CARTESIAN_POINT('',(-46.4,5.3,1.));
#9054=CARTESIAN_POINT('',(-49.7,5.3,1.));
#9055=CARTESIAN_POINT('',(-46.4,5.3,1.));
#9056=CARTESIAN_POINT('Origin',(-26.,7.3,-15.));
#9057=CARTESIAN_POINT('',(6.00000000000001,7.3,-31.));
#9058=CARTESIAN_POINT('',(-58.,7.3,1.));
#9059=CARTESIAN_POINT('',(-34.6,7.3,0.));
#9060=CARTESIAN_POINT('',(-52.,7.3,0.));
#9061=CARTESIAN_POINT('',(0.,7.3,0.));
#9062=CARTESIAN_POINT('',(-52.,7.3,-30.));
#9063=CARTESIAN_POINT('',(-52.,7.3,0.));
#9064=CARTESIAN_POINT('',(-34.6,7.3,-30.));
#9065=CARTESIAN_POINT('',(-52.,7.3,-30.));
#9066=CARTESIAN_POINT('',(-34.6,7.3,-17.25));
#9067=CARTESIAN_POINT('',(-34.6,7.3,-30.));
#9068=CARTESIAN_POINT('',(-33.6,7.3,-17.25));
#9069=CARTESIAN_POINT('',(-28.625,7.3,-17.25));
#9070=CARTESIAN_POINT('',(-33.6,7.3,-30.));
#9071=CARTESIAN_POINT('',(-33.6,7.3,-2.14313189850785E-16));
#9072=CARTESIAN_POINT('',(0.,7.3,-30.));
#9073=CARTESIAN_POINT('',(-52.,7.3,-30.));
#9074=CARTESIAN_POINT('',(0.,7.3,0.));
#9075=CARTESIAN_POINT('',(0.,7.3,-30.));
#9076=CARTESIAN_POINT('',(-33.6,7.3,0.));
#9077=CARTESIAN_POINT('',(0.,7.3,0.));
#9078=CARTESIAN_POINT('',(-33.6,7.3,-12.75));
#9079=CARTESIAN_POINT('',(-33.6,7.3,-2.14313189850785E-16));
#9080=CARTESIAN_POINT('',(-34.6,7.3,-12.75));
#9081=CARTESIAN_POINT('',(-30.375,7.3,-12.75));
#9082=CARTESIAN_POINT('',(-34.6,7.3,-30.));
#9083=CARTESIAN_POINT('Origin',(0.,0.,0.));
#9084=CARTESIAN_POINT('',(-34.6,1.,0.));
#9085=CARTESIAN_POINT('',(-34.6,0.5,0.));
#9086=CARTESIAN_POINT('',(-52.,1.,0.));
#9087=CARTESIAN_POINT('',(-13.,1.,0.));
#9088=CARTESIAN_POINT('',(-52.,0.,0.));
#9089=CARTESIAN_POINT('',(-46.4,2.5,0.));
#9090=CARTESIAN_POINT('Origin',(-46.4,3.9,0.));
#9091=CARTESIAN_POINT('',(-40.2,2.5,0.));
#9092=CARTESIAN_POINT('',(-20.1,2.50000000000001,0.));
#9093=CARTESIAN_POINT('Origin',(-40.2,3.9,0.));
#9094=CARTESIAN_POINT('Origin',(-40.2,2.5,1.));
#9095=CARTESIAN_POINT('',(-46.4,2.5,1.));
#9096=CARTESIAN_POINT('',(-46.4,2.5,1.));
#9097=CARTESIAN_POINT('',(-40.2,2.5,1.));
#9098=CARTESIAN_POINT('',(-46.6,2.5,1.));
#9099=CARTESIAN_POINT('',(-40.2,2.5,1.));
#9100=CARTESIAN_POINT('Origin',(-40.2,3.9,1.));
#9101=CARTESIAN_POINT('Origin',(-40.2,3.9,1.));
#9102=CARTESIAN_POINT('Origin',(-46.4,3.9,1.));
#9103=CARTESIAN_POINT('Origin',(-46.4,3.9,1.));
#9104=CARTESIAN_POINT('Origin',(-34.75,1.,-12.75));
#9105=CARTESIAN_POINT('',(-33.6,1.,-12.75));
#9106=CARTESIAN_POINT('',(-33.6,1.,-12.75));
#9107=CARTESIAN_POINT('',(-34.6,1.,-12.75));
#9108=CARTESIAN_POINT('',(-34.75,1.,-12.75));
#9109=CARTESIAN_POINT('',(-34.6,1.,-12.75));
#9110=CARTESIAN_POINT('Origin',(-31.25,1.,-17.25));
#9111=CARTESIAN_POINT('',(-33.6,1.,-17.25));
#9112=CARTESIAN_POINT('',(-33.6,1.,-17.25));
#9113=CARTESIAN_POINT('',(-34.6,1.,-17.25));
#9114=CARTESIAN_POINT('',(-34.6,1.,-17.25));
#9115=CARTESIAN_POINT('',(-31.25,1.,-17.25));
#9116=CARTESIAN_POINT('Origin',(-33.6,1.,0.));
#9117=CARTESIAN_POINT('',(-33.6,1.,-30.));
#9118=CARTESIAN_POINT('',(-33.6,1.,-7.5));
#9119=CARTESIAN_POINT('',(-33.6,0.5,-30.));
#9120=CARTESIAN_POINT('Origin',(-34.6,1.,-30.));
#9121=CARTESIAN_POINT('',(-34.6,1.,-30.));
#9122=CARTESIAN_POINT('',(-34.6,0.5,-30.));
#9123=CARTESIAN_POINT('',(-34.6,1.,-22.5));
#9124=CARTESIAN_POINT('Origin',(-34.6,1.,-30.));
#9125=CARTESIAN_POINT('',(-34.6,1.,-22.5));
#9126=CARTESIAN_POINT('Origin',(-33.6,1.,0.));
#9127=CARTESIAN_POINT('',(-33.6,1.,0.));
#9128=CARTESIAN_POINT('',(-33.6,0.5,0.));
#9129=CARTESIAN_POINT('',(-33.6,1.,-7.5));
#9130=CARTESIAN_POINT('Origin',(-52.,0.,-30.));
#9131=CARTESIAN_POINT('',(0.,1.,-30.));
#9132=CARTESIAN_POINT('',(-39.,1.,-30.));
#9133=CARTESIAN_POINT('',(0.,0.,-30.));
#9134=CARTESIAN_POINT('Origin',(-26.,1.,-15.));
#9135=CARTESIAN_POINT('',(0.,1.,0.));
#9136=CARTESIAN_POINT('',(-13.,1.,0.));
#9137=CARTESIAN_POINT('',(0.,1.,-22.5));
#9138=CARTESIAN_POINT('',(0.,1.,-22.5));
#9139=CARTESIAN_POINT('',(-52.,1.,-30.));
#9140=CARTESIAN_POINT('',(-39.,1.,-30.));
#9141=CARTESIAN_POINT('',(-52.,1.,-7.5));
#9142=CARTESIAN_POINT('Origin',(0.,0.,0.));
#9143=CARTESIAN_POINT('',(0.,0.,0.));
#9144=CARTESIAN_POINT('Origin',(-53.,0.,1.));
#9145=CARTESIAN_POINT('Origin',(-52.,0.,-30.));
#9146=CARTESIAN_POINT('',(-52.,0.,-30.));
#9147=CARTESIAN_POINT('Origin',(0.,0.,-30.));
#9148=CARTESIAN_POINT('Origin',(-52.,0.,0.));
#9149=CARTESIAN_POINT('Origin',(1.00000000000001,0.,-31.));
#9150=CARTESIAN_POINT('',(0.,0.,0.));
#9151=CARTESIAN_POINT('Origin',(2.2,8.1,-26.));
#9152=CARTESIAN_POINT('',(0.099999999999997,8.1,-26.));
#9153=CARTESIAN_POINT('Origin',(2.2,8.1,-26.));
#9154=CARTESIAN_POINT('',(0.099999999999997,7.1,-26.));
#9155=CARTESIAN_POINT('',(0.099999999999997,8.1,-26.));
#9156=CARTESIAN_POINT('Origin',(2.2,7.1,-26.));
#9157=CARTESIAN_POINT('Origin',(2.2,7.1,-26.));
#9158=CARTESIAN_POINT('',(3.9,7.1,-26.));
#9159=CARTESIAN_POINT('Origin',(2.2,7.1,-26.));
#9160=CARTESIAN_POINT('Origin',(2.2,8.1,-6.));
#9161=CARTESIAN_POINT('',(0.0999999999999956,8.1,-6.));
#9162=CARTESIAN_POINT('Origin',(2.2,8.1,-6.));
#9163=CARTESIAN_POINT('',(0.0999999999999956,7.1,-6.));
#9164=CARTESIAN_POINT('',(0.0999999999999956,8.1,-6.));
#9165=CARTESIAN_POINT('Origin',(2.2,7.1,-6.));
#9166=CARTESIAN_POINT('Origin',(2.2,7.1,-6.));
#9167=CARTESIAN_POINT('',(3.9,7.1,-6.));
#9168=CARTESIAN_POINT('Origin',(2.2,7.1,-6.));
#9169=CARTESIAN_POINT('Origin',(-56.2,8.1,-26.));
#9170=CARTESIAN_POINT('',(-58.3,8.1,-26.));
#9171=CARTESIAN_POINT('Origin',(-56.2,8.1,-26.));
#9172=CARTESIAN_POINT('',(-58.3,7.1,-26.));
#9173=CARTESIAN_POINT('',(-58.3,8.1,-26.));
#9174=CARTESIAN_POINT('Origin',(-56.2,7.1,-26.));
#9175=CARTESIAN_POINT('Origin',(-56.2,7.1,-26.));
#9176=CARTESIAN_POINT('',(-54.5,7.1,-26.));
#9177=CARTESIAN_POINT('Origin',(-56.2,7.1,-26.));
#9178=CARTESIAN_POINT('Origin',(-56.2,8.1,-6.));
#9179=CARTESIAN_POINT('',(-58.3,8.1,-6.));
#9180=CARTESIAN_POINT('Origin',(-56.2,8.1,-6.));
#9181=CARTESIAN_POINT('',(-58.3,7.1,-6.));
#9182=CARTESIAN_POINT('',(-58.3,8.1,-6.));
#9183=CARTESIAN_POINT('Origin',(-56.2,7.1,-6.));
#9184=CARTESIAN_POINT('Origin',(-56.2,7.1,-6.));
#9185=CARTESIAN_POINT('',(-54.5,7.1,-6.));
#9186=CARTESIAN_POINT('Origin',(-56.2,7.1,-6.));
#9187=CARTESIAN_POINT('Origin',(-3.62049705443353,6.1,-27.9567276444663));
#9188=CARTESIAN_POINT('',(-4.87049705443353,6.1,-27.9567276444663));
#9189=CARTESIAN_POINT('Origin',(-3.62049705443353,6.1,-27.9567276444663));
#9190=CARTESIAN_POINT('Origin',(-59.,3.25,-16.));
#9191=CARTESIAN_POINT('',(-59.4722222222222,3.25,-7.51312742096128));
#9192=CARTESIAN_POINT('',(-59.5492942067476,3.24995404439379,-10.5258574700822));
#9193=CARTESIAN_POINT('Ctrl Pts',(-59.4722222222222,3.25,-7.51312742096128));
#9194=CARTESIAN_POINT('Ctrl Pts',(-59.4722222222222,3.025304031624,-7.51312742096128));
#9195=CARTESIAN_POINT('Ctrl Pts',(-59.4735787024943,2.57723017528921,-7.61673974871909));
#9196=CARTESIAN_POINT('Ctrl Pts',(-59.482848961166,1.85213712279239,-8.19040756549567));
#9197=CARTESIAN_POINT('Ctrl Pts',(-59.504888357238,1.57715662371915,-9.39981750071783));
#9198=CARTESIAN_POINT('Ctrl Pts',(-59.5435131297896,2.34904528245062,-10.3789044336506));
#9199=CARTESIAN_POINT('Ctrl Pts',(-59.5492960256189,3.02471496298933,-10.525844724058));
#9200=CARTESIAN_POINT('Ctrl Pts',(-59.5492942067476,3.24995404439379,-10.5258574700822));
#9201=CARTESIAN_POINT('Ctrl Pts',(-59.5492942067476,3.24995404439379,-10.5258574700822));
#9202=CARTESIAN_POINT('Ctrl Pts',(-59.5492923878081,3.47520155519765,-10.5258702165835));
#9203=CARTESIAN_POINT('Ctrl Pts',(-59.5434982897117,4.15099165407793,-10.3789990734454));
#9204=CARTESIAN_POINT('Ctrl Pts',(-59.5049431056973,4.92361502393237,-9.39934309428461));
#9205=CARTESIAN_POINT('Ctrl Pts',(-59.4828201250954,4.64783576779523,-8.1904789719802));
#9206=CARTESIAN_POINT('Ctrl Pts',(-59.4735649734143,3.92248242034393,-7.61683888049896));
#9207=CARTESIAN_POINT('Ctrl Pts',(-59.4722222222222,3.47469596837605,-7.51312742096128));
#9208=CARTESIAN_POINT('Ctrl Pts',(-59.4722222222222,3.25,-7.51312742096128));
#9209=CARTESIAN_POINT('',(-59.54929071468,3.2500413945847,-21.474140768094));
#9210=CARTESIAN_POINT('Origin',(-59.,3.25,-16.));
#9211=CARTESIAN_POINT('',(-59.4722222222222,3.25,-24.4868725790387));
#9212=CARTESIAN_POINT('Ctrl Pts',(-59.4722222222222,3.25,-24.4868725790387));
#9213=CARTESIAN_POINT('Ctrl Pts',(-59.4722222222222,3.47469596837602,-24.4868725790387));
#9214=CARTESIAN_POINT('Ctrl Pts',(-59.4735829436205,3.92278248613623,-24.3832610175584));
#9215=CARTESIAN_POINT('Ctrl Pts',(-59.4828373476666,4.64785048951509,-23.8095703194152));
#9216=CARTESIAN_POINT('Ctrl Pts',(-59.5048928709932,4.92276163191295,-22.6001416656356));
#9217=CARTESIAN_POINT('Ctrl Pts',(-59.543510662758,4.15094085394357,-21.6210896753337));
#9218=CARTESIAN_POINT('Ctrl Pts',(-59.5492924711637,3.47527923342656,-21.4741531681579));
#9219=CARTESIAN_POINT('Ctrl Pts',(-59.54929071468,3.2500413945847,-21.474140768094));
#9220=CARTESIAN_POINT('Ctrl Pts',(-59.54929071468,3.2500413945847,-21.474140768094));
#9221=CARTESIAN_POINT('Ctrl Pts',(-59.5492889581307,3.02479512638994,-21.474128367566));
#9222=CARTESIAN_POINT('Ctrl Pts',(-59.5434963218548,2.34900442278691,-21.6209978031368));
#9223=CARTESIAN_POINT('Ctrl Pts',(-59.5049511520713,1.57639117034951,-22.6006521203851));
#9224=CARTESIAN_POINT('Ctrl Pts',(-59.4828104196564,1.85220032685779,-23.8094956273457));
#9225=CARTESIAN_POINT('Ctrl Pts',(-59.4735679005683,2.57751853181361,-24.3831535517061));
#9226=CARTESIAN_POINT('Ctrl Pts',(-59.4722222222222,3.02530403162397,-24.4868725790387));
#9227=CARTESIAN_POINT('Ctrl Pts',(-59.4722222222222,3.25,-24.4868725790387));
#9228=CARTESIAN_POINT('Ctrl Pts',(-59.,3.25,-24.9861003778057));
#9229=CARTESIAN_POINT('Ctrl Pts',(-59.,3.54959462450142,-24.9861003778057));
#9230=CARTESIAN_POINT('Ctrl Pts',(-59.,4.14704331484832,-24.8480339231165));
#9231=CARTESIAN_POINT('Ctrl Pts',(-59.,5.11380065268678,-24.0839004615277));
#9232=CARTESIAN_POINT('Ctrl Pts',(-59.,5.4803488425506,-22.4729802990435));
#9233=CARTESIAN_POINT('Ctrl Pts',(-59.,4.24543097630092,-20.912162580712));
#9234=CARTESIAN_POINT('Ctrl Pts',(-59.,2.25469813815667,-20.911882964097));
#9235=CARTESIAN_POINT('Ctrl Pts',(-59.,1.01852156046599,-22.4736779993588));
#9236=CARTESIAN_POINT('Ctrl Pts',(-59.,1.38626710247705,-24.0837945434012));
#9237=CARTESIAN_POINT('Ctrl Pts',(-59.,2.35335804241814,-24.8478863072315));
#9238=CARTESIAN_POINT('Ctrl Pts',(-59.,2.95040537549859,-24.9861003778057));
#9239=CARTESIAN_POINT('Ctrl Pts',(-59.,3.25,-24.9861003778057));
#9240=CARTESIAN_POINT('Ctrl Pts',(-59.,3.25,-24.8417944584234));
#9241=CARTESIAN_POINT('Ctrl Pts',(-59.,3.52786334127962,-24.8417944584234));
#9242=CARTESIAN_POINT('Ctrl Pts',(-59.0000103486156,4.08208010416998,-24.7132881656021));
#9243=CARTESIAN_POINT('Ctrl Pts',(-59.0000141880683,4.97783298136343,-24.0035454120566));
#9244=CARTESIAN_POINT('Ctrl Pts',(-59.0000669727607,5.31158581508058,-22.5078346251339));
#9245=CARTESIAN_POINT('Ctrl Pts',(-58.9998863901577,4.16349166333154,-21.0762143992036));
#9246=CARTESIAN_POINT('Ctrl Pts',(-58.999897552953,2.33662959316486,-21.0758966538218));
#9247=CARTESIAN_POINT('Ctrl Pts',(-59.0000420491888,1.18734436658504,-22.5086065164004));
#9248=CARTESIAN_POINT('Ctrl Pts',(-59.0000167221156,1.52219591639171,-24.0034119107267));
#9249=CARTESIAN_POINT('Ctrl Pts',(-59.0000165907895,2.41829858605072,-24.7131199415254));
#9250=CARTESIAN_POINT('Ctrl Pts',(-59.,2.97213665872037,-24.8417944584234));
#9251=CARTESIAN_POINT('Ctrl Pts',(-59.,3.25,-24.8417944584234));
#9252=CARTESIAN_POINT('Ctrl Pts',(-59.1163957396191,3.25,-24.5916579225709));
#9253=CARTESIAN_POINT('Ctrl Pts',(-59.1163957396191,3.49044192758791,-24.5916579225709));
#9254=CARTESIAN_POINT('Ctrl Pts',(-59.1168219318916,3.96967898306428,-24.4798303607177));
#9255=CARTESIAN_POINT('Ctrl Pts',(-59.1199056563777,4.74286376889929,-23.86436553364));
#9256=CARTESIAN_POINT('Ctrl Pts',(-59.127048500942,5.01994782982345,-22.5687728906639));
#9257=CARTESIAN_POINT('Ctrl Pts',(-59.1437106001568,4.02286895136519,-21.3586028090222));
#9258=CARTESIAN_POINT('Ctrl Pts',(-59.143693776894,2.47725724525914,-21.3583053282668));
#9259=CARTESIAN_POINT('Ctrl Pts',(-59.1270832378757,1.47901264929518,-22.5694840453344));
#9260=CARTESIAN_POINT('Ctrl Pts',(-59.119893004836,1.75722865974753,-23.8642199038095));
#9261=CARTESIAN_POINT('Ctrl Pts',(-59.1168130768922,2.53068556346481,-24.4796738910888));
#9262=CARTESIAN_POINT('Ctrl Pts',(-59.1163957396191,3.00955807241209,-24.5916579225709));
#9263=CARTESIAN_POINT('Ctrl Pts',(-59.1163957396191,3.25,-24.5916579225709));
#9264=CARTESIAN_POINT('Ctrl Pts',(-59.3641599324988,3.25,-24.4928853256797));
#9265=CARTESIAN_POINT('Ctrl Pts',(-59.3641599324988,3.47554552811511,-24.4928853256797));
#9266=CARTESIAN_POINT('Ctrl Pts',(-59.3652953457712,3.92535326880576,-24.3884041231813));
#9267=CARTESIAN_POINT('Ctrl Pts',(-59.3731772534259,4.65204134862283,-23.8115885433652));
#9268=CARTESIAN_POINT('Ctrl Pts',(-59.3917873908501,4.92050682829315,-22.5965261214015));
#9269=CARTESIAN_POINT('Ctrl Pts',(-59.4323210177065,3.98801173230779,-21.4373719849442));
#9270=CARTESIAN_POINT('Ctrl Pts',(-59.4322895478194,2.51209080153031,-21.4371141978625));
#9271=CARTESIAN_POINT('Ctrl Pts',(-59.3918513518194,1.5786019426027,-22.5971515399354));
#9272=CARTESIAN_POINT('Ctrl Pts',(-59.3731512772639,1.84799289591028,-23.8114771177932));
#9273=CARTESIAN_POINT('Ctrl Pts',(-59.3652789416945,2.57496148028681,-24.3882678643708));
#9274=CARTESIAN_POINT('Ctrl Pts',(-59.3641599324988,3.02445447188488,-24.4928853256797));
#9275=CARTESIAN_POINT('Ctrl Pts',(-59.3641599324988,3.25,-24.4928853256797));
#9276=CARTESIAN_POINT('Ctrl Pts',(-59.4722222222222,3.25,-24.4868725790387));
#9277=CARTESIAN_POINT('Ctrl Pts',(-59.4722222222222,3.47469596837602,-24.4868725790387));
#9278=CARTESIAN_POINT('Ctrl Pts',(-59.4735829436205,3.92278248613623,-24.3832610175584));
#9279=CARTESIAN_POINT('Ctrl Pts',(-59.4828373476666,4.64785048951509,-23.8095703194152));
#9280=CARTESIAN_POINT('Ctrl Pts',(-59.5048928709932,4.92276163191295,-22.6001416656356));
#9281=CARTESIAN_POINT('Ctrl Pts',(-59.5512343945373,3.9965732322257,-21.425274880507));
#9282=CARTESIAN_POINT('Ctrl Pts',(-59.5512051827126,2.50352360361748,-21.4250713391255));
#9283=CARTESIAN_POINT('Ctrl Pts',(-59.5049511520713,1.57639117034951,-22.6006521203851));
#9284=CARTESIAN_POINT('Ctrl Pts',(-59.4828104196564,1.85220032685779,-23.8094956273457));
#9285=CARTESIAN_POINT('Ctrl Pts',(-59.4735679005683,2.57751853181361,-24.3831535517061));
#9286=CARTESIAN_POINT('Ctrl Pts',(-59.4722222222222,3.02530403162397,-24.4868725790387));
#9287=CARTESIAN_POINT('Ctrl Pts',(-59.4722222222222,3.25,-24.4868725790387));
#9288=CARTESIAN_POINT('',(-59.,3.25,-24.9861003778057));
#9289=CARTESIAN_POINT('Origin',(-59.5,3.25,-24.9861003778057));
#9290=CARTESIAN_POINT('Ctrl Pts',(-59.,3.25,-24.9861003778057));
#9291=CARTESIAN_POINT('Ctrl Pts',(-59.,2.95040537549859,-24.9861003778057));
#9292=CARTESIAN_POINT('Ctrl Pts',(-59.,2.35335804241814,-24.8478863072315));
#9293=CARTESIAN_POINT('Ctrl Pts',(-59.,1.38626710247705,-24.0837945434012));
#9294=CARTESIAN_POINT('Ctrl Pts',(-59.,1.01852156046599,-22.4736779993588));
#9295=CARTESIAN_POINT('Ctrl Pts',(-59.,2.25469813815667,-20.911882964097));
#9296=CARTESIAN_POINT('Ctrl Pts',(-59.,4.24543097630092,-20.912162580712));
#9297=CARTESIAN_POINT('Ctrl Pts',(-59.,5.4803488425506,-22.4729802990435));
#9298=CARTESIAN_POINT('Ctrl Pts',(-59.,5.11380065268678,-24.0839004615277));
#9299=CARTESIAN_POINT('Ctrl Pts',(-59.,4.14704331484832,-24.8480339231165));
#9300=CARTESIAN_POINT('Ctrl Pts',(-59.,3.54959462450142,-24.9861003778057));
#9301=CARTESIAN_POINT('Ctrl Pts',(-59.,3.25,-24.9861003778057));
#9302=CARTESIAN_POINT('Ctrl Pts',(-59.,3.25,-7.01389962219429));
#9303=CARTESIAN_POINT('Ctrl Pts',(-59.,2.95040537549859,-7.01389962219429));
#9304=CARTESIAN_POINT('Ctrl Pts',(-59.,2.35297356705228,-7.15196808796064));
#9305=CARTESIAN_POINT('Ctrl Pts',(-59.,1.38618283038982,-7.91606746376054));
#9306=CARTESIAN_POINT('Ctrl Pts',(-59.,1.01954216495888,-9.52696580539637));
#9307=CARTESIAN_POINT('Ctrl Pts',(-59.,2.25456864083433,-11.0878380799377));
#9308=CARTESIAN_POINT('Ctrl Pts',(-59.,4.24529393307918,-11.0881124448964));
#9309=CARTESIAN_POINT('Ctrl Pts',(-59.,5.4814866985765,-9.52631728123575));
#9310=CARTESIAN_POINT('Ctrl Pts',(-59.,5.11378102372697,-7.91616932419609));
#9311=CARTESIAN_POINT('Ctrl Pts',(-59.,4.14664322712526,-7.15210424064));
#9312=CARTESIAN_POINT('Ctrl Pts',(-59.,3.54959462450142,-7.01389962219429));
#9313=CARTESIAN_POINT('Ctrl Pts',(-59.,3.25,-7.01389962219429));
#9314=CARTESIAN_POINT('Ctrl Pts',(-59.,3.25,-7.15820554157658));
#9315=CARTESIAN_POINT('Ctrl Pts',(-59.,2.97213665872038,-7.15820554157658));
#9316=CARTESIAN_POINT('Ctrl Pts',(-59.0000093093432,2.41792625397181,-7.28671540928722));
#9317=CARTESIAN_POINT('Ctrl Pts',(-59.0000126175723,1.52213241005911,-7.99641270790406));
#9318=CARTESIAN_POINT('Ctrl Pts',(-59.0000635616178,1.18828490890387,-9.49211331184805));
#9319=CARTESIAN_POINT('Ctrl Pts',(-58.9998983495049,2.33649382223801,-10.9238081232095));
#9320=CARTESIAN_POINT('Ctrl Pts',(-58.9999093079601,4.16337696002066,-10.9241203802392));
#9321=CARTESIAN_POINT('Ctrl Pts',(-59.0000405723068,5.31268746924615,-9.49139547730655));
#9322=CARTESIAN_POINT('Ctrl Pts',(-59.0000148493831,4.97786808696863,-7.9965431538066));
#9323=CARTESIAN_POINT('Ctrl Pts',(-59.0000151985786,4.08171173564575,-7.28687074634899));
#9324=CARTESIAN_POINT('Ctrl Pts',(-59.,3.52786334127964,-7.15820554157658));
#9325=CARTESIAN_POINT('Ctrl Pts',(-59.,3.25,-7.15820554157658));
#9326=CARTESIAN_POINT('Ctrl Pts',(-59.1163878885633,3.25,-7.40835091839075));
#9327=CARTESIAN_POINT('Ctrl Pts',(-59.1163878885633,3.00955807241211,-7.40835091839075));
#9328=CARTESIAN_POINT('Ctrl Pts',(-59.1168123684915,2.53034532174799,-7.52018960216124));
#9329=CARTESIAN_POINT('Ctrl Pts',(-59.1199028952084,1.7571250047041,-8.13558785797374));
#9330=CARTESIAN_POINT('Ctrl Pts',(-59.1270386660102,1.47997180671382,-9.43118788689662));
#9331=CARTESIAN_POINT('Ctrl Pts',(-59.1436994691709,2.47714297383757,-10.6413710568386));
#9332=CARTESIAN_POINT('Ctrl Pts',(-59.1436827340289,4.02272314267395,-10.6416633981751));
#9333=CARTESIAN_POINT('Ctrl Pts',(-59.1270712235097,5.02097647459114,-9.43052667029759));
#9334=CARTESIAN_POINT('Ctrl Pts',(-59.119889553581,4.74280811864061,-8.13573375828119));
#9335=CARTESIAN_POINT('Ctrl Pts',(-59.1168041968346,3.9693075682204,-7.52033341158522));
#9336=CARTESIAN_POINT('Ctrl Pts',(-59.1163878885633,3.49044192758793,-7.40835091839075));
#9337=CARTESIAN_POINT('Ctrl Pts',(-59.1163878885633,3.25,-7.40835091839075));
#9338=CARTESIAN_POINT('Ctrl Pts',(-59.3641599324988,3.25,-7.50711467432035));
#9339=CARTESIAN_POINT('Ctrl Pts',(-59.3641599324988,3.0244544718849,-7.50711467432035));
#9340=CARTESIAN_POINT('Ctrl Pts',(-59.3652916233403,2.57465423925192,-7.61159984693448));
#9341=CARTESIAN_POINT('Ctrl Pts',(-59.3731886358718,1.84793201139666,-8.18837632907166));
#9342=CARTESIAN_POINT('Ctrl Pts',(-59.3917846109897,1.5793911922954,-9.40343398719586));
#9343=CARTESIAN_POINT('Ctrl Pts',(-59.432321253369,2.51198061595146,-10.5626402962364));
#9344=CARTESIAN_POINT('Ctrl Pts',(-59.4322899744467,3.98791023357538,-10.5628937052554));
#9345=CARTESIAN_POINT('Ctrl Pts',(-59.3918445104921,4.92141937278042,-9.40285217632757));
#9346=CARTESIAN_POINT('Ctrl Pts',(-59.3731610168879,4.65205778649649,-8.18848569062826));
#9347=CARTESIAN_POINT('Ctrl Pts',(-59.365276583759,3.92504511561871,-7.61172559139493));
#9348=CARTESIAN_POINT('Ctrl Pts',(-59.3641599324988,3.47554552811514,-7.50711467432035));
#9349=CARTESIAN_POINT('Ctrl Pts',(-59.3641599324988,3.25,-7.50711467432035));
#9350=CARTESIAN_POINT('Ctrl Pts',(-59.4722222222222,3.25,-7.51312742096128));
#9351=CARTESIAN_POINT('Ctrl Pts',(-59.4722222222222,3.025304031624,-7.51312742096128));
#9352=CARTESIAN_POINT('Ctrl Pts',(-59.4735787024943,2.57723017528921,-7.61673974871909));
#9353=CARTESIAN_POINT('Ctrl Pts',(-59.482848961166,1.85213712279239,-8.19040756549567));
#9354=CARTESIAN_POINT('Ctrl Pts',(-59.504888357238,1.57715662371915,-9.39981750071783));
#9355=CARTESIAN_POINT('Ctrl Pts',(-59.5512382577576,2.50342648062575,-10.5747262171604));
#9356=CARTESIAN_POINT('Ctrl Pts',(-59.5512091533707,3.99647044980939,-10.5749258698318));
#9357=CARTESIAN_POINT('Ctrl Pts',(-59.5049431056973,4.92361502393237,-9.39934309428461));
#9358=CARTESIAN_POINT('Ctrl Pts',(-59.4828201250954,4.64783576779523,-8.1904789719802));
#9359=CARTESIAN_POINT('Ctrl Pts',(-59.4735649734143,3.92248242034393,-7.61683888049896));
#9360=CARTESIAN_POINT('Ctrl Pts',(-59.4722222222222,3.47469596837605,-7.51312742096128));
#9361=CARTESIAN_POINT('Ctrl Pts',(-59.4722222222222,3.25,-7.51312742096128));
#9362=CARTESIAN_POINT('',(-59.,3.25,-7.01389962219429));
#9363=CARTESIAN_POINT('Origin',(-59.5,3.25,-7.01389962219429));
#9364=CARTESIAN_POINT('Ctrl Pts',(-59.,3.25,-7.01389962219429));
#9365=CARTESIAN_POINT('Ctrl Pts',(-59.,3.54959462450142,-7.01389962219429));
#9366=CARTESIAN_POINT('Ctrl Pts',(-59.,4.14664322712526,-7.15210424064));
#9367=CARTESIAN_POINT('Ctrl Pts',(-59.,5.11378102372697,-7.91616932419609));
#9368=CARTESIAN_POINT('Ctrl Pts',(-59.,5.4814866985765,-9.52631728123575));
#9369=CARTESIAN_POINT('Ctrl Pts',(-59.,4.24529393307918,-11.0881124448964));
#9370=CARTESIAN_POINT('Ctrl Pts',(-59.,2.25456864083433,-11.0878380799377));
#9371=CARTESIAN_POINT('Ctrl Pts',(-59.,1.01954216495888,-9.52696580539637));
#9372=CARTESIAN_POINT('Ctrl Pts',(-59.,1.38618283038982,-7.91606746376054));
#9373=CARTESIAN_POINT('Ctrl Pts',(-59.,2.35297356705228,-7.15196808796064));
#9374=CARTESIAN_POINT('Ctrl Pts',(-59.,2.95040537549859,-7.01389962219429));
#9375=CARTESIAN_POINT('Ctrl Pts',(-59.,3.25,-7.01389962219429));
#9376=CARTESIAN_POINT('Origin',(-54.2,6.5,-11.2289615584756));
#9377=CARTESIAN_POINT('',(-54.2,8.1,-11.2289615584756));
#9378=CARTESIAN_POINT('',(-54.2,8.1,-20.8635380029757));
#9379=CARTESIAN_POINT('',(-54.2,8.1,-13.6144807792378));
#9380=CARTESIAN_POINT('',(-54.2,1.5,-11.2289615584756));
#9381=CARTESIAN_POINT('',(-54.2,6.5,-11.2289615584756));
#9382=CARTESIAN_POINT('',(-54.2,1.5,-20.8635380029757));
#9383=CARTESIAN_POINT('',(-54.2,1.5,-20.8635380029757));
#9384=CARTESIAN_POINT('',(-54.2,6.5,-20.8635380029757));
#9385=CARTESIAN_POINT('Origin',(-56.2,0.,-26.));
#9386=CARTESIAN_POINT('',(-54.5,0.,-26.));
#9387=CARTESIAN_POINT('',(-54.5,0.,-26.));
#9388=CARTESIAN_POINT('Origin',(-56.2,0.,-26.));
#9389=CARTESIAN_POINT('Origin',(-56.2,0.,-6.));
#9390=CARTESIAN_POINT('',(-54.5,0.,-6.));
#9391=CARTESIAN_POINT('',(-54.5,0.,-6.));
#9392=CARTESIAN_POINT('Origin',(-56.2,0.,-6.));
#9393=CARTESIAN_POINT('Origin',(2.2,0.,-6.));
#9394=CARTESIAN_POINT('',(3.9,0.,-6.));
#9395=CARTESIAN_POINT('',(3.9,0.,-6.));
#9396=CARTESIAN_POINT('Origin',(2.2,0.,-6.));
#9397=CARTESIAN_POINT('Origin',(2.2,0.,-26.));
#9398=CARTESIAN_POINT('',(3.9,0.,-26.));
#9399=CARTESIAN_POINT('',(3.9,0.,-26.));
#9400=CARTESIAN_POINT('Origin',(2.2,0.,-26.));
#9401=CARTESIAN_POINT('Origin',(5.,0.,0.));
#9402=CARTESIAN_POINT('',(5.,8.1,-26.));
#9403=CARTESIAN_POINT('',(5.,0.,-26.));
#9404=CARTESIAN_POINT('',(5.,0.,-26.));
#9405=CARTESIAN_POINT('',(5.,8.1,-6.));
#9406=CARTESIAN_POINT('',(5.,8.1,-8.));
#9407=CARTESIAN_POINT('',(5.,0.,-6.));
#9408=CARTESIAN_POINT('',(5.,0.,-6.));
#9409=CARTESIAN_POINT('',(5.,0.,-32.));
#9410=CARTESIAN_POINT('Origin',(-1.,0.,-6.));
#9411=CARTESIAN_POINT('',(-0.999999999999996,8.1,-1.82403548031141E-29));
#9412=CARTESIAN_POINT('Origin',(-1.,8.1,-6.));
#9413=CARTESIAN_POINT('',(-0.999999999999996,0.,-2.30175905848821E-29));
#9414=CARTESIAN_POINT('',(-1.,0.,0.));
#9415=CARTESIAN_POINT('Origin',(-1.,0.,-6.));
#9416=CARTESIAN_POINT('Origin',(-54.,0.,0.));
#9417=CARTESIAN_POINT('',(-53.,8.1,4.34294161978908E-30));
#9418=CARTESIAN_POINT('',(-43.,8.1,0.));
#9419=CARTESIAN_POINT('',(-53.,0.,-4.34294161978906E-31));
#9420=CARTESIAN_POINT('',(-53.,0.,0.));
#9421=CARTESIAN_POINT('',(-54.,0.,0.));
#9422=CARTESIAN_POINT('Origin',(-53.,0.,-6.));
#9423=CARTESIAN_POINT('',(-59.,8.1,-6.));
#9424=CARTESIAN_POINT('Origin',(-53.,8.1,-6.));
#9425=CARTESIAN_POINT('',(-59.,0.,-6.));
#9426=CARTESIAN_POINT('',(-59.,0.,-6.));
#9427=CARTESIAN_POINT('Origin',(-53.,0.,-6.));
#9428=CARTESIAN_POINT('Origin',(-59.,0.,-32.));
#9429=CARTESIAN_POINT('',(-59.,0.,-26.));
#9430=CARTESIAN_POINT('',(-59.,8.1,-26.));
#9431=CARTESIAN_POINT('',(-59.,0.,-26.));
#9432=CARTESIAN_POINT('',(-59.,0.,0.));
#9433=CARTESIAN_POINT('',(-59.,8.1,-24.));
#9434=CARTESIAN_POINT('Origin',(-53.,0.,-26.));
#9435=CARTESIAN_POINT('',(-53.,8.1,-32.));
#9436=CARTESIAN_POINT('Origin',(-53.,8.1,-26.));
#9437=CARTESIAN_POINT('',(-53.,0.,-32.));
#9438=CARTESIAN_POINT('',(-53.,0.,-32.));
#9439=CARTESIAN_POINT('Origin',(-53.,0.,-26.));
#9440=CARTESIAN_POINT('Origin',(0.,0.,-32.));
#9441=CARTESIAN_POINT('',(-1.,0.,-32.));
#9442=CARTESIAN_POINT('',(-1.,8.1,-32.));
#9443=CARTESIAN_POINT('',(-1.,0.,-32.));
#9444=CARTESIAN_POINT('',(0.,0.,-32.));
#9445=CARTESIAN_POINT('',(-11.,8.1,-32.));
#9446=CARTESIAN_POINT('Origin',(-1.,0.,-26.));
#9447=CARTESIAN_POINT('Origin',(-1.,8.1,-26.));
#9448=CARTESIAN_POINT('Origin',(-1.,0.,-26.));
#9449=CARTESIAN_POINT('Origin',(-27.,0.,-16.));
#9450=CARTESIAN_POINT('',(-6.69999999999999,0.,-2.));
#9451=CARTESIAN_POINT('',(-46.7,0.,-2.));
#9452=CARTESIAN_POINT('',(-6.69999999999999,0.,-2.));
#9453=CARTESIAN_POINT('',(-6.69999999999999,0.,-30.));
#9454=CARTESIAN_POINT('',(-6.69999999999999,0.,-30.));
#9455=CARTESIAN_POINT('',(-46.7,0.,-30.));
#9456=CARTESIAN_POINT('',(-46.7,0.,-30.));
#9457=CARTESIAN_POINT('',(-46.7,0.,-2.));
#9458=CARTESIAN_POINT('Origin',(-53.35,1.5,-16.0462497807256));
#9459=CARTESIAN_POINT('',(-53.,1.5,-11.2289615584756));
#9460=CARTESIAN_POINT('',(-53.7,1.5,-11.2289615584756));
#9461=CARTESIAN_POINT('',(-53.,1.5,-20.8635380029757));
#9462=CARTESIAN_POINT('',(-53.,1.5,-8.37312489036282));
#9463=CARTESIAN_POINT('',(-53.,1.5,-20.8635380029757));
#9464=CARTESIAN_POINT('Origin',(-53.7,6.5,-20.8635380029757));
#9465=CARTESIAN_POINT('',(-53.,8.1,-20.8635380029757));
#9466=CARTESIAN_POINT('',(-40.35,8.1,-20.8635380029757));
#9467=CARTESIAN_POINT('',(-53.,3.25,-20.8635380029757));
#9468=CARTESIAN_POINT('Origin',(-53.,6.5,-11.2289615584756));
#9469=CARTESIAN_POINT('',(-53.,8.1,-11.2289615584756));
#9470=CARTESIAN_POINT('',(-40.,8.1,-11.2289615584756));
#9471=CARTESIAN_POINT('',(-53.,3.25,-11.2289615584756));
#9472=CARTESIAN_POINT('Origin',(-27.,8.1,-16.));
#9473=CARTESIAN_POINT('',(-53.,8.1,-31.));
#9474=CARTESIAN_POINT('',(-53.,8.1,-0.699999999999998));
#9475=CARTESIAN_POINT('',(-0.399999999999991,8.1,-31.));
#9476=CARTESIAN_POINT('',(-53.,8.1,-31.));
#9477=CARTESIAN_POINT('',(-0.399999999999986,8.1,-0.999999999999998));
#9478=CARTESIAN_POINT('',(-0.399999999999991,8.1,-31.3));
#9479=CARTESIAN_POINT('',(-53.,8.1,-0.999999999999998));
#9480=CARTESIAN_POINT('',(-0.399999999999986,8.1,-0.999999999999998));
#9481=CARTESIAN_POINT('',(-53.,8.1,-0.699999999999998));
#9482=CARTESIAN_POINT('Origin',(-50.08,6.1,-28.25));
#9483=CARTESIAN_POINT('',(-51.33,6.1,-28.25));
#9484=CARTESIAN_POINT('Origin',(-50.08,6.1,-28.25));
#9485=CARTESIAN_POINT('Origin',(-50.0799999999999,6.1,-3.74999999999999));
#9486=CARTESIAN_POINT('',(-51.3299999999999,6.1,-3.74999999999999));
#9487=CARTESIAN_POINT('Origin',(-50.0799999999999,6.1,-3.74999999999999));
#9488=CARTESIAN_POINT('Origin',(-3.62049705443353,6.1,-4.0432723555337));
#9489=CARTESIAN_POINT('',(-4.87049705443353,6.1,-4.0432723555337));
#9490=CARTESIAN_POINT('Origin',(-3.62049705443353,6.1,-4.0432723555337));
#9491=CARTESIAN_POINT('Origin',(-6.69999999999999,0.,-30.));
#9492=CARTESIAN_POINT('',(-6.69999999999999,1.,-2.));
#9493=CARTESIAN_POINT('',(-6.69999999999999,0.,-2.));
#9494=CARTESIAN_POINT('',(-6.69999999999999,1.,-30.));
#9495=CARTESIAN_POINT('',(-6.69999999999999,1.,-30.));
#9496=CARTESIAN_POINT('',(-6.69999999999999,0.,-30.));
#9497=CARTESIAN_POINT('Origin',(-46.7,0.,-30.));
#9498=CARTESIAN_POINT('',(-46.7,1.,-30.));
#9499=CARTESIAN_POINT('',(-46.7,1.,-30.));
#9500=CARTESIAN_POINT('',(-46.7,0.,-30.));
#9501=CARTESIAN_POINT('Origin',(-46.7,0.,-2.));
#9502=CARTESIAN_POINT('',(-46.7,1.,-2.));
#9503=CARTESIAN_POINT('',(-46.7,1.,-2.));
#9504=CARTESIAN_POINT('',(-46.7,0.,-2.));
#9505=CARTESIAN_POINT('Origin',(-6.69999999999999,0.,-2.));
#9506=CARTESIAN_POINT('',(-6.69999999999999,1.,-2.));
#9507=CARTESIAN_POINT('Origin',(-0.399999999999986,0.,-0.999999999999998));
#9508=CARTESIAN_POINT('',(-53.,1.,-0.999999999999998));
#9509=CARTESIAN_POINT('',(-0.399999999999986,1.,-0.999999999999998));
#9510=CARTESIAN_POINT('',(-13.7,1.,-0.999999999999998));
#9511=CARTESIAN_POINT('',(-53.,0.,-0.999999999999998));
#9512=CARTESIAN_POINT('',(-0.399999999999986,0.,-0.999999999999998));
#9513=CARTESIAN_POINT('Origin',(-53.,0.,-0.699999999999998));
#9514=CARTESIAN_POINT('',(-53.,1.,-31.));
#9515=CARTESIAN_POINT('',(-53.,1.,-8.35));
#9516=CARTESIAN_POINT('',(-53.,0.,-31.));
#9517=CARTESIAN_POINT('Origin',(-53.,0.,-31.));
#9518=CARTESIAN_POINT('',(-0.399999999999991,1.,-31.));
#9519=CARTESIAN_POINT('',(-40.,1.,-31.));
#9520=CARTESIAN_POINT('',(-0.399999999999991,0.,-31.));
#9521=CARTESIAN_POINT('Origin',(-0.399999999999991,0.,-31.3));
#9522=CARTESIAN_POINT('',(-0.399999999999989,1.,-23.65));
#9523=CARTESIAN_POINT('Origin',(-50.08,2.,-28.25));
#9524=CARTESIAN_POINT('',(-51.33,1.,-28.25));
#9525=CARTESIAN_POINT('',(-51.33,2.,-28.25));
#9526=CARTESIAN_POINT('Origin',(-50.08,1.,-28.25));
#9527=CARTESIAN_POINT('Origin',(-50.0799999999999,2.,-3.74999999999999));
#9528=CARTESIAN_POINT('',(-51.3299999999999,1.,-3.74999999999999));
#9529=CARTESIAN_POINT('',(-51.3299999999999,2.,-3.74999999999999));
#9530=CARTESIAN_POINT('Origin',(-50.0799999999999,1.,-3.74999999999999));
#9531=CARTESIAN_POINT('Origin',(-3.62049705443353,2.,-4.0432723555337));
#9532=CARTESIAN_POINT('',(-4.87049705443353,1.,-4.0432723555337));
#9533=CARTESIAN_POINT('',(-4.87049705443353,2.,-4.0432723555337));
#9534=CARTESIAN_POINT('Origin',(-3.62049705443353,1.,-4.0432723555337));
#9535=CARTESIAN_POINT('Origin',(-27.,1.,-16.));
#9536=CARTESIAN_POINT('',(-4.87049705443353,1.,-27.9567276444663));
#9537=CARTESIAN_POINT('Origin',(-3.62049705443353,1.,-27.9567276444663));
#9538=CARTESIAN_POINT('Origin',(-3.62049705443353,0.75,-27.9567276444663));
#9539=CARTESIAN_POINT('',(-4.87049705443353,0.75,-27.9567276444663));
#9540=CARTESIAN_POINT('',(0.,0.,0.));
#9541=CARTESIAN_POINT('',(0.,0.,0.));
#9542=CARTESIAN_POINT('Origin',(-8.88178419700125E-15,2.8,-31.9160797830995));
#9543=CARTESIAN_POINT('',(-8.88178419700125E-15,2.8,-0.0839202169003817));
#9544=CARTESIAN_POINT('',(-8.88178419700125E-15,2.8,-31.9160797830995));
#9545=CARTESIAN_POINT('',(-8.88178419700125E-15,2.8,-23.9580398915497));
#9546=CARTESIAN_POINT('',(-8.88178419700125E-15,4.8,-0.0839202169003794));
#9547=CARTESIAN_POINT('',(-8.88178419700125E-15,2.8,-0.0839202169003817));
#9548=CARTESIAN_POINT('',(-8.88178419700125E-15,4.8,-31.9160797830995));
#9549=CARTESIAN_POINT('',(-8.88178419700125E-15,4.8,-32.));
#9550=CARTESIAN_POINT('',(-8.88178419700125E-15,2.8,-31.9160797830995));
#9551=CARTESIAN_POINT('Origin',(2.5,4.8,-15.9999999999999));
#9552=CARTESIAN_POINT('',(5.,4.8,-6.));
#9553=CARTESIAN_POINT('Origin',(-0.999999999999996,4.8,-6.));
#9554=CARTESIAN_POINT('',(5.,4.8,-26.));
#9555=CARTESIAN_POINT('',(5.,4.8,-6.));
#9556=CARTESIAN_POINT('Origin',(-0.999999999999686,4.8,-26.0000000000001));
#9557=CARTESIAN_POINT('Origin',(-54.,2.8,-0.0839202169003817));
#9558=CARTESIAN_POINT('',(-54.,2.8,-31.9160797830995));
#9559=CARTESIAN_POINT('',(-54.,2.8,-0.0839202169003817));
#9560=CARTESIAN_POINT('',(-54.,2.8,-8.04196010845019));
#9561=CARTESIAN_POINT('',(-54.,4.8,-31.9160797830995));
#9562=CARTESIAN_POINT('',(-54.,2.8,-31.9160797830995));
#9563=CARTESIAN_POINT('',(-54.,4.8,-0.0839202169003817));
#9564=CARTESIAN_POINT('',(-54.,4.8,0.));
#9565=CARTESIAN_POINT('',(-54.,2.8,-0.0839202169003817));
#9566=CARTESIAN_POINT('Origin',(-56.5,4.8,-15.9999999999999));
#9567=CARTESIAN_POINT('',(-59.,4.8,-6.));
#9568=CARTESIAN_POINT('Origin',(-53.,4.8,-6.));
#9569=CARTESIAN_POINT('',(-59.,4.8,-26.));
#9570=CARTESIAN_POINT('Origin',(-53.0000000000003,4.8,-26.0000000000001));
#9571=CARTESIAN_POINT('',(-59.,4.8,-26.));
#9572=CARTESIAN_POINT('Origin',(-27.,2.8,-16.));
#9573=CARTESIAN_POINT('',(-0.999999999999999,2.8,-32.));
#9574=CARTESIAN_POINT('Origin',(-0.999999999999686,2.8,-26.0000000000001));
#9575=CARTESIAN_POINT('',(-53.,2.8,-32.));
#9576=CARTESIAN_POINT('',(0.,2.8,-32.));
#9577=CARTESIAN_POINT('Origin',(-53.0000000000003,2.8,-26.0000000000001));
#9578=CARTESIAN_POINT('',(-53.,2.8,0.));
#9579=CARTESIAN_POINT('Origin',(-53.,2.8,-6.));
#9580=CARTESIAN_POINT('',(-0.999999999999996,2.8,0.));
#9581=CARTESIAN_POINT('',(-54.,2.8,0.));
#9582=CARTESIAN_POINT('Origin',(-1.,2.8,-6.));
#9583=CARTESIAN_POINT('',(-41.7,2.8,-20.));
#9584=CARTESIAN_POINT('',(-41.7,2.8,-12.));
#9585=CARTESIAN_POINT('',(-41.7,2.8,-14.75));
#9586=CARTESIAN_POINT('',(-48.3,2.8,-12.));
#9587=CARTESIAN_POINT('',(-37.65,2.8,-12.));
#9588=CARTESIAN_POINT('',(-48.3,2.8,-20.));
#9589=CARTESIAN_POINT('',(-48.3,2.8,-17.25));
#9590=CARTESIAN_POINT('',(-34.35,2.8,-20.));
#9591=CARTESIAN_POINT('',(-30.3,2.8,-12.));
#9592=CARTESIAN_POINT('',(-30.3,2.8,-20.));
#9593=CARTESIAN_POINT('',(-30.3,2.8,-14.75));
#9594=CARTESIAN_POINT('',(-23.7,2.8,-20.));
#9595=CARTESIAN_POINT('',(-25.35,2.8,-20.));
#9596=CARTESIAN_POINT('',(-23.7,2.8,-12.));
#9597=CARTESIAN_POINT('',(-23.7,2.8,-17.25));
#9598=CARTESIAN_POINT('',(-28.65,2.8,-12.));
#9599=CARTESIAN_POINT('',(-12.3,2.8,-12.));
#9600=CARTESIAN_POINT('',(-12.3,2.8,-20.));
#9601=CARTESIAN_POINT('',(-12.3,2.8,-14.75));
#9602=CARTESIAN_POINT('',(-5.70000000000001,2.8,-20.));
#9603=CARTESIAN_POINT('',(-16.35,2.8,-20.));
#9604=CARTESIAN_POINT('',(-5.70000000000001,2.8,-12.));
#9605=CARTESIAN_POINT('',(-5.70000000000001,2.8,-17.25));
#9606=CARTESIAN_POINT('',(-19.65,2.8,-12.));
#9607=CARTESIAN_POINT('',(-12.,2.8,-6.));
#9608=CARTESIAN_POINT('Origin',(-9.00000000000001,2.8,-6.));
#9609=CARTESIAN_POINT('Origin',(-56.1998932234751,-2.,-26.0003813447318));
#9610=CARTESIAN_POINT('',(-58.2998932234751,-2.,-26.0003813447318));
#9611=CARTESIAN_POINT('Origin',(-56.1998932234751,-2.,-26.0003813447318));
#9612=CARTESIAN_POINT('',(-58.2998932234751,-1.,-26.0003813447318));
#9613=CARTESIAN_POINT('',(-58.2998932234751,-2.,-26.0003813447318));
#9614=CARTESIAN_POINT('Origin',(-56.1998932234751,-1.,-26.0003813447318));
#9615=CARTESIAN_POINT('Origin',(-56.1998932234751,-1.,-26.0003813447318));
#9616=CARTESIAN_POINT('',(-54.4998932234751,-1.,-26.0003813447318));
#9617=CARTESIAN_POINT('Origin',(-56.1998932234751,-1.,-26.0003813447318));
#9618=CARTESIAN_POINT('Origin',(-56.1998932234751,-2.,-5.99961865526822));
#9619=CARTESIAN_POINT('',(-58.2998932234751,-2.,-5.99961865526822));
#9620=CARTESIAN_POINT('Origin',(-56.1998932234751,-2.,-5.99961865526822));
#9621=CARTESIAN_POINT('',(-58.2998932234751,-1.,-5.99961865526822));
#9622=CARTESIAN_POINT('',(-58.2998932234751,-2.,-5.99961865526822));
#9623=CARTESIAN_POINT('Origin',(-56.1998932234751,-1.,-5.99961865526822));
#9624=CARTESIAN_POINT('Origin',(-56.1998932234751,-1.,-5.99961865526822));
#9625=CARTESIAN_POINT('',(-54.4998932234751,-1.,-5.99961865526822));
#9626=CARTESIAN_POINT('Origin',(-56.1998932234751,-1.,-5.99961865526822));
#9627=CARTESIAN_POINT('Origin',(2.1998932234751,-2.,-26.0003813447318));
#9628=CARTESIAN_POINT('',(0.0998932234751021,-2.,-26.0003813447318));
#9629=CARTESIAN_POINT('Origin',(2.1998932234751,-2.,-26.0003813447318));
#9630=CARTESIAN_POINT('',(0.0998932234751021,-1.,-26.0003813447318));
#9631=CARTESIAN_POINT('',(0.0998932234751021,-2.,-26.0003813447318));
#9632=CARTESIAN_POINT('Origin',(2.1998932234751,-1.,-26.0003813447318));
#9633=CARTESIAN_POINT('Origin',(2.1998932234751,-1.,-26.0003813447318));
#9634=CARTESIAN_POINT('',(3.8998932234751,-1.,-26.0003813447318));
#9635=CARTESIAN_POINT('Origin',(2.1998932234751,-1.,-26.0003813447318));
#9636=CARTESIAN_POINT('Origin',(2.1998932234751,-2.,-5.99961865526823));
#9637=CARTESIAN_POINT('',(0.0998932234751027,-2.,-5.99961865526823));
#9638=CARTESIAN_POINT('Origin',(2.1998932234751,-2.,-5.99961865526823));
#9639=CARTESIAN_POINT('',(0.0998932234751027,-1.,-5.99961865526823));
#9640=CARTESIAN_POINT('',(0.0998932234751027,-2.,-5.99961865526823));
#9641=CARTESIAN_POINT('Origin',(2.1998932234751,-1.,-5.99961865526823));
#9642=CARTESIAN_POINT('Origin',(2.1998932234751,-1.,-5.99961865526823));
#9643=CARTESIAN_POINT('',(3.8998932234751,-1.,-5.99961865526823));
#9644=CARTESIAN_POINT('Origin',(2.1998932234751,-1.,-5.99961865526823));
#9645=CARTESIAN_POINT('Origin',(-56.5,3.,-16.));
#9646=CARTESIAN_POINT('',(-54.4998932234751,3.,-26.0003813447318));
#9647=CARTESIAN_POINT('Origin',(-56.1998932234751,3.,-26.0003813447318));
#9648=CARTESIAN_POINT('Origin',(-56.5,3.,-16.));
#9649=CARTESIAN_POINT('',(-54.4998932234751,3.,-5.99961865526822));
#9650=CARTESIAN_POINT('Origin',(-56.1998932234751,3.,-5.99961865526822));
#9651=CARTESIAN_POINT('Origin',(2.49999999999999,3.,-16.));
#9652=CARTESIAN_POINT('',(3.8998932234751,3.,-26.0003813447318));
#9653=CARTESIAN_POINT('Origin',(2.1998932234751,3.,-26.0003813447318));
#9654=CARTESIAN_POINT('Origin',(2.49999999999999,3.,-16.));
#9655=CARTESIAN_POINT('',(3.8998932234751,3.,-5.99961865526823));
#9656=CARTESIAN_POINT('Origin',(2.1998932234751,3.,-5.99961865526823));
#9657=CARTESIAN_POINT('Origin',(-9.00000000000001,2.5,-6.));
#9658=CARTESIAN_POINT('',(-12.,-2.,-6.));
#9659=CARTESIAN_POINT('',(-12.,2.5,-6.));
#9660=CARTESIAN_POINT('Origin',(-9.00000000000001,-2.,-6.));
#9661=CARTESIAN_POINT('Origin',(-53.,-1.,-26.));
#9662=CARTESIAN_POINT('',(-53.,-2.,-32.));
#9663=CARTESIAN_POINT('',(-53.,-1.,-32.));
#9664=CARTESIAN_POINT('',(-59.,-2.,-26.));
#9665=CARTESIAN_POINT('Origin',(-53.,-2.,-26.));
#9666=CARTESIAN_POINT('',(-59.,-1.,-26.));
#9667=CARTESIAN_POINT('Origin',(-59.,-2.,-32.));
#9668=CARTESIAN_POINT('',(-59.,-2.,-6.));
#9669=CARTESIAN_POINT('',(-59.,-2.,-1.17566092718146E-14));
#9670=CARTESIAN_POINT('',(-59.,-1.,-6.));
#9671=CARTESIAN_POINT('Origin',(-27.,-2.,-16.));
#9672=CARTESIAN_POINT('',(-0.999999999999996,-2.,-31.9999999999998));
#9673=CARTESIAN_POINT('',(-59.,-2.,-32.));
#9674=CARTESIAN_POINT('',(5.,-2.,-26.));
#9675=CARTESIAN_POINT('Origin',(-0.999999999999998,-2.,-26.));
#9676=CARTESIAN_POINT('',(5.,-2.,-6.));
#9677=CARTESIAN_POINT('',(5.,-2.,-32.));
#9678=CARTESIAN_POINT('',(-1.,-2.,2.46519032881566E-32));
#9679=CARTESIAN_POINT('Origin',(-1.,-2.,-6.));
#9680=CARTESIAN_POINT('',(-53.,-2.,1.3065508742723E-30));
#9681=CARTESIAN_POINT('',(5.,-2.,-1.23259516440783E-31));
#9682=CARTESIAN_POINT('Origin',(-53.,-2.,-6.));
#9683=CARTESIAN_POINT('',(-23.7,-2.,-20.));
#9684=CARTESIAN_POINT('',(-30.3,-2.,-20.));
#9685=CARTESIAN_POINT('',(-25.35,-2.,-20.));
#9686=CARTESIAN_POINT('',(-30.3,-2.,-18.5));
#9687=CARTESIAN_POINT('',(-30.3,-2.,-18.));
#9688=CARTESIAN_POINT('',(-23.7,-2.,-18.5));
#9689=CARTESIAN_POINT('',(-28.65,-2.,-18.5));
#9690=CARTESIAN_POINT('',(-23.7,-2.,-17.25));
#9691=CARTESIAN_POINT('',(-5.70000000000001,-2.,-20.));
#9692=CARTESIAN_POINT('',(-12.3,-2.,-20.));
#9693=CARTESIAN_POINT('',(-16.35,-2.,-20.));
#9694=CARTESIAN_POINT('',(-12.3,-2.,-18.5));
#9695=CARTESIAN_POINT('',(-12.3,-2.,-18.));
#9696=CARTESIAN_POINT('',(-5.70000000000001,-2.,-18.5));
#9697=CARTESIAN_POINT('',(-19.65,-2.,-18.5));
#9698=CARTESIAN_POINT('',(-5.70000000000001,-2.,-17.25));
#9699=CARTESIAN_POINT('',(-41.7,-2.,-13.5));
#9700=CARTESIAN_POINT('',(-48.3,-2.,-13.5));
#9701=CARTESIAN_POINT('',(-34.35,-2.,-13.5));
#9702=CARTESIAN_POINT('',(-48.3,-2.,-12.));
#9703=CARTESIAN_POINT('',(-48.3,-2.,-14.75));
#9704=CARTESIAN_POINT('',(-41.7,-2.,-12.));
#9705=CARTESIAN_POINT('',(-37.65,-2.,-12.));
#9706=CARTESIAN_POINT('',(-41.7,-2.,-14.));
#9707=CARTESIAN_POINT('',(-30.3,-2.,-12.));
#9708=CARTESIAN_POINT('',(-23.7,-2.,-12.));
#9709=CARTESIAN_POINT('',(-28.65,-2.,-12.));
#9710=CARTESIAN_POINT('',(-23.7,-2.,-13.5));
#9711=CARTESIAN_POINT('',(-23.7,-2.,-14.));
#9712=CARTESIAN_POINT('',(-30.3,-2.,-13.5));
#9713=CARTESIAN_POINT('',(-25.35,-2.,-13.5));
#9714=CARTESIAN_POINT('',(-30.3,-2.,-14.75));
#9715=CARTESIAN_POINT('',(-12.3,-2.,-12.));
#9716=CARTESIAN_POINT('',(-5.70000000000001,-2.,-12.));
#9717=CARTESIAN_POINT('',(-19.65,-2.,-12.));
#9718=CARTESIAN_POINT('',(-5.70000000000001,-2.,-13.5));
#9719=CARTESIAN_POINT('',(-5.70000000000001,-2.,-14.));
#9720=CARTESIAN_POINT('',(-12.3,-2.,-13.5));
#9721=CARTESIAN_POINT('',(-16.35,-2.,-13.5));
#9722=CARTESIAN_POINT('',(-12.3,-2.,-14.75));
#9723=CARTESIAN_POINT('',(-48.3,-2.,-18.5));
#9724=CARTESIAN_POINT('',(-41.7,-2.,-18.5));
#9725=CARTESIAN_POINT('',(-37.65,-2.,-18.5));
#9726=CARTESIAN_POINT('',(-41.7,-2.,-20.));
#9727=CARTESIAN_POINT('',(-41.7,-2.,-17.25));
#9728=CARTESIAN_POINT('',(-48.3,-2.,-20.));
#9729=CARTESIAN_POINT('',(-34.35,-2.,-20.));
#9730=CARTESIAN_POINT('',(-48.3,-2.,-18.));
#9731=CARTESIAN_POINT('Origin',(-3.91886975727153E-15,0.,-32.));
#9732=CARTESIAN_POINT('',(-0.999999999999999,-1.,-32.));
#9733=CARTESIAN_POINT('Origin',(-0.999999999999998,-1.,-26.));
#9734=CARTESIAN_POINT('',(5.,-1.,-26.));
#9735=CARTESIAN_POINT('Origin',(5.,-2.,0.));
#9736=CARTESIAN_POINT('',(5.,-1.,-6.));
#9737=CARTESIAN_POINT('Origin',(-1.,-1.,-6.));
#9738=CARTESIAN_POINT('',(-1.,-1.,0.));
#9739=CARTESIAN_POINT('Origin',(-54.,0.,0.));
#9740=CARTESIAN_POINT('',(-53.,-1.,0.));
#9741=CARTESIAN_POINT('Origin',(-53.,-1.,-6.));
#9742=CARTESIAN_POINT('Origin',(2.1998932234751,-2.,-5.99961865526823));
#9743=CARTESIAN_POINT('',(3.8998932234751,-2.,-5.99961865526823));
#9744=CARTESIAN_POINT('Origin',(2.1998932234751,-2.,-26.0003813447318));
#9745=CARTESIAN_POINT('',(3.8998932234751,-2.,-26.0003813447318));
#9746=CARTESIAN_POINT('Origin',(-56.1998932234751,-2.,-5.99961865526822));
#9747=CARTESIAN_POINT('',(-54.4998932234751,-2.,-5.99961865526822));
#9748=CARTESIAN_POINT('Origin',(-56.1998932234751,-2.,-26.0003813447318));
#9749=CARTESIAN_POINT('',(-54.4998932234751,-2.,-26.0003813447318));
#9750=CARTESIAN_POINT('Origin',(-9.00000000000001,-0.5,-16.));
#9751=CARTESIAN_POINT('',(-12.3,-0.5,-13.5));
#9752=CARTESIAN_POINT('',(-12.3,-0.5,-18.5));
#9753=CARTESIAN_POINT('',(-12.3,-0.5,-20.));
#9754=CARTESIAN_POINT('',(-5.70000000000001,-0.5,-13.5));
#9755=CARTESIAN_POINT('',(-7.35000000000001,-0.5,-13.5));
#9756=CARTESIAN_POINT('',(-5.70000000000001,-0.5,-18.5));
#9757=CARTESIAN_POINT('',(-5.70000000000001,-0.5,-12.));
#9758=CARTESIAN_POINT('',(-10.65,-0.5,-18.5));
#9759=CARTESIAN_POINT('Origin',(-27.,-0.5,-16.));
#9760=CARTESIAN_POINT('',(-30.3,-0.5,-13.5));
#9761=CARTESIAN_POINT('',(-30.3,-0.5,-18.5));
#9762=CARTESIAN_POINT('',(-30.3,-0.5,-20.));
#9763=CARTESIAN_POINT('',(-23.7,-0.5,-13.5));
#9764=CARTESIAN_POINT('',(-25.35,-0.5,-13.5));
#9765=CARTESIAN_POINT('',(-23.7,-0.5,-18.5));
#9766=CARTESIAN_POINT('',(-23.7,-0.5,-12.));
#9767=CARTESIAN_POINT('',(-28.65,-0.5,-18.5));
#9768=CARTESIAN_POINT('Origin',(-45.,-0.5,-16.));
#9769=CARTESIAN_POINT('',(-48.3,-0.5,-13.5));
#9770=CARTESIAN_POINT('',(-48.3,-0.5,-18.5));
#9771=CARTESIAN_POINT('',(-48.3,-0.5,-20.));
#9772=CARTESIAN_POINT('',(-41.7,-0.5,-13.5));
#9773=CARTESIAN_POINT('',(-43.35,-0.5,-13.5));
#9774=CARTESIAN_POINT('',(-41.7,-0.5,-18.5));
#9775=CARTESIAN_POINT('',(-41.7,-0.5,-12.));
#9776=CARTESIAN_POINT('',(-46.65,-0.5,-18.5));
#9777=CARTESIAN_POINT('Origin',(-12.3,0.,-18.5));
#9778=CARTESIAN_POINT('',(-5.70000000000001,0.,-18.5));
#9779=CARTESIAN_POINT('',(-12.3,0.,-18.5));
#9780=CARTESIAN_POINT('Origin',(-30.3,0.,-18.5));
#9781=CARTESIAN_POINT('',(-23.7,0.,-18.5));
#9782=CARTESIAN_POINT('',(-30.3,0.,-18.5));
#9783=CARTESIAN_POINT('Origin',(-41.7,0.,-13.5));
#9784=CARTESIAN_POINT('',(-48.3,0.,-13.5));
#9785=CARTESIAN_POINT('',(-41.7,0.,-13.5));
#9786=CARTESIAN_POINT('Origin',(-23.7,0.,-18.5));
#9787=CARTESIAN_POINT('',(-23.7,0.,-13.5));
#9788=CARTESIAN_POINT('',(-23.7,0.,-12.));
#9789=CARTESIAN_POINT('',(-23.7,0.,-20.));
#9790=CARTESIAN_POINT('Origin',(-23.7,0.,-20.));
#9791=CARTESIAN_POINT('',(-30.3,0.,-20.));
#9792=CARTESIAN_POINT('Origin',(-30.3,0.,-20.));
#9793=CARTESIAN_POINT('',(-30.3,0.,-12.));
#9794=CARTESIAN_POINT('',(-30.3,0.,-13.5));
#9795=CARTESIAN_POINT('Origin',(-5.70000000000001,0.,-18.5));
#9796=CARTESIAN_POINT('',(-5.70000000000001,0.,-13.5));
#9797=CARTESIAN_POINT('',(-5.70000000000001,0.,-12.));
#9798=CARTESIAN_POINT('',(-5.70000000000001,0.,-20.));
#9799=CARTESIAN_POINT('Origin',(-5.70000000000001,0.,-20.));
#9800=CARTESIAN_POINT('',(-12.3,0.,-20.));
#9801=CARTESIAN_POINT('Origin',(-12.3,0.,-20.));
#9802=CARTESIAN_POINT('',(-12.3,0.,-12.));
#9803=CARTESIAN_POINT('',(-12.3,0.,-13.5));
#9804=CARTESIAN_POINT('Origin',(-48.3,0.,-12.));
#9805=CARTESIAN_POINT('',(-48.3,0.,-12.));
#9806=CARTESIAN_POINT('',(-41.7,0.,-12.));
#9807=CARTESIAN_POINT('Origin',(-41.7,0.,-12.));
#9808=CARTESIAN_POINT('',(-41.7,0.,-20.));
#9809=CARTESIAN_POINT('',(-41.7,0.,-18.5));
#9810=CARTESIAN_POINT('Origin',(-48.3,0.,-13.5));
#9811=CARTESIAN_POINT('',(-48.3,0.,-18.5));
#9812=CARTESIAN_POINT('',(-48.3,0.,-20.));
#9813=CARTESIAN_POINT('Origin',(-23.7,0.,-13.5));
#9814=CARTESIAN_POINT('Origin',(-30.3,0.,-12.));
#9815=CARTESIAN_POINT('Origin',(-5.70000000000001,0.,-13.5));
#9816=CARTESIAN_POINT('Origin',(-12.3,0.,-12.));
#9817=CARTESIAN_POINT('Origin',(-41.7,0.,-20.));
#9818=CARTESIAN_POINT('Origin',(-48.3,0.,-18.5));
#9819=CARTESIAN_POINT('',(0.,0.,0.));
#9820=CARTESIAN_POINT('Origin',(-20.5,2.,-31.));
#9821=CARTESIAN_POINT('',(-20.5,1.4,-31.));
#9822=CARTESIAN_POINT('',(-20.5,1.4,-23.));
#9823=CARTESIAN_POINT('',(-20.5,1.4,-29.));
#9824=CARTESIAN_POINT('',(-20.5,2.,-31.));
#9825=CARTESIAN_POINT('',(-20.5,2.,-31.));
#9826=CARTESIAN_POINT('',(-20.5,2.,-23.));
#9827=CARTESIAN_POINT('',(-20.5,2.,-23.));
#9828=CARTESIAN_POINT('',(-20.5,2.,-23.));
#9829=CARTESIAN_POINT('Origin',(-18.5,2.,-31.));
#9830=CARTESIAN_POINT('',(-18.5,1.4,-31.));
#9831=CARTESIAN_POINT('',(-17.25,1.4,-31.));
#9832=CARTESIAN_POINT('',(-18.5,2.,-31.));
#9833=CARTESIAN_POINT('',(-18.5,2.,-31.));
#9834=CARTESIAN_POINT('',(-20.5,2.,-31.));
#9835=CARTESIAN_POINT('Origin',(-17.5,2.,-23.));
#9836=CARTESIAN_POINT('',(-17.5,1.4,-23.));
#9837=CARTESIAN_POINT('',(-10.5717967697245,1.4,-27.));
#9838=CARTESIAN_POINT('',(-16.0714745962156,1.4,-23.8247595264192));
#9839=CARTESIAN_POINT('',(-17.5,2.,-23.));
#9840=CARTESIAN_POINT('',(-17.5,2.,-23.));
#9841=CARTESIAN_POINT('',(-10.5717967697245,2.,-27.));
#9842=CARTESIAN_POINT('',(-10.5717967697245,2.,-27.));
#9843=CARTESIAN_POINT('',(-10.5717967697245,2.,-27.));
#9844=CARTESIAN_POINT('Origin',(-17.5,2.,-31.));
#9845=CARTESIAN_POINT('',(-17.5,1.4,-31.));
#9846=CARTESIAN_POINT('',(-17.5,1.4,-29.));
#9847=CARTESIAN_POINT('',(-17.5,2.,-31.));
#9848=CARTESIAN_POINT('',(-17.5,2.,-31.));
#9849=CARTESIAN_POINT('',(-17.5,2.,-23.));
#9850=CARTESIAN_POINT('Origin',(-18.5,2.,-23.));
#9851=CARTESIAN_POINT('',(-18.5,1.4,-23.));
#9852=CARTESIAN_POINT('',(-18.5,1.4,-25.));
#9853=CARTESIAN_POINT('',(-18.5,2.,-23.));
#9854=CARTESIAN_POINT('',(-18.5,2.,-23.));
#9855=CARTESIAN_POINT('',(-18.5,2.,-31.));
#9856=CARTESIAN_POINT('Origin',(-20.5,2.,-23.));
#9857=CARTESIAN_POINT('',(-18.25,1.4,-23.));
#9858=CARTESIAN_POINT('',(-18.5,2.,-23.));
#9859=CARTESIAN_POINT('Origin',(-10.5717967697245,2.,-27.));
#9860=CARTESIAN_POINT('',(-12.6073729810778,1.4,-28.1752404735808));
#9861=CARTESIAN_POINT('',(-17.5,2.,-31.));
#9862=CARTESIAN_POINT('Origin',(-14.0717967697245,2.,-44.7113248654052));
#9863=CARTESIAN_POINT('',(-14.0717967697245,1.4,-44.7113248654052));
#9864=CARTESIAN_POINT('',(-14.0717967697245,1.4,-41.));
#9865=CARTESIAN_POINT('',(-14.0717967697245,1.4,-35.8556624327026));
#9866=CARTESIAN_POINT('',(-14.0717967697245,2.,-44.7113248654052));
#9867=CARTESIAN_POINT('',(-14.0717967697245,2.,-44.7113248654052));
#9868=CARTESIAN_POINT('',(-14.0717967697245,2.,-41.));
#9869=CARTESIAN_POINT('',(-14.0717967697245,2.,-41.));
#9870=CARTESIAN_POINT('',(-14.0717967697245,2.,-41.));
#9871=CARTESIAN_POINT('Origin',(-20.5,2.,-41.));
#9872=CARTESIAN_POINT('',(-20.5,1.4,-41.));
#9873=CARTESIAN_POINT('',(-21.8435889132456,1.4,-40.2242785792575));
#9874=CARTESIAN_POINT('',(-20.5,2.,-41.));
#9875=CARTESIAN_POINT('',(-20.5,2.,-41.));
#9876=CARTESIAN_POINT('',(-13.5717967697245,2.,-45.));
#9877=CARTESIAN_POINT('Origin',(-20.5,2.,-49.));
#9878=CARTESIAN_POINT('',(-20.5,1.4,-49.));
#9879=CARTESIAN_POINT('',(-20.5,1.4,-38.));
#9880=CARTESIAN_POINT('',(-20.5,2.,-49.));
#9881=CARTESIAN_POINT('',(-20.5,2.,-49.));
#9882=CARTESIAN_POINT('',(-20.5,2.,-41.));
#9883=CARTESIAN_POINT('Origin',(-14.0717967697245,2.,-45.2886751345948));
#9884=CARTESIAN_POINT('',(-14.0717967697245,1.4,-45.2886751345948));
#9885=CARTESIAN_POINT('',(-10.8352586640478,1.4,-43.4200589880399));
#9886=CARTESIAN_POINT('',(-14.0717967697245,2.,-45.2886751345948));
#9887=CARTESIAN_POINT('',(-14.0717967697245,2.,-45.2886751345948));
#9888=CARTESIAN_POINT('',(-20.5,2.,-49.));
#9889=CARTESIAN_POINT('Origin',(-14.0717967697245,2.,-49.));
#9890=CARTESIAN_POINT('',(-14.0717967697245,1.4,-49.));
#9891=CARTESIAN_POINT('',(-14.0717967697245,1.4,-38.));
#9892=CARTESIAN_POINT('',(-14.0717967697245,2.,-49.));
#9893=CARTESIAN_POINT('',(-14.0717967697245,2.,-49.));
#9894=CARTESIAN_POINT('',(-14.0717967697245,2.,-41.));
#9895=CARTESIAN_POINT('Origin',(-11.5717967697245,2.,-49.));
#9896=CARTESIAN_POINT('',(-11.5717967697245,1.4,-49.));
#9897=CARTESIAN_POINT('',(-13.7858983848623,1.4,-49.));
#9898=CARTESIAN_POINT('',(-11.5717967697245,2.,-49.));
#9899=CARTESIAN_POINT('',(-11.5717967697245,2.,-49.));
#9900=CARTESIAN_POINT('',(-14.0717967697245,2.,-49.));
#9901=CARTESIAN_POINT('Origin',(-11.5717967697245,2.,-41.));
#9902=CARTESIAN_POINT('',(-11.5717967697245,1.4,-41.));
#9903=CARTESIAN_POINT('',(-11.5717967697245,1.4,-34.));
#9904=CARTESIAN_POINT('',(-11.5717967697245,2.,-41.));
#9905=CARTESIAN_POINT('',(-11.5717967697245,2.,-41.));
#9906=CARTESIAN_POINT('',(-11.5717967697245,2.,-49.));
#9907=CARTESIAN_POINT('Origin',(-14.0717967697245,2.,-41.));
#9908=CARTESIAN_POINT('',(-15.0358983848623,1.4,-41.));
#9909=CARTESIAN_POINT('',(-11.5717967697245,2.,-41.));
#9910=CARTESIAN_POINT('Origin',(-17.9282032302755,2.,-9.28867513459483));
#9911=CARTESIAN_POINT('',(-17.9282032302755,1.4,-9.28867513459483));
#9912=CARTESIAN_POINT('',(-17.9282032302755,1.4,-13.));
#9913=CARTESIAN_POINT('',(-17.9282032302755,1.4,-18.1443375672974));
#9914=CARTESIAN_POINT('',(-17.9282032302755,2.,-9.28867513459483));
#9915=CARTESIAN_POINT('',(-17.9282032302755,2.,-9.28867513459483));
#9916=CARTESIAN_POINT('',(-17.9282032302755,2.,-13.));
#9917=CARTESIAN_POINT('',(-17.9282032302755,2.,-13.));
#9918=CARTESIAN_POINT('',(-17.9282032302755,2.,-13.));
#9919=CARTESIAN_POINT('Origin',(-17.9282032302755,2.,-13.));
#9920=CARTESIAN_POINT('',(-20.4282032302755,1.4,-13.));
#9921=CARTESIAN_POINT('',(-16.9641016151378,1.4,-13.));
#9922=CARTESIAN_POINT('',(-20.4282032302755,2.,-13.));
#9923=CARTESIAN_POINT('',(-20.4282032302755,2.,-13.));
#9924=CARTESIAN_POINT('',(-20.4282032302755,2.,-13.));
#9925=CARTESIAN_POINT('Origin',(-20.4282032302755,2.,-13.));
#9926=CARTESIAN_POINT('',(-20.4282032302755,1.4,-5.00000000000001));
#9927=CARTESIAN_POINT('',(-20.4282032302755,1.4,-20.));
#9928=CARTESIAN_POINT('',(-20.4282032302755,2.,-5.00000000000001));
#9929=CARTESIAN_POINT('',(-20.4282032302755,2.,-5.00000000000001));
#9930=CARTESIAN_POINT('',(-20.4282032302755,2.,-5.00000000000001));
#9931=CARTESIAN_POINT('Origin',(-20.4282032302755,2.,-5.00000000000001));
#9932=CARTESIAN_POINT('',(-17.9282032302755,1.4,-5.00000000000001));
#9933=CARTESIAN_POINT('',(-18.2141016151378,1.4,-5.00000000000001));
#9934=CARTESIAN_POINT('',(-17.9282032302755,2.,-5.00000000000001));
#9935=CARTESIAN_POINT('',(-17.9282032302755,2.,-5.00000000000001));
#9936=CARTESIAN_POINT('',(-17.9282032302755,2.,-5.00000000000001));
#9937=CARTESIAN_POINT('Origin',(-17.9282032302755,2.,-5.00000000000001));
#9938=CARTESIAN_POINT('',(-17.9282032302755,1.4,-8.7113248654052));
#9939=CARTESIAN_POINT('',(-17.9282032302755,1.4,-16.));
#9940=CARTESIAN_POINT('',(-17.9282032302755,2.,-8.7113248654052));
#9941=CARTESIAN_POINT('',(-17.9282032302755,2.,-13.));
#9942=CARTESIAN_POINT('',(-17.9282032302755,2.,-8.7113248654052));
#9943=CARTESIAN_POINT('Origin',(-17.9282032302755,2.,-8.7113248654052));
#9944=CARTESIAN_POINT('',(-11.5,1.4,-5.00000000000001));
#9945=CARTESIAN_POINT('',(-21.1647413359522,1.4,-10.5799410119601));
#9946=CARTESIAN_POINT('',(-11.5,2.,-5.00000000000001));
#9947=CARTESIAN_POINT('',(-11.5,2.,-5.00000000000001));
#9948=CARTESIAN_POINT('',(-11.5,2.,-5.00000000000001));
#9949=CARTESIAN_POINT('Origin',(-11.5,2.,-5.00000000000001));
#9950=CARTESIAN_POINT('',(-11.5,1.4,-13.));
#9951=CARTESIAN_POINT('',(-11.5,1.4,-16.));
#9952=CARTESIAN_POINT('',(-11.5,2.,-13.));
#9953=CARTESIAN_POINT('',(-11.5,2.,-13.));
#9954=CARTESIAN_POINT('',(-11.5,2.,-13.));
#9955=CARTESIAN_POINT('Origin',(-11.5,2.,-13.));
#9956=CARTESIAN_POINT('',(-10.1564110867545,1.4,-13.7757214207425));
#9957=CARTESIAN_POINT('',(-18.4282032302755,2.,-9.00000000000001));
#9958=CARTESIAN_POINT('Origin',(-5.50000000000001,2.,-45.));
#9959=CARTESIAN_POINT('',(-7.25,2.,-45.));
#9960=CARTESIAN_POINT('Origin',(-5.50000000000001,2.,-45.));
#9961=CARTESIAN_POINT('',(-7.25,1.4,-45.));
#9962=CARTESIAN_POINT('',(-7.25,2.,-45.));
#9963=CARTESIAN_POINT('Origin',(-5.50000000000001,1.4,-45.));
#9964=CARTESIAN_POINT('Origin',(-3.,0.,-51.));
#9965=CARTESIAN_POINT('',(-5.,1.4,-53.));
#9966=CARTESIAN_POINT('',(-1.,1.4,-49.));
#9967=CARTESIAN_POINT('',(-4.75,1.4,-52.75));
#9968=CARTESIAN_POINT('',(-5.,-3.,-53.));
#9969=CARTESIAN_POINT('',(-5.,0.,-53.));
#9970=CARTESIAN_POINT('',(-1.,-3.,-49.));
#9971=CARTESIAN_POINT('',(-0.249999999999995,-3.,-48.25));
#9972=CARTESIAN_POINT('',(-1.,0.,-49.));
#9973=CARTESIAN_POINT('Origin',(-1.,0.,-37.));
#9974=CARTESIAN_POINT('',(-1.,-3.,-41.));
#9975=CARTESIAN_POINT('',(-1.,-3.,-32.));
#9976=CARTESIAN_POINT('',(-1.,1.4,-41.));
#9977=CARTESIAN_POINT('',(-1.,0.,-41.));
#9978=CARTESIAN_POINT('',(-1.,1.4,-37.));
#9979=CARTESIAN_POINT('Origin',(-29.,0.,-51.));
#9980=CARTESIAN_POINT('',(-31.,1.4,-49.));
#9981=CARTESIAN_POINT('',(-27.,1.4,-53.));
#9982=CARTESIAN_POINT('',(-27.25,1.4,-52.75));
#9983=CARTESIAN_POINT('',(-31.,-3.,-49.));
#9984=CARTESIAN_POINT('',(-31.,0.,-49.));
#9985=CARTESIAN_POINT('',(-27.,-3.,-53.));
#9986=CARTESIAN_POINT('',(-31.75,-3.,-48.25));
#9987=CARTESIAN_POINT('',(-27.,0.,-53.));
#9988=CARTESIAN_POINT('Origin',(-1.,0.,-53.));
#9989=CARTESIAN_POINT('',(-1.,1.4,-53.));
#9990=CARTESIAN_POINT('',(-8.5,-3.,-53.));
#9991=CARTESIAN_POINT('Origin',(-29.,0.,-39.));
#9992=CARTESIAN_POINT('',(-27.,1.4,-37.));
#9993=CARTESIAN_POINT('',(-31.,1.4,-41.));
#9994=CARTESIAN_POINT('',(-27.25,1.4,-37.25));
#9995=CARTESIAN_POINT('',(-27.,-3.,-37.));
#9996=CARTESIAN_POINT('',(-27.,0.,-37.));
#9997=CARTESIAN_POINT('',(-31.,-3.,-41.));
#9998=CARTESIAN_POINT('',(-22.75,-3.,-32.75));
#9999=CARTESIAN_POINT('',(-31.,0.,-41.));
#10000=CARTESIAN_POINT('Origin',(-31.,0.,-53.));
#10001=CARTESIAN_POINT('',(-31.,1.4,-53.));
#10002=CARTESIAN_POINT('',(-31.,-3.,-40.));
#10003=CARTESIAN_POINT('Origin',(-3.,0.,-39.));
#10004=CARTESIAN_POINT('',(-5.,1.4,-37.));
#10005=CARTESIAN_POINT('',(-4.75,1.4,-37.25));
#10006=CARTESIAN_POINT('',(-5.,-3.,-37.));
#10007=CARTESIAN_POINT('',(-9.25,-3.,-32.75));
#10008=CARTESIAN_POINT('',(-5.,0.,-37.));
#10009=CARTESIAN_POINT('Origin',(-31.,0.,-37.));
#10010=CARTESIAN_POINT('',(-31.,1.4,-37.));
#10011=CARTESIAN_POINT('',(-23.5,-3.,-37.));
#10012=CARTESIAN_POINT('Origin',(-3.,0.,-33.));
#10013=CARTESIAN_POINT('',(-5.,1.4,-35.));
#10014=CARTESIAN_POINT('',(-1.,1.4,-31.));
#10015=CARTESIAN_POINT('',(-4.75,1.4,-34.75));
#10016=CARTESIAN_POINT('',(-5.,-3.,-35.));
#10017=CARTESIAN_POINT('',(-5.,0.,-35.));
#10018=CARTESIAN_POINT('',(-1.,-3.,-31.));
#10019=CARTESIAN_POINT('',(-4.75,-3.,-34.75));
#10020=CARTESIAN_POINT('',(-1.,0.,-31.));
#10021=CARTESIAN_POINT('Origin',(-1.,0.,-19.));
#10022=CARTESIAN_POINT('',(-1.,-3.,-23.));
#10023=CARTESIAN_POINT('',(-1.,-3.,-23.));
#10024=CARTESIAN_POINT('',(-1.,1.4,-23.));
#10025=CARTESIAN_POINT('',(-1.,0.,-23.));
#10026=CARTESIAN_POINT('',(-1.,1.4,-19.));
#10027=CARTESIAN_POINT('Origin',(-3.,0.,-21.));
#10028=CARTESIAN_POINT('',(-5.,1.4,-19.));
#10029=CARTESIAN_POINT('',(-4.75,1.4,-19.25));
#10030=CARTESIAN_POINT('',(-5.,-3.,-19.));
#10031=CARTESIAN_POINT('',(-4.75,-3.,-19.25));
#10032=CARTESIAN_POINT('',(-5.,0.,-19.));
#10033=CARTESIAN_POINT('Origin',(-31.,0.,-19.));
#10034=CARTESIAN_POINT('',(-27.,-3.,-19.));
#10035=CARTESIAN_POINT('',(-23.5,-3.,-19.));
#10036=CARTESIAN_POINT('',(-27.,1.4,-19.));
#10037=CARTESIAN_POINT('',(-27.,0.,-19.));
#10038=CARTESIAN_POINT('',(-31.,1.4,-19.));
#10039=CARTESIAN_POINT('Origin',(-29.,0.,-21.));
#10040=CARTESIAN_POINT('',(-31.,1.4,-23.));
#10041=CARTESIAN_POINT('',(-27.25,1.4,-19.25));
#10042=CARTESIAN_POINT('',(-31.,-3.,-23.));
#10043=CARTESIAN_POINT('',(-27.25,-3.,-19.25));
#10044=CARTESIAN_POINT('',(-31.,0.,-23.));
#10045=CARTESIAN_POINT('Origin',(-31.,0.,-35.));
#10046=CARTESIAN_POINT('',(-31.,-3.,-31.));
#10047=CARTESIAN_POINT('',(-31.,-3.,-31.));
#10048=CARTESIAN_POINT('',(-31.,1.4,-31.));
#10049=CARTESIAN_POINT('',(-31.,0.,-31.));
#10050=CARTESIAN_POINT('',(-31.,1.4,-35.));
#10051=CARTESIAN_POINT('Origin',(-29.,0.,-33.));
#10052=CARTESIAN_POINT('',(-27.,1.4,-35.));
#10053=CARTESIAN_POINT('',(-27.25,1.4,-34.75));
#10054=CARTESIAN_POINT('',(-27.,-3.,-35.));
#10055=CARTESIAN_POINT('',(-27.25,-3.,-34.75));
#10056=CARTESIAN_POINT('',(-27.,0.,-35.));
#10057=CARTESIAN_POINT('Origin',(-1.,0.,-35.));
#10058=CARTESIAN_POINT('',(-1.,1.4,-35.));
#10059=CARTESIAN_POINT('',(-8.5,-3.,-35.));
#10060=CARTESIAN_POINT('Origin',(-3.,0.,-3.));
#10061=CARTESIAN_POINT('',(-1.,1.4,-5.));
#10062=CARTESIAN_POINT('',(-5.,1.4,-1.));
#10063=CARTESIAN_POINT('',(-4.75,1.4,-1.25));
#10064=CARTESIAN_POINT('',(-1.,-3.,-5.));
#10065=CARTESIAN_POINT('',(-1.,0.,-5.));
#10066=CARTESIAN_POINT('',(-5.,-3.,-1.));
#10067=CARTESIAN_POINT('',(-0.250000000000001,-3.,-5.75));
#10068=CARTESIAN_POINT('',(-5.,0.,-1.));
#10069=CARTESIAN_POINT('Origin',(-1.,0.,-1.));
#10070=CARTESIAN_POINT('',(-1.,1.4,-13.));
#10071=CARTESIAN_POINT('',(-1.,1.4,-1.));
#10072=CARTESIAN_POINT('',(-1.,-3.,-13.));
#10073=CARTESIAN_POINT('',(-1.,0.,-13.));
#10074=CARTESIAN_POINT('',(-1.,-3.,-14.));
#10075=CARTESIAN_POINT('Origin',(-3.,0.,-15.));
#10076=CARTESIAN_POINT('',(-5.,1.4,-17.));
#10077=CARTESIAN_POINT('',(-4.75,1.4,-16.75));
#10078=CARTESIAN_POINT('',(-5.,-3.,-17.));
#10079=CARTESIAN_POINT('',(-5.,0.,-17.));
#10080=CARTESIAN_POINT('',(-9.25,-3.,-21.25));
#10081=CARTESIAN_POINT('Origin',(-1.,0.,-17.));
#10082=CARTESIAN_POINT('',(-27.,1.4,-17.));
#10083=CARTESIAN_POINT('',(-1.,1.4,-17.));
#10084=CARTESIAN_POINT('',(-27.,-3.,-17.));
#10085=CARTESIAN_POINT('',(-27.,0.,-17.));
#10086=CARTESIAN_POINT('',(-8.5,-3.,-17.));
#10087=CARTESIAN_POINT('Origin',(-29.,0.,-15.));
#10088=CARTESIAN_POINT('',(-31.,1.4,-13.));
#10089=CARTESIAN_POINT('',(-27.25,1.4,-16.75));
#10090=CARTESIAN_POINT('',(-31.,-3.,-13.));
#10091=CARTESIAN_POINT('',(-31.,0.,-13.));
#10092=CARTESIAN_POINT('',(-22.75,-3.,-21.25));
#10093=CARTESIAN_POINT('Origin',(-31.,0.,-17.));
#10094=CARTESIAN_POINT('',(-31.,1.4,-5.));
#10095=CARTESIAN_POINT('',(-31.,1.4,-17.));
#10096=CARTESIAN_POINT('',(-31.,-3.,-5.));
#10097=CARTESIAN_POINT('',(-31.,0.,-5.));
#10098=CARTESIAN_POINT('',(-31.,-3.,-22.));
#10099=CARTESIAN_POINT('Origin',(-29.,0.,-3.));
#10100=CARTESIAN_POINT('',(-27.,1.4,-1.));
#10101=CARTESIAN_POINT('',(-27.25,1.4,-1.25));
#10102=CARTESIAN_POINT('',(-27.,-3.,-1.));
#10103=CARTESIAN_POINT('',(-27.,0.,-1.));
#10104=CARTESIAN_POINT('',(-31.75,-3.,-5.75));
#10105=CARTESIAN_POINT('Origin',(-16.,1.4,-9.));
#10106=CARTESIAN_POINT('',(-31.,1.4,-1.));
#10107=CARTESIAN_POINT('Origin',(-31.,0.,-1.));
#10108=CARTESIAN_POINT('',(-23.5,-3.,-1.));
#10109=CARTESIAN_POINT('Origin',(-16.,1.4,-27.));
#10110=CARTESIAN_POINT('Origin',(-16.,1.4,-45.));
#10111=CARTESIAN_POINT('Origin',(-32.,0.,-54.));
#10112=CARTESIAN_POINT('',(-32.,-3.,-54.));
#10113=CARTESIAN_POINT('',(-32.,-3.,0.));
#10114=CARTESIAN_POINT('',(-32.,-3.,-54.));
#10115=CARTESIAN_POINT('',(-32.,2.,0.));
#10116=CARTESIAN_POINT('',(-32.,0.,0.));
#10117=CARTESIAN_POINT('',(-32.,2.,-54.));
#10118=CARTESIAN_POINT('',(-32.,2.,-54.));
#10119=CARTESIAN_POINT('',(-32.,0.,-54.));
#10120=CARTESIAN_POINT('Origin',(0.,0.,-54.));
#10121=CARTESIAN_POINT('',(0.,-3.,-54.));
#10122=CARTESIAN_POINT('',(0.,-3.,-54.));
#10123=CARTESIAN_POINT('',(0.,2.,-54.));
#10124=CARTESIAN_POINT('',(0.,2.,-54.));
#10125=CARTESIAN_POINT('',(0.,0.,-54.));
#10126=CARTESIAN_POINT('Origin',(0.,0.,0.));
#10127=CARTESIAN_POINT('',(0.,-3.,0.));
#10128=CARTESIAN_POINT('',(0.,-3.,0.));
#10129=CARTESIAN_POINT('',(0.,2.,0.));
#10130=CARTESIAN_POINT('',(0.,2.,0.));
#10131=CARTESIAN_POINT('',(0.,0.,0.));
#10132=CARTESIAN_POINT('Origin',(-32.,0.,0.));
#10133=CARTESIAN_POINT('',(-32.,-3.,0.));
#10134=CARTESIAN_POINT('',(-32.,2.,0.));
#10135=CARTESIAN_POINT('Origin',(-16.,2.,-27.));
#10136=CARTESIAN_POINT('Origin',(-16.,-3.,-27.));
#10137=CARTESIAN_POINT('',(0.,0.,0.));
#10138=CARTESIAN_POINT('Origin',(-2.35,1.6,-3.6));
#10139=CARTESIAN_POINT('',(-3.78973006775534,1.6,-3.6));
#10140=CARTESIAN_POINT('',(-2.6,1.6,-3.6));
#10141=CARTESIAN_POINT('',(-1.175,1.6,-3.6));
#10142=CARTESIAN_POINT('',(-3.78973006775534,5.1,-3.6));
#10143=CARTESIAN_POINT('',(-3.78973006775534,1.6,-3.6));
#10144=CARTESIAN_POINT('',(-2.6,5.1,-3.6));
#10145=CARTESIAN_POINT('',(-2.35,5.1,-3.6));
#10146=CARTESIAN_POINT('',(-2.6,1.6,-3.6));
#10147=CARTESIAN_POINT('Origin',(-2.6,1.6,3.6));
#10148=CARTESIAN_POINT('',(-2.6,1.6,3.6));
#10149=CARTESIAN_POINT('',(-2.6,1.6,1.8));
#10150=CARTESIAN_POINT('',(-2.6,5.1,3.6));
#10151=CARTESIAN_POINT('',(-2.6,5.1,3.6));
#10152=CARTESIAN_POINT('',(-2.6,1.6,3.6));
#10153=CARTESIAN_POINT('Origin',(-3.78973006775534,1.6,3.6));
#10154=CARTESIAN_POINT('',(-3.78973006775534,1.6,3.6));
#10155=CARTESIAN_POINT('',(-1.89486503387767,1.6,3.6));
#10156=CARTESIAN_POINT('',(-3.78973006775534,5.1,3.6));
#10157=CARTESIAN_POINT('',(-3.85,5.1,3.6));
#10158=CARTESIAN_POINT('',(-3.78973006775534,1.6,3.6));
#10159=CARTESIAN_POINT('Origin',(0.1,1.6,-3.59701934671157E-16));
#10160=CARTESIAN_POINT('',(-4.1,1.6,3.23264597504892));
#10161=CARTESIAN_POINT('Origin',(0.1,1.6,-3.59701934671157E-16));
#10162=CARTESIAN_POINT('',(-4.1,5.1,3.23264597504892));
#10163=CARTESIAN_POINT('Origin',(0.1,5.1,-3.59701934671157E-16));
#10164=CARTESIAN_POINT('',(-4.1,1.6,3.23264597504892));
#10165=CARTESIAN_POINT('Origin',(-4.1,1.6,-3.53376569681692));
#10166=CARTESIAN_POINT('',(-4.1,1.6,-3.23264597504892));
#10167=CARTESIAN_POINT('',(-4.1,1.6,-1.76688284840846));
#10168=CARTESIAN_POINT('',(-4.1,5.1,-3.23264597504892));
#10169=CARTESIAN_POINT('',(-4.1,5.1,-3.6));
#10170=CARTESIAN_POINT('',(-4.1,1.6,-3.23264597504892));
#10171=CARTESIAN_POINT('Origin',(0.1,1.6,-3.59701934671157E-16));
#10172=CARTESIAN_POINT('Origin',(0.1,1.6,-3.59701934671157E-16));
#10173=CARTESIAN_POINT('Origin',(0.1,5.1,-3.59701934671157E-16));
#10174=CARTESIAN_POINT('Origin',(-3.1,5.1,5.55111512312578E-16));
#10175=CARTESIAN_POINT('Origin',(4.88538290724796,1.6,-1.42496420113979E-15));
#10176=CARTESIAN_POINT('',(-1.35,1.6,-3.6));
#10177=CARTESIAN_POINT('',(4.88538290724796,1.6,-1.66533453693773E-15));
#10178=CARTESIAN_POINT('',(3.05336431702997,1.6,-1.05771642622275));
#10179=CARTESIAN_POINT('',(-1.35,5.1,-3.6));
#10180=CARTESIAN_POINT('',(-1.35,1.6,-3.6));
#10181=CARTESIAN_POINT('',(4.88538290724796,5.1,-1.66533453693773E-15));
#10182=CARTESIAN_POINT('',(4.88538290724796,5.1,-1.66533453693773E-15));
#10183=CARTESIAN_POINT('',(4.88538290724796,1.6,-1.66533453693773E-15));
#10184=CARTESIAN_POINT('Origin',(-1.35,1.6,3.6));
#10185=CARTESIAN_POINT('',(-1.35,1.6,3.6));
#10186=CARTESIAN_POINT('',(-0.0643271365940029,1.6,2.85771642622275));
#10187=CARTESIAN_POINT('',(-1.35,5.1,3.6));
#10188=CARTESIAN_POINT('',(-1.35,5.1,3.6));
#10189=CARTESIAN_POINT('',(-1.35,1.6,3.6));
#10190=CARTESIAN_POINT('Origin',(-1.35,1.6,-3.6));
#10191=CARTESIAN_POINT('',(-1.35,1.6,-1.8));
#10192=CARTESIAN_POINT('',(-1.35,5.1,-3.6));
#10193=CARTESIAN_POINT('Origin',(1.76769145362398,5.1,0.));
#10194=CARTESIAN_POINT('Origin',(10.5,1.4,-1.28587913910472E-15));
#10195=CARTESIAN_POINT('',(8.75,1.4,-1.50019232895551E-15));
#10196=CARTESIAN_POINT('Origin',(10.5,1.4,-1.28587913910472E-15));
#10197=CARTESIAN_POINT('',(8.75,0.,-1.07156594925393E-15));
#10198=CARTESIAN_POINT('',(8.75,1.4,-1.50019232895551E-15));
#10199=CARTESIAN_POINT('Origin',(10.5,0.,-1.28587913910472E-15));
#10200=CARTESIAN_POINT('Origin',(-10.5,1.4,1.28587913910472E-15));
#10201=CARTESIAN_POINT('',(-12.25,1.4,1.07156594925393E-15));
#10202=CARTESIAN_POINT('Origin',(-10.5,1.4,1.28587913910472E-15));
#10203=CARTESIAN_POINT('',(-12.25,0.,1.50019232895551E-15));
#10204=CARTESIAN_POINT('',(-12.25,1.4,1.07156594925393E-15));
#10205=CARTESIAN_POINT('Origin',(-10.5,0.,1.28587913910472E-15));
#10206=CARTESIAN_POINT('Origin',(-12.6464466094067,0.,-5.64644660940673));
#10207=CARTESIAN_POINT('',(-14.5,1.4,-3.79289321881345));
#10208=CARTESIAN_POINT('',(-10.7928932188135,1.4,-7.5));
#10209=CARTESIAN_POINT('',(-10.8964466094067,1.4,-7.39644660940673));
#10210=CARTESIAN_POINT('',(-10.7928932188135,0.,-7.5));
#10211=CARTESIAN_POINT('',(-10.7928932188135,0.,-7.5));
#10212=CARTESIAN_POINT('',(-14.5,0.,-3.79289321881345));
#10213=CARTESIAN_POINT('',(-10.8964466094067,0.,-7.39644660940673));
#10214=CARTESIAN_POINT('',(-14.5,0.,-3.79289321881346));
#10215=CARTESIAN_POINT('Origin',(-14.5,0.,-8.));
#10216=CARTESIAN_POINT('',(-14.5,0.,3.79289321881345));
#10217=CARTESIAN_POINT('',(-14.5,0.,-4.));
#10218=CARTESIAN_POINT('',(-14.5,1.4,3.79289321881345));
#10219=CARTESIAN_POINT('',(-14.5,0.,3.79289321881345));
#10220=CARTESIAN_POINT('',(-14.5,1.4,-4.));
#10221=CARTESIAN_POINT('Origin',(4.44089209850063E-15,0.,0.));
#10222=CARTESIAN_POINT('',(10.7928932188135,0.,-7.5));
#10223=CARTESIAN_POINT('',(7.5,0.,-7.5));
#10224=CARTESIAN_POINT('',(14.5,0.,-3.79289321881345));
#10225=CARTESIAN_POINT('',(10.8964466094067,0.,-7.39644660940673));
#10226=CARTESIAN_POINT('',(14.5,0.,3.79289321881345));
#10227=CARTESIAN_POINT('',(14.5,0.,4.));
#10228=CARTESIAN_POINT('',(10.7928932188135,0.,7.5));
#10229=CARTESIAN_POINT('',(10.8964466094067,0.,7.39644660940673));
#10230=CARTESIAN_POINT('',(-10.7928932188135,0.,7.5));
#10231=CARTESIAN_POINT('',(-7.5,0.,7.5));
#10232=CARTESIAN_POINT('',(-10.8964466094067,0.,7.39644660940673));
#10233=CARTESIAN_POINT('',(1.75,0.,-2.14313189850787E-16));
#10234=CARTESIAN_POINT('Origin',(0.,0.,0.));
#10235=CARTESIAN_POINT('Origin',(-12.6464466094067,0.,5.64644660940673));
#10236=CARTESIAN_POINT('',(-10.7928932188135,1.4,7.5));
#10237=CARTESIAN_POINT('',(-10.8964466094067,1.4,7.39644660940673));
#10238=CARTESIAN_POINT('',(-10.7928932188135,0.,7.5));
#10239=CARTESIAN_POINT('Origin',(-15.,0.,7.5));
#10240=CARTESIAN_POINT('',(10.7928932188135,1.4,7.5));
#10241=CARTESIAN_POINT('',(10.7928932188135,0.,7.5));
#10242=CARTESIAN_POINT('',(-7.5,1.4,7.5));
#10243=CARTESIAN_POINT('Origin',(12.6464466094067,0.,-5.64644660940672));
#10244=CARTESIAN_POINT('',(10.7928932188135,1.4,-7.5));
#10245=CARTESIAN_POINT('',(14.5,1.4,-3.79289321881345));
#10246=CARTESIAN_POINT('',(10.8964466094067,1.4,-7.39644660940673));
#10247=CARTESIAN_POINT('',(14.5,0.,-3.79289321881345));
#10248=CARTESIAN_POINT('',(10.7928932188135,0.,-7.5));
#10249=CARTESIAN_POINT('Origin',(15.,0.,-7.5));
#10250=CARTESIAN_POINT('',(7.5,1.4,-7.5));
#10251=CARTESIAN_POINT('Origin',(12.6464466094067,0.,5.64644660940673));
#10252=CARTESIAN_POINT('',(14.5,1.4,3.79289321881345));
#10253=CARTESIAN_POINT('',(10.8964466094067,1.4,7.39644660940673));
#10254=CARTESIAN_POINT('',(14.5,0.,3.79289321881345));
#10255=CARTESIAN_POINT('Origin',(0.,0.,0.));
#10256=CARTESIAN_POINT('',(1.75,-0.75,-2.14313189850787E-16));
#10257=CARTESIAN_POINT('',(1.75,0.,-2.14313189850787E-16));
#10258=CARTESIAN_POINT('Origin',(0.,-0.75,0.));
#10259=CARTESIAN_POINT('Origin',(0.,-0.75,0.));
#10260=CARTESIAN_POINT('Origin',(-6.,0.,5.5));
#10261=CARTESIAN_POINT('',(5.5,1.4,5.5));
#10262=CARTESIAN_POINT('',(-5.5,1.4,5.5));
#10263=CARTESIAN_POINT('',(-3.,1.4,5.5));
#10264=CARTESIAN_POINT('',(5.5,1.6,5.5));
#10265=CARTESIAN_POINT('',(5.5,0.,5.5));
#10266=CARTESIAN_POINT('',(-5.5,1.6,5.5));
#10267=CARTESIAN_POINT('',(-3.,1.6,5.5));
#10268=CARTESIAN_POINT('',(-5.5,0.,5.5));
#10269=CARTESIAN_POINT('Origin',(5.5,0.,6.));
#10270=CARTESIAN_POINT('',(5.5,1.4,-5.5));
#10271=CARTESIAN_POINT('',(5.5,1.4,3.));
#10272=CARTESIAN_POINT('',(5.5,1.6,-5.5));
#10273=CARTESIAN_POINT('',(5.5,0.,-5.5));
#10274=CARTESIAN_POINT('',(5.5,1.6,3.));
#10275=CARTESIAN_POINT('Origin',(-5.5,0.,-6.));
#10276=CARTESIAN_POINT('',(-5.5,1.4,-5.5));
#10277=CARTESIAN_POINT('',(-5.5,1.4,-3.));
#10278=CARTESIAN_POINT('',(-5.5,1.6,-5.5));
#10279=CARTESIAN_POINT('',(-5.5,1.6,-3.));
#10280=CARTESIAN_POINT('',(-5.5,0.,-5.5));
#10281=CARTESIAN_POINT('Origin',(6.,0.,-5.5));
#10282=CARTESIAN_POINT('',(3.,1.4,-5.5));
#10283=CARTESIAN_POINT('',(3.,1.6,-5.5));
#10284=CARTESIAN_POINT('Origin',(1.11022302462516E-15,1.6,-1.11022302462516E-15));
#10285=CARTESIAN_POINT('Origin',(14.5,0.,8.));
#10286=CARTESIAN_POINT('',(14.5,1.4,4.));
#10287=CARTESIAN_POINT('Origin',(4.44089209850063E-15,1.4,0.));
#10288=CARTESIAN_POINT('',(0.,0.,0.));
#10289=CARTESIAN_POINT('Origin',(-2.33107510106449,1.6,3.83999999999999));
#10290=CARTESIAN_POINT('',(-2.33107510106449,1.6,-1.17239551400416E-14));
#10291=CARTESIAN_POINT('',(-2.33107510106449,5.1,-1.16573417585641E-14));
#10292=CARTESIAN_POINT('',(-2.33107510106449,1.6,-1.17239551400416E-14));
#10293=CARTESIAN_POINT('',(-2.33107510106449,5.1,3.83999999999999));
#10294=CARTESIAN_POINT('',(-2.33107510106449,5.1,3.83999999999999));
#10295=CARTESIAN_POINT('',(-2.33107510106449,1.6,3.83999999999999));
#10296=CARTESIAN_POINT('',(-2.33107510106449,1.6,3.83999999999999));
#10297=CARTESIAN_POINT('',(-2.33107510106449,1.6,1.92));
#10298=CARTESIAN_POINT('Origin',(-4.25107510106448,1.6,3.83999999999999));
#10299=CARTESIAN_POINT('',(-4.25107510106448,1.6,3.83999999999999));
#10300=CARTESIAN_POINT('',(-2.12553755053224,1.6,3.83999999999999));
#10301=CARTESIAN_POINT('',(-4.25107510106448,5.1,3.83999999999999));
#10302=CARTESIAN_POINT('',(-4.25107510106448,5.1,3.83999999999999));
#10303=CARTESIAN_POINT('',(-4.25107510106448,1.6,3.83999999999999));
#10304=CARTESIAN_POINT('Origin',(-4.25107510106448,1.6,-3.84000000000001));
#10305=CARTESIAN_POINT('',(-4.25107510106448,1.6,-3.84000000000001));
#10306=CARTESIAN_POINT('',(-4.25107510106448,1.6,-1.92000000000001));
#10307=CARTESIAN_POINT('',(-4.25107510106448,5.1,-3.84000000000001));
#10308=CARTESIAN_POINT('',(-4.25107510106448,5.1,-3.84000000000001));
#10309=CARTESIAN_POINT('',(-4.25107510106448,1.6,-3.84000000000001));
#10310=CARTESIAN_POINT('Origin',(-2.33107510106449,1.6,-3.84));
#10311=CARTESIAN_POINT('',(-2.33107510106449,1.6,-3.84));
#10312=CARTESIAN_POINT('',(-1.16553755053223,1.6,-3.84));
#10313=CARTESIAN_POINT('',(-2.33107510106449,5.1,-3.84));
#10314=CARTESIAN_POINT('',(-2.33107510106449,5.1,-3.84));
#10315=CARTESIAN_POINT('',(-2.33107510106449,1.6,-3.84));
#10316=CARTESIAN_POINT('Origin',(-2.33107510106449,1.6,3.83999999999999));
#10317=CARTESIAN_POINT('',(-2.33107510106449,1.6,1.92));
#10318=CARTESIAN_POINT('',(-2.33107510106449,5.1,3.83999999999999));
#10319=CARTESIAN_POINT('Origin',(-3.29107510106448,5.1,-9.99200722162641E-15));
#10320=CARTESIAN_POINT('Origin',(0.,1.6,0.));
#10321=CARTESIAN_POINT('',(4.30234551855796,1.6,-3.82980718038706));
#10322=CARTESIAN_POINT('',(4.31999999999999,1.6,-3.80988188793302));
#10323=CARTESIAN_POINT('Origin',(0.,1.6,0.));
#10324=CARTESIAN_POINT('',(4.30234551855796,5.1,-3.82980718038706));
#10325=CARTESIAN_POINT('',(4.30234551855796,1.6,-3.82980718038706));
#10326=CARTESIAN_POINT('',(4.31999999999999,5.1,-3.80988188793302));
#10327=CARTESIAN_POINT('Origin',(0.,5.1,0.));
#10328=CARTESIAN_POINT('',(4.31999999999999,1.6,-3.80988188793302));
#10329=CARTESIAN_POINT('Origin',(4.32,1.6,3.80988188793301));
#10330=CARTESIAN_POINT('',(4.32,1.6,3.80988188793301));
#10331=CARTESIAN_POINT('',(4.32,1.6,1.90494094396651));
#10332=CARTESIAN_POINT('',(4.32,5.1,3.80988188793301));
#10333=CARTESIAN_POINT('',(4.32,5.1,3.83999999999999));
#10334=CARTESIAN_POINT('',(4.32,1.6,3.80988188793301));
#10335=CARTESIAN_POINT('Origin',(0.,1.6,0.));
#10336=CARTESIAN_POINT('',(4.30234551855798,1.6,3.82980718038704));
#10337=CARTESIAN_POINT('Origin',(0.,1.6,0.));
#10338=CARTESIAN_POINT('',(4.30234551855798,5.1,3.82980718038704));
#10339=CARTESIAN_POINT('Origin',(0.,5.1,0.));
#10340=CARTESIAN_POINT('',(4.30234551855798,1.6,3.82980718038704));
#10341=CARTESIAN_POINT('Origin',(-2.33107510106449,1.6,-1.16739951039335E-14));
#10342=CARTESIAN_POINT('',(-1.4569219381653,1.6,0.504692563912796));
#10343=CARTESIAN_POINT('',(-2.33107510106449,5.1,-1.16573417585641E-14));
#10344=CARTESIAN_POINT('',(-2.33107510106449,1.6,-1.17239551400416E-14));
#10345=CARTESIAN_POINT('Origin',(4.30234551855796,1.6,-3.82980718038706));
#10346=CARTESIAN_POINT('',(1.85978837164591,1.6,-2.41959615410634));
#10347=CARTESIAN_POINT('',(4.31999999999999,5.1,-3.84000000000002));
#10348=CARTESIAN_POINT('Origin',(0.994462449467756,5.1,-1.08246744900953E-14));
#10349=CARTESIAN_POINT('Origin',(10.5,1.4,-1.28587913910472E-15));
#10350=CARTESIAN_POINT('',(8.75,1.4,-1.50019232895551E-15));
#10351=CARTESIAN_POINT('Origin',(10.5,1.4,-1.28587913910472E-15));
#10352=CARTESIAN_POINT('',(8.75,0.,-1.07156594925393E-15));
#10353=CARTESIAN_POINT('',(8.75,1.4,-1.50019232895551E-15));
#10354=CARTESIAN_POINT('Origin',(10.5,0.,-1.28587913910472E-15));
#10355=CARTESIAN_POINT('Origin',(-10.5,1.4,1.28587913910472E-15));
#10356=CARTESIAN_POINT('',(-12.25,1.4,1.07156594925393E-15));
#10357=CARTESIAN_POINT('Origin',(-10.5,1.4,1.28587913910472E-15));
#10358=CARTESIAN_POINT('',(-12.25,0.,1.50019232895551E-15));
#10359=CARTESIAN_POINT('',(-12.25,1.4,1.07156594925393E-15));
#10360=CARTESIAN_POINT('Origin',(-10.5,0.,1.28587913910472E-15));
#10361=CARTESIAN_POINT('Origin',(-12.6464466094067,0.,-5.64644660940673));
#10362=CARTESIAN_POINT('',(-14.5,1.4,-3.79289321881345));
#10363=CARTESIAN_POINT('',(-10.7928932188135,1.4,-7.5));
#10364=CARTESIAN_POINT('',(-10.8964466094067,1.4,-7.39644660940673));
#10365=CARTESIAN_POINT('',(-10.7928932188135,0.,-7.5));
#10366=CARTESIAN_POINT('',(-10.7928932188135,0.,-7.5));
#10367=CARTESIAN_POINT('',(-14.5,0.,-3.79289321881345));
#10368=CARTESIAN_POINT('',(-10.8964466094067,0.,-7.39644660940673));
#10369=CARTESIAN_POINT('',(-14.5,0.,-3.79289321881346));
#10370=CARTESIAN_POINT('Origin',(-14.5,0.,-8.));
#10371=CARTESIAN_POINT('',(-14.5,0.,3.79289321881345));
#10372=CARTESIAN_POINT('',(-14.5,0.,-4.));
#10373=CARTESIAN_POINT('',(-14.5,1.4,3.79289321881345));
#10374=CARTESIAN_POINT('',(-14.5,0.,3.79289321881345));
#10375=CARTESIAN_POINT('',(-14.5,1.4,-4.));
#10376=CARTESIAN_POINT('Origin',(4.44089209850063E-15,0.,0.));
#10377=CARTESIAN_POINT('',(10.7928932188135,0.,-7.5));
#10378=CARTESIAN_POINT('',(7.5,0.,-7.5));
#10379=CARTESIAN_POINT('',(14.5,0.,-3.79289321881345));
#10380=CARTESIAN_POINT('',(10.8964466094067,0.,-7.39644660940673));
#10381=CARTESIAN_POINT('',(14.5,0.,3.79289321881345));
#10382=CARTESIAN_POINT('',(14.5,0.,4.));
#10383=CARTESIAN_POINT('',(10.7928932188135,0.,7.5));
#10384=CARTESIAN_POINT('',(10.8964466094067,0.,7.39644660940673));
#10385=CARTESIAN_POINT('',(-10.7928932188135,0.,7.5));
#10386=CARTESIAN_POINT('',(-7.5,0.,7.5));
#10387=CARTESIAN_POINT('',(-10.8964466094067,0.,7.39644660940673));
#10388=CARTESIAN_POINT('',(1.75,0.,-2.14313189850787E-16));
#10389=CARTESIAN_POINT('Origin',(0.,0.,0.));
#10390=CARTESIAN_POINT('Origin',(-12.6464466094067,0.,5.64644660940673));
#10391=CARTESIAN_POINT('',(-10.7928932188135,1.4,7.5));
#10392=CARTESIAN_POINT('',(-10.8964466094067,1.4,7.39644660940673));
#10393=CARTESIAN_POINT('',(-10.7928932188135,0.,7.5));
#10394=CARTESIAN_POINT('Origin',(-15.,0.,7.5));
#10395=CARTESIAN_POINT('',(10.7928932188135,1.4,7.5));
#10396=CARTESIAN_POINT('',(10.7928932188135,0.,7.5));
#10397=CARTESIAN_POINT('',(-7.5,1.4,7.5));
#10398=CARTESIAN_POINT('Origin',(12.6464466094067,0.,-5.64644660940672));
#10399=CARTESIAN_POINT('',(10.7928932188135,1.4,-7.5));
#10400=CARTESIAN_POINT('',(14.5,1.4,-3.79289321881345));
#10401=CARTESIAN_POINT('',(10.8964466094067,1.4,-7.39644660940673));
#10402=CARTESIAN_POINT('',(14.5,0.,-3.79289321881345));
#10403=CARTESIAN_POINT('',(10.7928932188135,0.,-7.5));
#10404=CARTESIAN_POINT('Origin',(15.,0.,-7.5));
#10405=CARTESIAN_POINT('',(7.5,1.4,-7.5));
#10406=CARTESIAN_POINT('Origin',(12.6464466094067,0.,5.64644660940673));
#10407=CARTESIAN_POINT('',(14.5,1.4,3.79289321881345));
#10408=CARTESIAN_POINT('',(10.8964466094067,1.4,7.39644660940673));
#10409=CARTESIAN_POINT('',(14.5,0.,3.79289321881345));
#10410=CARTESIAN_POINT('Origin',(0.,0.,0.));
#10411=CARTESIAN_POINT('',(1.75,-0.75,-2.14313189850787E-16));
#10412=CARTESIAN_POINT('',(1.75,0.,-2.14313189850787E-16));
#10413=CARTESIAN_POINT('Origin',(0.,-0.75,0.));
#10414=CARTESIAN_POINT('Origin',(0.,-0.75,0.));
#10415=CARTESIAN_POINT('Origin',(-6.,0.,6.));
#10416=CARTESIAN_POINT('',(6.,1.4,6.));
#10417=CARTESIAN_POINT('',(-6.,1.4,6.));
#10418=CARTESIAN_POINT('',(-3.,1.4,6.));
#10419=CARTESIAN_POINT('',(6.,1.6,6.));
#10420=CARTESIAN_POINT('',(6.,0.,6.));
#10421=CARTESIAN_POINT('',(-6.,1.6,6.));
#10422=CARTESIAN_POINT('',(-6.,1.6,6.));
#10423=CARTESIAN_POINT('',(-6.,0.,6.));
#10424=CARTESIAN_POINT('Origin',(6.,0.,6.));
#10425=CARTESIAN_POINT('',(6.,1.4,-6.));
#10426=CARTESIAN_POINT('',(6.,1.4,3.));
#10427=CARTESIAN_POINT('',(6.,1.6,-6.));
#10428=CARTESIAN_POINT('',(6.,0.,-6.));
#10429=CARTESIAN_POINT('',(6.,1.6,6.));
#10430=CARTESIAN_POINT('Origin',(-6.,0.,-6.));
#10431=CARTESIAN_POINT('',(-6.,1.4,-6.));
#10432=CARTESIAN_POINT('',(-6.,1.4,-3.));
#10433=CARTESIAN_POINT('',(-6.,1.6,-6.));
#10434=CARTESIAN_POINT('',(-6.,1.6,-6.));
#10435=CARTESIAN_POINT('',(-6.,0.,-6.));
#10436=CARTESIAN_POINT('Origin',(6.,0.,-6.));
#10437=CARTESIAN_POINT('',(3.,1.4,-6.));
#10438=CARTESIAN_POINT('',(6.,1.6,-6.));
#10439=CARTESIAN_POINT('Origin',(1.11022302462516E-15,1.6,-1.11022302462516E-15));
#10440=CARTESIAN_POINT('Origin',(14.5,0.,8.));
#10441=CARTESIAN_POINT('',(14.5,1.4,4.));
#10442=CARTESIAN_POINT('Origin',(4.44089209850063E-15,1.4,0.));
#10443=CARTESIAN_POINT('',(-21.2928743819176,-75.5647628001228,20.3315862021991));
#10444=CARTESIAN_POINT('',(-74.2928743819175,-68.2147628001228,-10.6684137978008));
#10445=CARTESIAN_POINT('',(-20.2928743819176,-58.1147628001227,21.3315862021991));
#10446=CARTESIAN_POINT('',(-74.2928743819175,-53.2147628001226,21.3315862021988));
#10447=CARTESIAN_POINT('',(-29.2928743819175,-54.6147628001227,5.33158620219905));
#10448=CARTESIAN_POINT('',(-47.2928743819175,-54.6147628001227,5.33158620219906));
#10449=CARTESIAN_POINT('',(-65.2928743819174,-54.3147628001226,5.15445807298788));
#10450=CARTESIAN_POINT('Origin',(0.,0.,0.));
#10451=UNCERTAINTY_MEASURE_WITH_UNIT(LENGTH_MEASURE(0.01),#10467,
'DISTANCE_ACCURACY_VALUE',
'Maximum model space distance between geometric entities at asserted c
onnectivities');
#10452=UNCERTAINTY_MEASURE_WITH_UNIT(LENGTH_MEASURE(0.01),#10467,
'DISTANCE_ACCURACY_VALUE',
'Maximum model space distance between geometric entities at asserted c
onnectivities');
#10453=UNCERTAINTY_MEASURE_WITH_UNIT(LENGTH_MEASURE(0.01),#10467,
'DISTANCE_ACCURACY_VALUE',
'Maximum model space distance between geometric entities at asserted c
onnectivities');
#10454=UNCERTAINTY_MEASURE_WITH_UNIT(LENGTH_MEASURE(0.01),#10467,
'DISTANCE_ACCURACY_VALUE',
'Maximum model space distance between geometric entities at asserted c
onnectivities');
#10455=UNCERTAINTY_MEASURE_WITH_UNIT(LENGTH_MEASURE(0.01),#10467,
'DISTANCE_ACCURACY_VALUE',
'Maximum model space distance between geometric entities at asserted c
onnectivities');
#10456=UNCERTAINTY_MEASURE_WITH_UNIT(LENGTH_MEASURE(0.01),#10467,
'DISTANCE_ACCURACY_VALUE',
'Maximum model space distance between geometric entities at asserted c
onnectivities');
#10457=UNCERTAINTY_MEASURE_WITH_UNIT(LENGTH_MEASURE(0.01),#10467,
'DISTANCE_ACCURACY_VALUE',
'Maximum model space distance between geometric entities at asserted c
onnectivities');
#10458=UNCERTAINTY_MEASURE_WITH_UNIT(LENGTH_MEASURE(0.01),#10467,
'DISTANCE_ACCURACY_VALUE',
'Maximum model space distance between geometric entities at asserted c
onnectivities');
#10459=(
GEOMETRIC_REPRESENTATION_CONTEXT(3)
GLOBAL_UNCERTAINTY_ASSIGNED_CONTEXT((#10451))
GLOBAL_UNIT_ASSIGNED_CONTEXT((#10467,#10469,#10470))
REPRESENTATION_CONTEXT('','3D')
);
#10460=(
GEOMETRIC_REPRESENTATION_CONTEXT(3)
GLOBAL_UNCERTAINTY_ASSIGNED_CONTEXT((#10452))
GLOBAL_UNIT_ASSIGNED_CONTEXT((#10467,#10469,#10470))
REPRESENTATION_CONTEXT('','3D')
);
#10461=(
GEOMETRIC_REPRESENTATION_CONTEXT(3)
GLOBAL_UNCERTAINTY_ASSIGNED_CONTEXT((#10453))
GLOBAL_UNIT_ASSIGNED_CONTEXT((#10467,#10469,#10470))
REPRESENTATION_CONTEXT('','3D')
);
#10462=(
GEOMETRIC_REPRESENTATION_CONTEXT(3)
GLOBAL_UNCERTAINTY_ASSIGNED_CONTEXT((#10454))
GLOBAL_UNIT_ASSIGNED_CONTEXT((#10467,#10469,#10470))
REPRESENTATION_CONTEXT('','3D')
);
#10463=(
GEOMETRIC_REPRESENTATION_CONTEXT(3)
GLOBAL_UNCERTAINTY_ASSIGNED_CONTEXT((#10455))
GLOBAL_UNIT_ASSIGNED_CONTEXT((#10467,#10469,#10470))
REPRESENTATION_CONTEXT('','3D')
);
#10464=(
GEOMETRIC_REPRESENTATION_CONTEXT(3)
GLOBAL_UNCERTAINTY_ASSIGNED_CONTEXT((#10456))
GLOBAL_UNIT_ASSIGNED_CONTEXT((#10467,#10469,#10470))
REPRESENTATION_CONTEXT('','3D')
);
#10465=(
GEOMETRIC_REPRESENTATION_CONTEXT(3)
GLOBAL_UNCERTAINTY_ASSIGNED_CONTEXT((#10457))
GLOBAL_UNIT_ASSIGNED_CONTEXT((#10467,#10469,#10470))
REPRESENTATION_CONTEXT('','3D')
);
#10466=(
GEOMETRIC_REPRESENTATION_CONTEXT(3)
GLOBAL_UNCERTAINTY_ASSIGNED_CONTEXT((#10458))
GLOBAL_UNIT_ASSIGNED_CONTEXT((#10467,#10469,#10470))
REPRESENTATION_CONTEXT('','3D')
);
#10467=(
LENGTH_UNIT()
NAMED_UNIT(*)
SI_UNIT(.MILLI.,.METRE.)
);
#10468=(
LENGTH_UNIT()
NAMED_UNIT(*)
SI_UNIT(.CENTI.,.METRE.)
);
#10469=(
NAMED_UNIT(*)
PLANE_ANGLE_UNIT()
SI_UNIT($,.RADIAN.)
);
#10470=(
NAMED_UNIT(*)
SI_UNIT($,.STERADIAN.)
SOLID_ANGLE_UNIT()
);
#10471=SHAPE_DEFINITION_REPRESENTATION(#10478,#10492);
#10472=SHAPE_DEFINITION_REPRESENTATION(#10479,#10493);
#10473=SHAPE_DEFINITION_REPRESENTATION(#10480,#10494);
#10474=SHAPE_DEFINITION_REPRESENTATION(#10481,#10495);
#10475=SHAPE_DEFINITION_REPRESENTATION(#10482,#10496);
#10476=SHAPE_DEFINITION_REPRESENTATION(#10483,#10497);
#10477=SHAPE_DEFINITION_REPRESENTATION(#10484,#10498);
#10478=PRODUCT_DEFINITION_SHAPE('',$,#10500);
#10479=PRODUCT_DEFINITION_SHAPE('',$,#10501);
#10480=PRODUCT_DEFINITION_SHAPE('',$,#10502);
#10481=PRODUCT_DEFINITION_SHAPE('',$,#10503);
#10482=PRODUCT_DEFINITION_SHAPE('',$,#10504);
#10483=PRODUCT_DEFINITION_SHAPE('',$,#10505);
#10484=PRODUCT_DEFINITION_SHAPE('',$,#10506);
#10485=PRODUCT_DEFINITION_SHAPE($,$,#41);
#10486=PRODUCT_DEFINITION_SHAPE($,$,#42);
#10487=PRODUCT_DEFINITION_SHAPE($,$,#43);
#10488=PRODUCT_DEFINITION_SHAPE($,$,#44);
#10489=PRODUCT_DEFINITION_SHAPE($,$,#45);
#10490=PRODUCT_DEFINITION_SHAPE($,$,#46);
#10491=PRODUCT_DEFINITION_SHAPE($,$,#47);
#10492=SHAPE_REPRESENTATION('',(#6218,#6645,#6646,#6647,#6648,#6649,#6650,
#6651),#10459);
#10493=SHAPE_REPRESENTATION('',(#6219),#10460);
#10494=SHAPE_REPRESENTATION('',(#6339),#10461);
#10495=SHAPE_REPRESENTATION('',(#6419),#10462);
#10496=SHAPE_REPRESENTATION('',(#6502),#10463);
#10497=SHAPE_REPRESENTATION('',(#6562),#10464);
#10498=SHAPE_REPRESENTATION('',(#6603),#10465);
#10499=PRODUCT_DEFINITION_CONTEXT('part definition',#10522,'design');
#10500=PRODUCT_DEFINITION('main','main',#10507,#10499);
#10501=PRODUCT_DEFINITION('rama','rama',#10508,#10499);
#10502=PRODUCT_DEFINITION('flor','flor',#10509,#10499);
#10503=PRODUCT_DEFINITION('button_bottom','button_bottom',#10510,#10499);
#10504=PRODUCT_DEFINITION('button_top','button_top',#10511,#10499);
#10505=PRODUCT_DEFINITION('guzik_szablon','guzik_szablon',#10512,#10499);
#10506=PRODUCT_DEFINITION('guzik','guzik',#10513,#10499);
#10507=PRODUCT_DEFINITION_FORMATION('',$,#10524);
#10508=PRODUCT_DEFINITION_FORMATION('',$,#10525);
#10509=PRODUCT_DEFINITION_FORMATION('',$,#10526);
#10510=PRODUCT_DEFINITION_FORMATION('',$,#10527);
#10511=PRODUCT_DEFINITION_FORMATION('',$,#10528);
#10512=PRODUCT_DEFINITION_FORMATION('',$,#10529);
#10513=PRODUCT_DEFINITION_FORMATION('',$,#10530);
#10514=PRODUCT_RELATED_PRODUCT_CATEGORY('main','main',(#10524));
#10515=PRODUCT_RELATED_PRODUCT_CATEGORY('rama','rama',(#10525));
#10516=PRODUCT_RELATED_PRODUCT_CATEGORY('flor','flor',(#10526));
#10517=PRODUCT_RELATED_PRODUCT_CATEGORY('button_bottom','button_bottom',
(#10527));
#10518=PRODUCT_RELATED_PRODUCT_CATEGORY('button_top','button_top',(#10528));
#10519=PRODUCT_RELATED_PRODUCT_CATEGORY('guzik_szablon','guzik_szablon',
(#10529));
#10520=PRODUCT_RELATED_PRODUCT_CATEGORY('guzik','guzik',(#10530));
#10521=APPLICATION_PROTOCOL_DEFINITION('international standard',
'automotive_design',2009,#10522);
#10522=APPLICATION_CONTEXT(
'Core Data for Automotive Mechanical Design Process');
#10523=PRODUCT_CONTEXT('part definition',#10522,'mechanical');
#10524=PRODUCT('main','main',$,(#10523));
#10525=PRODUCT('rama','rama',$,(#10523));
#10526=PRODUCT('flor','flor',$,(#10523));
#10527=PRODUCT('button_bottom','button_bottom',$,(#10523));
#10528=PRODUCT('button_top','button_top',$,(#10523));
#10529=PRODUCT('guzik_szablon','guzik_szablon',$,(#10523));
#10530=PRODUCT('guzik','guzik',$,(#10523));
#10531=PRESENTATION_STYLE_ASSIGNMENT((#10537));
#10532=PRESENTATION_STYLE_ASSIGNMENT((#10538));
#10533=PRESENTATION_STYLE_ASSIGNMENT((#10539));
#10534=PRESENTATION_STYLE_ASSIGNMENT((#10540));
#10535=PRESENTATION_STYLE_ASSIGNMENT((#10541));
#10536=PRESENTATION_STYLE_ASSIGNMENT((NULL_STYLE(.NULL.)));
#10537=SURFACE_STYLE_USAGE(.BOTH.,#10548);
#10538=SURFACE_STYLE_USAGE(.BOTH.,#10549);
#10539=SURFACE_STYLE_USAGE(.BOTH.,#10550);
#10540=SURFACE_STYLE_USAGE(.BOTH.,#10551);
#10541=SURFACE_STYLE_USAGE(.BOTH.,#10552);
#10542=SURFACE_STYLE_RENDERING_WITH_PROPERTIES($,#10568,(#10545));
#10543=SURFACE_STYLE_RENDERING_WITH_PROPERTIES($,#10569,(#10546));
#10544=SURFACE_STYLE_RENDERING_WITH_PROPERTIES($,#10570,(#10547));
#10545=SURFACE_STYLE_TRANSPARENT(0.);
#10546=SURFACE_STYLE_TRANSPARENT(0.);
#10547=SURFACE_STYLE_TRANSPARENT(0.);
#10548=SURFACE_SIDE_STYLE('',(#10553,#10542));
#10549=SURFACE_SIDE_STYLE('',(#10554,#10543));
#10550=SURFACE_SIDE_STYLE('',(#10555,#10544));
#10551=SURFACE_SIDE_STYLE('',(#10556));
#10552=SURFACE_SIDE_STYLE('',(#10557));
#10553=SURFACE_STYLE_FILL_AREA(#10558);
#10554=SURFACE_STYLE_FILL_AREA(#10559);
#10555=SURFACE_STYLE_FILL_AREA(#10560);
#10556=SURFACE_STYLE_FILL_AREA(#10561);
#10557=SURFACE_STYLE_FILL_AREA(#10562);
#10558=FILL_AREA_STYLE('',(#10563));
#10559=FILL_AREA_STYLE('',(#10564));
#10560=FILL_AREA_STYLE('',(#10565));
#10561=FILL_AREA_STYLE('',(#10566));
#10562=FILL_AREA_STYLE('',(#10567));
#10563=FILL_AREA_STYLE_COLOUR('',#10568);
#10564=FILL_AREA_STYLE_COLOUR('',#10569);
#10565=FILL_AREA_STYLE_COLOUR('',#10570);
#10566=FILL_AREA_STYLE_COLOUR('',#10571);
#10567=FILL_AREA_STYLE_COLOUR('',#10572);
#10568=COLOUR_RGB('',0.0196078431372549,0.0196078431372549,0.0196078431372549);
#10569=COLOUR_RGB('',0.698039215686274,0.,0.);
#10570=COLOUR_RGB('',0.749019607843137,0.749019607843137,0.749019607843137);
#10571=COLOUR_RGB('',0.203921568627451,0.529411764705882,0.305882352941176);
#10572=COLOUR_RGB('',0.,0.,0.729411764705882);
ENDSEC;
END-ISO-10303-21;
